Nombre,Provincia,Término_M,Duchas,Aseos,Acceso_dis,Bandera_az,Longitud,X,Y,Grado_ocup,Grado_urba
La Venus,Málaga,Marbella,Sí,Sí,Sí,No,650 metros,-543984.955699999,4370554.5289,Alto,Urbana
Las Cañas,Málaga,Marbella,Sí,Sí,No,No,1.100 metros,-529891.908100002,4367771.1701,Medio,Urbana
Calahonda,Málaga,Mijas,Sí,Sí,Sí,Sí,3.500 metros,-524448.385000002,4367937.3205,Medio / Alto,Urbana
El Charcón,Málaga,Mijas,Sí,No,No,No,800 metros,-517145.826400001,4370637.6254,Bajo,Semiurbana
L'Espigó,Alicante/Alacant,Altea,No,Sí,Sí,Sí,600 metros,-4975.98119999841,4664877.7545,Alto,Urbana
Canabal,Pontevedra,Cangas,Sí,No,Sí,No,350 metros,-975225.530999999,5200276.8452,Medio,Semiurbana
Urbasur,Huelva,Isla Cristina,Sí,Sí,Sí,No,1.100 metros,-806821.405400001,4467496.1731,Medio,Semiurbana
Santo Tomé,Pontevedra,Cambados,Sí,Sí,No,No,115 metros,-981492.818399999,5237608.2718,Medio,Urbana
Las Amoladeras,Almería,Almería,No,No,No,No,3.750 metros,-253619.195900001,4412878.6906,Bajo,Aislada
Las Olas,Almería,Almería,No,No,No,No,250 metros,-276940.6292,4415646.0126,Bajo,Semiurbana
Las Salinas de Cabo de Gata,Almería,Almería,No,No,No,No,2.500 metros,-248420.5757,4406526.3056,Medio,Aislada
Nueva Almería,Almería,Almería,Sí,Sí,Sí,Sí,1.500 metros,-271318.994899999,4413671.2671,Alto,Urbana
Retamar,Almería,Almería,Sí,Sí,Sí,No,1.250 metros,-257671.225299999,4415687.7365,Alto,Urbana
Zapillo,Almería,Almería,Sí,Sí,Sí,No,1.550 metros,-272688.224599998,4414825.4752,Alto,Urbana
San Miguel de Cabo de Gata,Almería,Almería,Sí,Sí,Sí,Sí,2.500 metros,-249956.784600001,4408513.6249,Alto,Urbana
San Telmo,Almería,Almería,No,No,No,No,100 metros,-277653.073899999,4415242.6897,Bajo,Aislada
Torregarcía,Almería,Almería,No,No,No,No,1.800 metros,-256034.8288,4414728.1275,Bajo,Aislada
Balanegra,Almería,Balanegra,Sí,Sí,Sí,Sí,2.600 metros,-323795.002900001,4403552.9673,Medio,Semiurbana
El Algarrobico,Almería,Carboneras,No,No,No,No,1.350 metros,-208924.420299999,4443805.1741,Bajo,Aislada
El Ancón,Almería,Carboneras,Sí,Sí,Sí,Sí,1.700 metros,-210293.6501,4439552.8352,Alto,Urbana
La Galera,Almería,Carboneras,No,No,No,No,800 metros,-209213.851,4442438.6627,Bajo,Aislada
Las Marinicas,Almería,Carboneras,Sí,Sí,Sí,Sí,1.330 metros,-211696.275600001,4437002.2508,Alto,Urbana
Las Doradas,Málaga,Mijas,Sí,Sí,Sí,No,800 metros,-519750.702500001,4370235.9985,Bajo,Semiurbana
Calahonda,Málaga,Marbella,Sí,Sí,No,No,670 metros,-527298.164000001,4367646.559,Medio,Semiurbana
El Ejido,Málaga,Mijas,Sí,Sí,Sí,No,350 metros,-515598.4855,4371814.8942,Bajo,Aislada
El Puertito,Santa Cruz de Tenerife,Güímar,Sí,Sí,Sí,No,100 metros,-1823034.7729,3285876.3653,Alto,Urbana
Platja de la Cadena,Girona,Palamós,No,No,No,No,150 metros,353461.6472,5141002.7211,Bajo,Aislada
O Salto,A Coruña,Muros,No,No,No,No,89 metros,-1005782.7313,5280380.6945,Bajo,Aislada
Fábrica del Duro,Almería,Cuevas del Almanzora,No,No,No,No,600 metros,-197970.582400002,4472430.9213,Bajo,Aislada
Peñón Cortado,Almería,Cuevas del Almanzora,No,No,No,No,110 metros,-194297.0392,4477312.024,Bajo,Aislada
Pozo del Esparto,Almería,Cuevas del Almanzora,Sí,Sí,Sí,No,1.200 metros,-188508.425700001,4485456.8933,Medio,Urbana
Quitapellejos,Almería,Cuevas del Almanzora,Sí,Sí,Sí,No,1.400 metros,-199529.055300001,4471815.6992,Bajo,Aislada
Sant Vicenç de Montalt,Barcelona,Sant Vicenç de Montalt,Sí,Sí,Sí,No,1.240 metros,279768.144299999,5095548.6747,Medio,Urbana
Platja de les Dunes,Barcelona,Santa Susanna,Sí,Sí,Sí,No,1.140 metros,301564.500599999,5105328.1514,Medio,Semiurbana
Cala Cerrada,Almería,Pulpí,No,Sí,No,No,150 metros,-181528.693599999,4491548.6746,Alto,Aislada
Cala Cuartel,Almería,Pulpí,No,No,Sí,No,75 metros,-184545.4518,4489069.5238,Medio,Urbana
Cala de la Tía Antonia,Almería,Pulpí,No,No,Sí,No,75 metros,-185024.125599999,4489153.5532,Medio,Urbana
Calipso,Almería,Pulpí,Sí,Sí,Sí,Sí,250 metros,-186582.598499998,4488523.3488,Alto,Urbana
Kanala,Bizkaia,Sukarrieta,No,No,No,No,70 metros,-298581.1382,5371232.4356,Bajo,Aislada
Santa Pura,Huelva,Lepe,No,No,No,No,2.500 metros,-799875.0691,4467943.4206,Bajo,Aislada
Casita Azul,Huelva,Isla Cristina,Sí,Sí,Sí,No,1.300 metros,-811519.087900002,4466937.1405,Medio,Aislada
Gaviota,Huelva,Isla Cristina,Sí,Sí,Sí,No,440 metros,-815125.839400001,4465735.3206,Medio,Urbana
Del Hoyo,Huelva,Isla Cristina,Sí,Sí,No,No,650 metros,-812187.004799999,4466825.3375,Medio,Aislada
Icona,Huelva,Isla Cristina,Sí,Sí,No,No,550 metros,-809882.691399999,4467286.5324,Bajo,Aislada
Islantilla,Huelva,Isla Cristina,Sí,Sí,Sí,Sí,1.400 metros,-805541.231199998,4467607.9832,Alto,Urbana
Central,Huelva,Isla Cristina,Sí,Sí,Sí,No,1.100 metros,-813222.276099999,4466461.986,Alto,Urbana
Virxe das Mareas,Pontevedra,O Grove,No,No,No,No,80 metros,-989730.460700002,5235237.7091,Bajo,Urbana
La Habana,Almería,Adra,No,No,No,No,4.300 metros,-330017.762400001,4403177.8854,Bajo,Aislada
La Juana,Almería,Adra,No,No,No,No,1.050 metros,-347283.415399998,4404386.5299,Bajo,Aislada
Playa de Poniente,Almería,Adra,Sí,Sí,Sí,Sí,1.100 metros,-336730.3277,4403566.8595,Alto,Urbana
San Nicolás,Almería,Adra,Sí,Sí,Sí,Sí,600 metros,-335539.209100001,4403580.7517,Alto,Urbana
Costacabana,Almería,Almería,Sí,Sí,Sí,No,1.200 metros,-265018.311700001,4416369.2505,Alto,Urbana
El Bobar,Almería,Almería,No,No,Sí,No,1.300 metros,-268936.757800002,4413740.7941,Bajo,Aislada
El Perdigal,Almería,Almería,No,No,No,No,2.450 metros,-263760.401500002,4416953.4401,Bajo,Aislada
El Toyo,Almería,Almería,Sí,Sí,Sí,No,1.300 metros,-259218.566300001,4416383.1594,Bajo,Urbana
La Almadraba de Monteleva,Almería,Almería,Sí,No,Sí,No,660 metros,-246850.970800001,4404219.8122,Medio,Semiurbana
La Fabriquilla,Almería,Almería,Sí,No,Sí,No,600 metros,-245815.6996,4402733.361,Medio,Semiurbana
La Garrofa,Almería,Almería,No,No,No,No,150 metros,-280090.970800001,4414811.5684,Medio,Aislada
Bellamar,Barcelona,Premià de Mar,Sí,Sí,No,No,260 metros,263103.616500001,5084842.8516,Alto,Urbana
Platja de Llevant,Barcelona,Premià de Mar,Sí,Sí,Sí,No,620 metros,263827.1932,5085065.7681,Medio,Semiurbana
Platja del Litoral,Barcelona,Sant Adrià de Besòs,Sí,Sí,Sí,No,250 metros,248776.798,5074920.8621,Alto,Urbana
L'Estació,Barcelona,Sant Andreu de Llavaneres,Sí,Sí,Sí,No,170 metros,278176.2755,5094596.5633,Alto,Semiurbana
La Victoria,Cádiz,Cádiz,Sí,Sí,Sí,Sí,2.800 metros,-699130.93,4370651.4748,Alto,Urbana
Santa María del Mar,Cádiz,Cádiz,Sí,Sí,Sí,Sí,900 metros,-699943.5623,4372078.0661,Medio,Urbana
Los Barquicos,Almería,Carboneras,Sí,Sí,Sí,Sí,600 metros,-211006.094799999,4438326.2481,Medio,Urbana
Cala Junco,Almería,Adra,No,No,No,No,480 metros,-341016.1281,4403914.1698,Bajo,Aislada
Censo,Almería,Adra,Sí,Sí,Sí,Sí,500 metros,-335004.875599999,4403261.2358,Bajo,Semiurbana
El Lance de la Virgen,Almería,Adra,Sí,No,No,No,490 metros,-339546.7108,4403928.0624,Bajo,Semiurbana
Guainos,Almería,Adra,No,No,No,No,1.420 metros,-341528.197799999,4403803.0293,Bajo,Semiurbana
La Alcazaba,Almería,Adra,No,No,No,No,500 metros,-344522.6921,4404025.3115,Bajo,Semiurbana
La Caracola,Almería,Adra,Sí,No,No,No,350 metros,-337743.335099999,4403955.8478,Medio,Semiurbana
La Gaviota,Almería,Adra,No,No,No,No,500 metros,-338511.439599998,4403941.9551,Bajo,Aislada
Los Muertos,Almería,Carboneras,No,No,No,No,1.160 metros,-211351.185199998,4432543.6864,Bajo,Aislada
Cabezo Negro,Almería,Cuevas del Almanzora,No,No,No,No,50 metros,-190078.030499998,4481775.5274,Bajo,Aislada
Cala Cristal,Almería,Cuevas del Almanzora,No,No,No,No,170 metros,-193540.0667,4478193.381,Bajo,Aislada
Cala de la Dolores,Almería,Cuevas del Almanzora,No,Sí,No,No,150 metros,-196456.637400001,4474556.5104,Bajo,Aislada
Cala Invencible,Almería,Cuevas del Almanzora,No,No,No,No,400 metros,-195443.629999999,4476136.996,Bajo,Aislada
Cala Panizo,Almería,Cuevas del Almanzora,Sí,No,No,No,750 metros,-189176.342700001,4483972.9939,Medio,Semiurbana
El Calón,Almería,Cuevas del Almanzora,Sí,No,No,No,500 metros,-189911.0513,4482321.352,Bajo,Semiurbana
Embarcadero Viejo,Almería,Cuevas del Almanzora,No,No,No,No,100 metros,-192738.566399999,4478948.8886,Bajo,Aislada
Villaricos,Almería,Cuevas del Almanzora,Sí,Sí,Sí,No,550 metros,-196946.443100002,4473997.1033,Medio,Urbana
Levante Almerimar,Almería,El Ejido,Sí,Sí,Sí,Sí,1.000 metros,-309813.274799999,4396206.542,Medio / Alto,Urbana
Poniente Almerimar,Almería,El Ejido,Sí,Sí,Sí,Sí,1.950 metros,-312017.400699999,4397775.3914,Medio / Alto,Urbana
Balerma,Almería,El Ejido,Sí,Sí,Sí,Sí,2.090 metros,-321089.939199999,4401038.7817,Medio / Alto,Urbana
Playa Casablanca,Castellón/Castelló,Almenara,Sí,Sí,Sí,Sí,2.610 metros,-20193.3555999994,4827464.1708,Medio,Urbana
Cerrillos,Almería,El Ejido,No,No,No,No,4.500 metros,-298169.256099999,4396275.9552,Bajo,Aislada
Los Baños,Almería,El Ejido,Sí,Sí,No,No,3.000 metros,-316403.388700001,4397122.8331,Bajo,Aislada
Piedra del Moro,Almería,El Ejido,No,No,No,No,3.000 metros,-318306.952,4397428.281,Medio,Aislada
El Palmer,Almería,Enix,Sí,Sí,No,No,700 metros,-281371.144900002,4414547.3413,Medio,Semiurbana
Garrucha,Almería,Garrucha,Sí,Sí,Sí,No,1.500 metros,-202746.1886,4464100.5064,Alto,Urbana
Curumbico,Granada,Almuñécar,Sí,No,No,No,214 metros,-406160.294100001,4403594.6439,Medio,Aislada
El Muerto,Granada,Almuñécar,No,No,No,No,400 metros,-414130.7696,4401830.4779,Medio,Aislada
La Herradura,Granada,Almuñécar,Sí,Sí,Sí,No,2.050 metros,-416924.888900001,4402358.308,Alto,Urbana
Los Berengueles,Granada,Almuñécar,Sí,Sí,No,No,250 metros,-415021.325599998,4400580.4581,Alto,Semiurbana
Pozuelo,Granada,Almuñécar,Sí,Sí,Sí,No,226 metros,-407562.9197,4403733.567,Alto,Urbana
Puerta del Mar,Granada,Almuñécar,Sí,Sí,Sí,Sí,1.140 metros,-410379.3028,4401608.2414,Alto,Urbana
San Cristóbal,Granada,Almuñécar,Sí,Sí,Sí,Sí,1.050 metros,-411592.6853,4401622.1311,Alto,Urbana
Tesorillo,Granada,Almuñécar,Sí,No,Sí,No,90 metros,-407774.4267,4403427.9386,Alto,Urbana
Velilla,Granada,Almuñécar,Sí,Sí,Sí,Sí,1.470 metros,-408286.496399999,4402872.2729,Alto,Urbana
La Rijana,Granada,Gualchos,No,No,No,No,250 metros,-377495.525199998,4398705.7031,Medio,Aislada
Castell de Ferro,Granada,Gualchos,Sí,No,Sí,No,1.300 metros,-373821.982000001,4400330.4717,Alto,Urbana
Cambriles,Granada,Lújar,Sí,No,Sí,No,850 metros,-372942.5581,4401552.683,Bajo,Urbana
Azucenas,Granada,Motril,No,No,No,No,2.100 metros,-389807.460900001,4399080.6277,Bajo,Aislada
Calahonda,Granada,Motril,Sí,Sí,Sí,Sí,1.400 metros,-380167.193,4397386.6285,Alto,Urbana
El Varador,Barcelona,Mataró,Sí,Sí,Sí,No,765 metros,272565.773200002,5091428.4964,Alto,Urbana
El Callao,Barcelona,Mataró,Sí,Sí,Sí,No,400 metros,273267.085999999,5092082.8473,Alto,Urbana
Sant Simó,Barcelona,Mataró,Sí,Sí,No,No,1.000 metros,274079.7183,5092752.1158,Alto,Urbana
Les Moreres,Barcelona,Montgat,Sí,Sí,No,No,160 metros,253463.3486,5081083.77,Medio,Semiurbana
Sant Joan,Barcelona,Montgat,Sí,Sí,Sí,No,584 metros,253886.3627,5081276.8886,Medio,Urbana
Pla de Montgat,Barcelona,Montgat,Sí,Sí,No,No,1.095 metros,254843.710299999,5081826.5551,Medio,Semiurbana
Playa del Pins,Barcelona,Pineda de Mar,Sí,No,No,No,490 metros,300351.118099999,5104717.5731,Alto,Urbana
Platja de Ponent,Barcelona,Premià de Mar,Sí,Sí,Sí,No,310 metros,261444.956099998,5084248.4327,Bajo,Semiurbana
La Descàrrega,Barcelona,Premià de Mar,Sí,Sí,No,No,340 metros,261823.442299999,5084382.1738,Bajo,Urbana
Pla de l'Os,Barcelona,Premià de Mar,Sí,Sí,Sí,No,580 metros,262535.8871,5084664.5221,Alto,Urbana
Les Barques,Barcelona,Sant Andreu de Llavaneres,Sí,Sí,Sí,No,180 metros,278387.782600001,5094760.2008,Alto,Semiurbana
El Balís,Barcelona,Sant Andreu de Llavaneres,No,No,No,No,50 metros,279300.602400001,5095280.8838,Bajo,Semiurbana
Roques Blanques,Barcelona,Sant Pol de Mar,Sí,Sí,No,No,419 metros,289018.793900002,5099953.4169,Medio,Aislada
La Murtra,Barcelona,Sant Pol de Mar,Sí,Sí,No,No,1.258 metros,289675.578899998,5100295.7619,Medio,Aislada
Can Villar,Barcelona,Sant Pol de Mar,Sí,Sí,Sí,No,788 metros,291033.6767,5100891.1734,Medio,Semiurbana
Platja de les Barques,Barcelona,Sant Pol de Mar,Sí,Sí,Sí,Sí,347 metros,292135.739700001,5101427.0753,Alto,Urbana
Les Escaletes,Barcelona,Sant Pol de Mar,Sí,No,No,No,225 metros,292402.906500001,5101441.9619,Medio,Urbana
La Platjola,Barcelona,Sant Pol de Mar,Sí,No,Sí,No,114 metros,292636.6774,5101620.6028,Alto,Semiurbana
El Morer,Barcelona,Sant Pol de Mar,Sí,Sí,Sí,No,270 metros,292825.920499999,5101769.4728,Medio,Aislada
Platja de L'Home Mort,Barcelona,Sitges,No,Sí,No,No,275 metros,196657.012400001,5044964.367,Alto,Aislada
Platja de la Desenrocada,Barcelona,Sitges,No,Sí,No,No,100 metros,196311.921999998,5044845.9704,Alto,Aislada
Les Coves,Barcelona,Sitges,No,No,No,No,500 metros,197580.964200001,5045319.5655,Alto,Aislada
Les Anquines,Barcelona,Sitges,Sí,Sí,Sí,No,160 metros,199039.249499999,5045556.3717,Alto,Urbana
Terramar,Barcelona,Sitges,Sí,Sí,Sí,No,395 metros,199284.152399998,5045881.9898,Alto,Urbana
La Barra,Barcelona,Sitges,Sí,Sí,Sí,Sí,390 metros,199640.3748,5046148.4127,Alto,Urbana
La Riera Xica,Barcelona,Sitges,Sí,Sí,Sí,No,320 metros,199974.333299998,5046385.2392,Alto,Urbana
L'Estanyol,Barcelona,Sitges,Sí,Sí,Sí,No,365 metros,200397.3473,5046622.0715,Alto,Urbana
Macenas,Almería,Mojácar,No,No,No,No,965 metros,-205985.5858,4450528.7475,Medio,Aislada
Cueva del Lobo,Almería,Mojácar,Sí,Sí,No,No,334 metros,-204894.654800002,4455022.8113,Medio,Urbana
El Cantal,Almería,Mojácar,Sí,Sí,Sí,No,780 metros,-203915.043200001,4456572.4501,Alto,Urbana
El Descargador,Almería,Mojácar,Sí,Sí,Sí,Sí,583 metros,-203492.029199999,4458527.2736,Alto,Urbana
El Sombrerico,Almería,Mojácar,No,No,No,No,335 metros,-206764.8222,4447124.579,Bajo,Aislada
La Rumina,Almería,Mojácar,Sí,No,Sí,No,596 metros,-203069.015099999,4460021.5612,Alto,Urbana
La Granatilla,Almería,Mojácar,No,No,No,No,420 metros,-207399.3433,4445548.4293,Bajo,Aislada
Marina de la Torre,Almería,Mojácar,Sí,Sí,Sí,Sí,1.840 metros,-203057.883200001,4461097.0205,Alto,Urbana
Aguamarga,Almería,Níjar,Sí,Sí,Sí,Sí,550 metros,-215336.423,4430593.6535,Alto,Urbana
Ancón de Cabo de Gata,Almería,Níjar,No,No,No,No,450 metros,-244301.754500002,4400844.339,Bajo,Aislada
Cala Arena,Almería,Níjar,No,No,No,No,70 metros,-243110.635899998,4400247.1442,Bajo,Aislada
Calas del Barronal,Almería,Níjar,No,No,No,No,500 metros,-238168.0506,4401497.1249,Bajo,Aislada
Cala Carbón,Almería,Níjar,No,No,No,No,150 metros,-240082.7458,4401511.0144,Bajo,Aislada
Cala Chica,Almería,Níjar,No,No,No,No,225 metros,-236687.5013,4401872.1477,Bajo,Aislada
Cala de Enmedio,Almería,Níjar,No,No,No,No,130 metros,-216661.124899998,4429771.9613,Medio,Aislada
Cala de la Media Luna,Almería,Níjar,No,No,No,No,185 metros,-239559.544199999,4401705.4693,Alto,Aislada
Cala de la Polacra,Almería,Níjar,No,No,No,No,120 metros,-222750.301100001,4417676.7669,Bajo,Aislada
Cala de los Amarillos,Almería,Níjar,No,No,No,No,100 metros,-235874.868999999,4402427.7612,Bajo,Aislada
Cala de Mónsul,Almería,Níjar,No,No,No,No,300 metros,-238913.891100001,4401622.1311,Alto,Aislada
Cala del Carnaje,Almería,Níjar,No,No,No,No,400 metros,-224063.871100001,4416188.4364,Bajo,Aislada
Cala del Cuervo,Almería,Níjar,No,No,No,No,130 metros,-222995.204,4421349.8007,Bajo,Aislada
Cala del Plomo,Almería,Níjar,No,No,No,No,260 metros,-217618.472600002,4428365.4832,Bajo,Aislada
Cala Higuera,Almería,Níjar,No,No,No,No,220 metros,-233236.597100001,4406345.6586,Bajo,Aislada
Cala Príncipe,Almería,Níjar,No,No,No,No,120 metros,-236375.8068,4401983.2681,Bajo,Aislada
Cala Rajá,Almería,Níjar,No,No,No,No,120 metros,-242353.663400002,4400747.1189,Bajo,Aislada
Cala San Pedro,Almería,Níjar,No,No,No,No,225 metros,-220323.536200002,4425622.6906,Bajo,Aislada
El Arco,Almería,Níjar,No,No,No,No,350 metros,-229529.658100002,4412197.4001,Bajo,Aislada
El Embarcadero,Almería,Níjar,No,No,No,No,320 metros,-229574.185899999,4410390.1059,Bajo,Aislada
Las Negras,Almería,Níjar,Sí,Sí,Sí,No,650 metros,-223095.3915,4422198.6747,Alto,Urbana
Los Genoveses,Almería,Níjar,No,No,No,No,1.180 metros,-236186.5636,4403677.9976,Alto,Aislada
Peñón Blanco,Almería,Níjar,Sí,No,No,No,240 metros,-228216.088100001,4413573.9299,Bajo,Aislada
Playazo de Rodalquilar,Almería,Níjar,No,No,No,No,400 metros,-223217.842900001,4419429.6475,Bajo,Aislada
San José,Almería,Níjar,Sí,Sí,Sí,Sí,850 metros,-234539.0352,4406053.8506,Alto,Urbana
La Carolina,Almería,Pulpí,No,No,No,No,1.000 metros,-182697.548300002,4491324.5465,Medio,Aislada
La Entrevista,Almería,Pulpí,No,No,No,No,1.000 metros,-187295.043299999,4487627.1232,Bajo,Aislada
Los Nardos,Almería,Pulpí,Sí,Sí,Sí,Sí,500 metros,-188129.939399999,4486254.9258,Bajo,Aislada
Mar Rabiosa,Almería,Pulpí,Sí,Sí,Sí,Sí,250 metros,-185491.6675,4489111.5384,Alto,Urbana
Mar Serena,Almería,Pulpí,Sí,Sí,Sí,Sí,700 metros,-186070.528900001,4488999.4998,Alto,Semiurbana
Aguadulce,Almería,Roquetas de Mar,Sí,Sí,Sí,Sí,1.700 metros,-286324.862300001,4412253.014,Alto,Urbana
Cerrillos,Almería,Roquetas de Mar,No,No,Sí,No,2.620 metros,-294384.393399999,4398039.2029,Muy bajo,Aislada
La Bajadilla,Almería,Roquetas de Mar,Sí,Sí,Sí,Sí,1.520 metros,-290521.607099999,4403803.0293,Alto,Urbana
La Romanilla,Almería,Roquetas de Mar,Sí,Sí,Sí,Sí,1.300 metros,-289976.141600002,4406331.7628,Alto,Urbana
Las Salinas,Almería,Roquetas de Mar,Sí,Sí,Sí,Sí,1.350 metros,-289274.8288,4408041.0818,Medio,Urbana
Los Bajos,Almería,Roquetas de Mar,No,No,No,No,700 metros,-288551.252099998,4409236.3784,Medio,Aislada
Playa Serena,Almería,Roquetas de Mar,Sí,Sí,Sí,Sí,1.800 metros,-292358.378699999,4400399.9118,Medio,Urbana
Urbanización Roquetas de Mar,Almería,Roquetas de Mar,Sí,Sí,Sí,Sí,1.900 metros,-291178.392099999,4401899.9277,Alto,Urbana
El Playazo,Almería,Vera,Sí,Sí,Sí,No,2.260 metros,-200519.798799999,4470319.7407,Alto,Urbana
Las Marinas-Bolaga,Almería,Vera,Sí,Sí,Sí,No,1.375 metros,-202022.611900002,4465986.853,Alto,Urbana
Puerto Rey,Almería,Vera,Sí,Sí,Sí,No,1.320 metros,-201287.903299998,4468572.3944,Alto,Urbana
Cala Arenas,Cádiz,Algeciras,No,No,No,No,400 metros,-606323.870499998,4309155.8333,Bajo,Aislada
El Rinconcillo,Cádiz,Algeciras,Sí,Sí,Sí,No,2.550 metros,-605466.7104,4323238.6241,Alto,Urbana
Getares,Cádiz,Algeciras,Sí,Sí,Sí,Sí,1.500 metros,-605878.592500001,4314086.859,Alto,Semiurbana
Cañillos,Cádiz,Barbate,No,No,No,No,5.300 metros,-654525.210000001,4322976.6436,Medio,Aislada
Caños de Meca,Cádiz,Barbate,Sí,Sí,No,No,2.700 metros,-670521.820799999,4326396.6777,Medio,Semiurbana
El Carmen,Cádiz,Barbate,Sí,Sí,Sí,No,1.300 metros,-658666.2951,4326189.79,Alto,Urbana
Hierbabuena,Cádiz,Barbate,No,No,No,No,950 metros,-661471.5462,4326382.8851,Medio,Semiurbana
Zahara de los Atunes,Cádiz,Barbate,Sí,Sí,No,Sí,1.600 metros,-650896.194600001,4319075.2649,Alto,Semiurbana
Zahora,Cádiz,Barbate,No,Sí,No,No,3.000 metros,-672692.550900001,4327472.5574,Medio,Aislada
Cortadura,Cádiz,Cádiz,Sí,Sí,Sí,Sí,1.600 metros,-698440.7491,4369308.1595,Medio,Aislada
El Chato,Cádiz,Cádiz,No,Sí,No,No,2.480 metros,-697283.0264,4367051.2147,Medio,Aislada
La Anegada,Cádiz,Cádiz,No,No,No,No,3.500 metros,-696114.171799999,4363991.9434,Bajo,Aislada
La Caleta,Cádiz,Cádiz,Sí,Sí,Sí,Sí,450 metros,-701991.8409,4373587.9666,Alto,Urbana
El Puerco,Cádiz,Chiclana de la Frontera,No,Sí,Sí,No,2.100 metros,-685972.966200002,4346304.0212,Alto,Aislada
La Barrosa,Cádiz,Chiclana de la Frontera,Sí,Sí,Sí,Sí,4.000 metros,-687921.057300001,4351072.3312,Alto,Urbana
Aramal,Cantabria,Val de San Vicente,No,No,No,No,100 metros,-499835.645599999,5372120.9295,Bajo,Aislada
Las Arenas,Cantabria,Val de San Vicente,No,No,No,No,200 metros,-501906.188099999,5372013.693,Alto,Aislada
El Pedrero,Cantabria,Val de San Vicente,No,No,No,No,200 metros,-502295.806400001,5371584.7592,Bajo,Aislada
Oyambre,Cantabria,Valdáliga,Sí,Sí,No,No,1.800 metros,-481946.603399999,5371569.4405,Medio,Aislada
Malapesquera,Málaga,Benalmádena,Sí,Sí,Sí,Sí,700 metros,-503030.515000001,4382832.0886,Alto,Urbana
Santa Ana,Málaga,Benalmádena,Sí,Sí,Sí,Sí,450 metros,-503665.0361,4382332.9516,Alto,Urbana
Tajo de la Soga,Málaga,Benalmádena,No,No,No,No,320 metros,-509787.608100001,4379962.3689,Bajo,Semiurbana
Torremuelle,Málaga,Benalmádena,Sí,Sí,No,No,270 metros,-508652.149300002,4380378.2226,Bajo,Urbana
Torrequebrada,Málaga,Benalmádena,Sí,No,No,No,150 metros,-505780.106400002,4380655.4674,Medio,Urbana
Torrevigía,Málaga,Benalmádena,Sí,Sí,Sí,No,180 metros,-505279.168699998,4380835.6804,Medio,Urbana
Pinomar,Málaga,Marbella,Sí,No,No,No,350 metros,-534545.062800001,4369086.5979,Medio,Semiurbana
Real de Zaragoza,Málaga,Marbella,Sí,Sí,No,No,1.700 metros,-532942.062199999,4368615.7947,Medio,Semiurbana
Arenal de Morís,Asturias,Caravia,Sí,Sí,Sí,No,770 metros,-576056.101,5384446.0643,Alto,Semiurbana
Cuchía,Cantabria,Miengo,Sí,No,Sí,No,300 metros,-448684.339600001,5378526.7296,Medio,Aislada
Trengandín,Cantabria,Noja,Sí,No,Sí,Sí,3.700 metros,-389083.884199999,5383863.1641,Medio,Semiurbana
Amió,Cantabria,Val de San Vicente,Sí,No,No,No,600 metros,-499089.805,5372136.2491,Alto,Aislada
La Musclera,Barcelona,Arenys de Mar,Sí,Sí,Sí,No,620 metros,281994.5341,5096813.3434,Alto,Semiurbana
Las Yucas,Málaga,Benalmádena,Sí,No,No,No,350 metros,-506425.759500001,4380849.5431,Bajo,Semiurbana
Arroyo de las Cañas,Málaga,Estepona,Sí,No,No,No,1.120 metros,-565881.499499999,4362704.8184,Medio,Semiurbana
Nueva Andalucía,Málaga,Marbella,Sí,Sí,Sí,No,1.100 metros,-552333.9175,4367425.0317,Alto,Urbana
Realejo,Málaga,Marbella,Sí,Sí,No,No,700 metros,-538185.210200001,4369875.9321,Medio,Semiurbana
Beciella,Asturias,Caravia,No,No,No,No,370 metros,-578338.1505,5384584.125,Medio,Aislada
Sancti-Petri,Cádiz,Chiclana de la Frontera,Sí,Sí,Sí,Sí,1.200 metros,-691160.454399999,4354459.8063,Medio,Aislada
Punta de las Piedras,Cádiz,Chiclana de la Frontera,No,No,No,No,1.400 metros,-690670.648699999,4353381.229,Bajo,Aislada
Camarón,Cádiz,Chipiona,Sí,Sí,Sí,Sí,1.500 metros,-716318.659400001,4399205.6055,Medio,Semiurbana
Cruz del Mar,Cádiz,Chipiona,Sí,Sí,Sí,Sí,700 metros,-716240.7357,4403358.4788,Alto,Urbana
De Regla,Cádiz,Chipiona,Sí,Sí,Sí,Sí,1.250 metros,-716808.465100002,4400830.4503,Alto,Urbana
Las Canteras,Cádiz,Chipiona,Sí,Sí,No,Sí,400 metros,-717064.499899998,4402219.4028,Alto,Urbana
Montijo,Cádiz,Chipiona,No,No,No,No,2.100 metros,-712589.4564,4405845.4213,Bajo,Semiurbana
Cala del Aceite,Cádiz,Conil de la Frontera,Sí,Sí,No,No,450 metros,-682533.1939,4341524.0101,Medio,Semiurbana
Calas de Poniente,Cádiz,Conil de la Frontera,No,No,No,No,600 metros,-683846.763900001,4341579.2583,Medio,Semiurbana
Calas del Quinto y Camacho,Cádiz,Conil de la Frontera,No,No,No,No,600 metros,-680752.081999999,4341192.5273,Medio,Aislada
Castilnovo,Cádiz,Conil de la Frontera,No,No,No,No,2.600 metros,-677100.8028,4335834.9695,Bajo,Aislada
Fuente del Gallo,Cádiz,Conil de la Frontera,No,Sí,No,No,1.000 metros,-680084.165100001,4340612.457,Medio,Semiurbana
La Fontanilla,Cádiz,Conil de la Frontera,Sí,Sí,Sí,Sí,1.200 metros,-678959.838199999,4339272.8899,Alto,Semiurbana
Los Bateles,Cádiz,Conil de la Frontera,Sí,Sí,Sí,Sí,850 metros,-678180.601799998,4338182.0254,Medio,Urbana
Roche,Cádiz,Conil de la Frontera,No,Sí,Sí,Sí,2.200 metros,-685015.618500002,4343678.897,Medio,Semiurbana
Fuentebravía,Cádiz,El Puerto de Santa María,Sí,Sí,Sí,Sí,700 metros,-699776.583000001,4384912.0767,Alto,Semiurbana
La Muralla,Cádiz,El Puerto de Santa María,Sí,Sí,No,Sí,245 metros,-697149.443,4380849.5431,Medio,Semiurbana
La Puntilla,Cádiz,El Puerto de Santa María,Sí,Sí,Sí,Sí,1.300 metros,-694978.713,4381542.699,Alto,Urbana
Playa de Levante,Cádiz,El Puerto de Santa María,No,No,No,No,4.300 metros,-693130.8094,4376234.2687,Bajo,Aislada
Santa Catalina,Cádiz,El Puerto de Santa María,Sí,Sí,No,Sí,3.000 metros,-698730.1798,4383511.5069,Alto,Urbana
Valdelagrana,Cádiz,El Puerto de Santa María,Sí,Sí,Sí,Sí,1.880 metros,-693264.3928,4380586.1556,Alto,Urbana
El Burgo,Cádiz,La Línea de la Concepción,Sí,Sí,Sí,No,1.250 metros,-593388.545699999,4327610.4985,Alto,Semiurbana
La Alcaidesa,Cádiz,San Roque,Sí,Sí,Sí,Sí,1.400 metros,-591473.850400001,4333046.7788,Alto,Urbana
La Atunara,Cádiz,La Línea de la Concepción,Sí,Sí,Sí,No,2.000 metros,-593767.0319,4325913.946,Medio,Aislada
La Atunara,Cádiz,La Línea de la Concepción,Sí,Sí,Sí,No,2.000 metros,-594067.594599999,4324300.3994,Alto,Urbana
La Hacienda,Cádiz,San Roque,No,No,No,No,1.400 metros,-592308.746599998,4331294.1762,Alto,Semiurbana
Playa de Levante,Cádiz,La Línea de la Concepción,Sí,Sí,Sí,No,900 metros,-594223.4419,4322962.8554,Alto,Urbana
Playa de Poniente,Cádiz,La Línea de la Concepción,Sí,Sí,Sí,No,800 metros,-596472.095600002,4323004.2202,Alto,Urbana
Palmones,Cádiz,Los Barrios,Sí,Sí,Sí,No,750 metros,-604208.8002,4324769.2684,Alto,Urbana
La Cachucha,Cádiz,Puerto Real,Sí,Sí,Sí,No,370 metros,-688421.995000001,4373144.671,Medio,Urbana
Aguadulce,Cádiz,Rota,No,No,No,No,800 metros,-711843.615800001,4390294.1903,Bajo,Aislada
El Rompidillo,Cádiz,Rota,Sí,Sí,Sí,Sí,1.700 metros,-706433.488600001,4387061.8229,Medio,Urbana
La Ballena,Cádiz,Rota,Sí,Sí,Sí,Sí,4.500 metros,-713480.0123,4393236.0782,Medio,Semiurbana
La Costilla,Cádiz,Rota,Sí,Sí,Sí,Sí,1.300 metros,-708504.031100001,4386243.4815,Alto,Urbana
Piedras Gordas,Cádiz,Rota,Sí,Sí,No,No,1.000 metros,-710340.802700002,4387131.1767,Bajo,Aislada
Punta Candor,Cádiz,Rota,Sí,Sí,Sí,Sí,1.500 metros,-711665.5046,4388116.0499,Medio,Aislada
Camposoto,Cádiz,San Fernando,Sí,Sí,Sí,Sí,3.650 metros,-694244.004299998,4361279.4729,Medio,Aislada
El Castillo,Cádiz,San Fernando,No,No,Sí,Sí,1.650 metros,-692384.968800001,4356783.2633,Bajo,Aislada
Campamento,Cádiz,San Roque,Sí,Sí,Sí,No,1.200 metros,-599433.193999998,4325403.6531,Medio,Urbana
El Cabrero,Cádiz,San Roque,Sí,Sí,Sí,Sí,900 metros,-585072.979699999,4343457.8631,Bajo,Aislada
Guadalquitón,Cádiz,San Roque,No,No,No,No,2.200 metros,-589080.481400002,4336290.5345,Bajo,Aislada
Guadarranque,Cádiz,San Roque,Sí,Sí,Sí,No,600 metros,-602372.0286,4325596.734,Alto,Semiurbana
Sotogrande,Cádiz,San Roque,Sí,Sí,Sí,No,2.250 metros,-588212.189399999,4338168.2177,Alto,Semiurbana
Torrecarbonera,Cádiz,San Roque,Sí,Sí,Sí,No,1.350 metros,-589592.550999999,4334606.4204,Medio,Aislada
Torreguadiaro,Cádiz,San Roque,Sí,Sí,Sí,Sí,1.300 metros,-586742.772100002,4340612.457,Alto,Semiurbana
Bajo de Guía,Cádiz,Sanlúcar de Barrameda,Sí,No,Sí,No,800 metros,-706611.599800002,4410056.4851,Medio,Urbana
La Calzada,Cádiz,Sanlúcar de Barrameda,Sí,Sí,Sí,No,2.300 metros,-708359.3158,4408833.2983,Alto,Urbana
La Jara,Cádiz,Sanlúcar de Barrameda,Sí,Sí,No,No,1.550 metros,-710396.462400001,4407193.3365,Medio,Urbana
Bonanza,Cádiz,Sanlúcar de Barrameda,No,No,No,No,1.200 metros,-705709.911899999,4410723.7371,Bajo,Semiurbana
Atlanterra,Cádiz,Tarifa,Sí,Sí,No,No,2.900 metros,-649348.853700001,4316842.6001,Alto,Semiurbana
Bolonia,Cádiz,Tarifa,Sí,Sí,No,No,3.800 metros,-641979.503400002,4312254.6795,Alto,Aislada
El Cañuelo,Cádiz,Tarifa,No,No,No,No,800 metros,-645241.164500002,4311400.6867,Medio,Semiurbana
Los Alemanes,Cádiz,Tarifa,Sí,Sí,Sí,No,1.500 metros,-647333.970899999,4314045.5283,Alto,Semiurbana
Los Lances Norte,Cádiz,Tarifa,Sí,Sí,No,No,4.600 metros,-627340.990400001,4306415.8143,Alto,Aislada
Los Lances Sur,Cádiz,Tarifa,Sí,Sí,Sí,No,2.650 metros,-624836.301800001,4302878.2213,Alto,Semiurbana
Playa Chica,Cádiz,Tarifa,Sí,Sí,Sí,No,400 metros,-624123.857099999,4301777.2605,Alto,Urbana
Valdevaqueros,Cádiz,Tarifa,Sí,Sí,No,No,4.050 metros,-632027.540899999,4309155.8333,Alto,Semiurbana
El Palmar,Cádiz,Vejer de la Frontera,Sí,Sí,Sí,Sí,3.300 metros,-675297.427000001,4331721.9506,Medio,Semiurbana
Cala Chilches,Granada,Albuñol,No,No,No,No,300 metros,-356200.106600001,4404372.6367,Bajo,Aislada
El Cuervo,Granada,Albuñol,No,No,No,No,250 metros,-358070.274099998,4403858.5994,Bajo,Aislada
El Gaiterillo,Granada,Albuñol,No,No,No,No,300 metros,-358793.8508,4404275.3845,Bajo,Aislada
La Playiya,Granada,Albuñol,No,No,No,No,240 metros,-354697.293499999,4404344.8502,Bajo,Aislada
El Ruso,Granada,Albuñol,No,No,No,No,200 metros,-354185.223900001,4404205.9192,Bajo,Aislada
La Rábita,Granada,Albuñol,Sí,Sí,Sí,No,1.000 metros,-353161.0845,4404039.2042,Medio,Urbana
Pozuelo,Granada,Albuñol,Sí,Sí,No,No,1.000 metros,-350556.208500002,4403747.4594,Medio,Semiurbana
Cabria,Granada,Almuñécar,Sí,Sí,No,No,190 metros,-406527.648400001,4403677.9976,Medio,Semiurbana
Calabajío,Granada,Almuñécar,Sí,Sí,No,No,170 metros,-407050.850000001,4403858.5994,Medio,Semiurbana
Calaíza,Granada,Almuñécar,No,No,No,No,55 metros,-418772.792399999,4402247.1837,Bajo,Aislada
Caletilla,Granada,Almuñécar,Sí,No,Sí,No,240 metros,-411080.615600001,4401483.2354,Alto,Urbana
Cantarriján,Granada,Almuñécar,No,No,Sí,No,380 metros,-420331.265299998,4402524.9966,Medio,Aislada
Cotobro,Granada,Almuñécar,Sí,No,Sí,No,390 metros,-413563.040199999,4401969.378,Alto,Urbana
Oriñón,Cantabria,Castro-Urdiales,Sí,Sí,Sí,No,1.100 metros,-369803.3484,5373055.4717,Alto,Urbana
Comillas,Cantabria,Comillas,Sí,Sí,Sí,Sí,900 metros,-477260.052900001,5371462.2104,Alto,Urbana
La Salvé,Cantabria,Laredo,Sí,Sí,Sí,No,4.250 metros,-382182.075800002,5375323.2768,Alto,Urbana
Regatón,Cantabria,Laredo,No,No,No,No,2.900 metros,-384497.521200001,5376258.1416,Bajo,Semiurbana
Aila,Cantabria,Laredo,No,No,No,No,50 metros,-378564.192299999,5375430.5516,Bajo,Aislada
Sonabia,Cantabria,Liendo,No,No,No,No,150 metros,-371261.633699998,5374848.2177,Medio,Aislada
San Julián,Cantabria,Liendo,No,No,No,No,100 metros,-375246.8715,5375001.4599,Bajo,Aislada
El Rostro,Cantabria,Marina de Cudeyo,Sí,No,Sí,No,200 metros,-419830.327599999,5380259.2007,Bajo,Semiurbana
Mogro,Cantabria,Miengo,Sí,Sí,Sí,No,400 metros,-442227.809099998,5378940.6534,Alto,Urbana
Robayera,Cantabria,Miengo,No,No,No,No,150 metros,-443385.531800002,5379737.8922,Bajo,Aislada
Usgo,Cantabria,Miengo,Sí,No,No,No,350 metros,-445367.018800002,5379032.639,Bajo,Aislada
Los Caballos,Cantabria,Miengo,No,No,No,No,220 metros,-447793.7837,5379523.2442,Bajo,Aislada
Ris,Cantabria,Noja,Sí,Sí,Sí,Sí,2.200 metros,-392790.8233,5387130.9461,Alto,Urbana
Somocuevas,Cantabria,Piélagos,No,No,No,No,100 metros,-439133.127300002,5383663.7593,Bajo,Aislada
Canallave,Cantabria,Piélagos,Sí,No,No,No,250 metros,-441081.218400002,5381041.2185,Medio,Aislada
Valdearenas,Cantabria,Piélagos,Sí,No,Sí,No,2.800 metros,-442216.677200001,5380105.8716,Medio,Aislada
La Arnía,Cantabria,Piélagos,No,No,No,No,150 metros,-435960.5218,5384354.025,Bajo,Aislada
Portio,Cantabria,Piélagos,No,No,No,No,150 metros,-437530.126600001,5383786.4695,Bajo,Semiurbana
Cerrias,Cantabria,Piélagos,No,No,No,No,40 metros,-438209.175500002,5383556.3893,Bajo,Semiurbana
Galizano,Cantabria,Ribamontán al Mar,No,No,Sí,No,150 metros,-408809.697999999,5385274.4591,Medio,Aislada
Arenilla,Cantabria,Ribamontán al Mar,No,No,No,No,80 metros,-409778.1776,5384967.6376,Bajo,Aislada
Langre I,Cantabria,Ribamontán al Mar,No,No,No,No,800 metros,-410813.448800001,5384584.125,Bajo,Aislada
Langre II,Cantabria,Ribamontán al Mar,No,No,No,No,50 metros,-411370.046300001,5384860.2525,Bajo,Aislada
Los Tranquilos,Cantabria,Ribamontán al Mar,No,No,No,No,200 metros,-414787.5546,5383541.0508,Bajo,Aislada
Loredo,Cantabria,Ribamontán al Mar,Sí,No,Sí,No,1.400 metros,-414820.9505,5382758.8222,Medio,Aislada
Somo,Cantabria,Ribamontán al Mar,Sí,Sí,Sí,No,2.000 metros,-416824.701299999,5381746.6244,Medio,Semiurbana
El Puntal,Cantabria,Ribamontán al Mar,No,No,No,No,4.500 metros,-419273.730099998,5381884.6448,Bajo,Aislada
El Cabo,Cantabria,San Vicente de la Barquera,Sí,No,No,No,900 metros,-483104.326099999,5373607.049,Medio,Aislada
Merón,Cantabria,San Vicente de la Barquera,Sí,Sí,Sí,Sí,3.000 metros,-487779.744800001,5371600.0779,Medio,Semiurbana
El Tostadero,Cantabria,San Vicente de la Barquera,Sí,Sí,Sí,No,180 metros,-488314.078299999,5370987.3488,Alto,Semiurbana
La Maza,Cantabria,San Vicente de la Barquera,Sí,No,No,No,150 metros,-488636.904800002,5370497.1946,Bajo,Semiurbana
La Fuente,Cantabria,San Vicente de la Barquera,No,No,No,No,150 metros,-493189.872000001,5372136.2491,Bajo,Aislada
San Juan de la Canal,Cantabria,Santa Cruz de Bezana,Sí,Sí,Sí,No,200 metros,-433422.437399998,5384369.3648,Medio,Semiurbana
Covachos,Cantabria,Santa Cruz de Bezana,No,No,No,No,50 metros,-435415.056299999,5384154.6096,Bajo,Aislada
La Magdalena,Cantabria,Santander,Sí,Sí,Sí,No,900 metros,-420453.716699999,5383264.9626,Alto,Urbana
Los Peligros,Cantabria,Santander,Sí,Sí,Sí,No,200 metros,-420776.543200001,5383019.5578,Alto,Urbana
Los Bikinis,Cantabria,Santander,Sí,Sí,Sí,No,250 metros,-419496.369100001,5383403.0057,Alto,Urbana
El Camello,Cantabria,Santander,Sí,Sí,Sí,No,200 metros,-420219.945799999,5383679.098,Alto,Urbana
La Concha,Cantabria,Santander,Sí,Sí,Sí,No,180 metros,-420676.355700001,5384062.5732,Alto,Urbana
Sardinero I,Cantabria,Santander,Sí,Sí,Sí,No,400 metros,-420988.050299998,5384231.3073,Alto,Urbana
Sardinero II,Cantabria,Santander,Sí,Sí,Sí,No,800 metros,-421522.3838,5384844.9118,Alto,Urbana
Molinucos,Cantabria,Santander,No,No,No,No,25 metros,-421299.744899999,5385872.7904,Bajo,Aislada
Mataleñas,Cantabria,Santander,Sí,No,No,No,125 metros,-421622.571400002,5386271.6993,Alto,Aislada
El Bocal,Cantabria,Santander,No,No,No,No,200 metros,-425785.920299999,5386578.564,Bajo,Aislada
La Maruca,Cantabria,Santander,Sí,Sí,Sí,No,400 metros,-426932.511100002,5385458.5569,Medio,Semiurbana
Virgen del Mar,Cantabria,Santander,Sí,No,Sí,No,400 metros,-431507.742199998,5384860.2525,Medio,Aislada
Santa Justa,Cantabria,Santillana del Mar,Sí,Sí,No,No,100 metros,-456231.801100001,5376779.2546,Bajo,Aislada
San Martín,Cantabria,Santoña,Sí,Sí,Sí,No,1.000 metros,-384174.694699999,5379078.6321,Alto,Urbana
Berria,Cantabria,Santoña,Sí,Sí,Sí,Sí,2.000 metros,-385688.639800001,5382912.1952,Medio,Semiurbana
La Riberuca,Cantabria,Suances,Sí,No,No,No,300 metros,-449174.145399999,5377361.7097,Bajo,Aislada
La Ribera,Cantabria,Suances,Sí,No,Sí,No,130 metros,-449252.068999998,5377944.2013,Medio,Urbana
La Concha,Cantabria,Suances,Sí,No,Sí,No,1.000 metros,-449786.402600002,5378388.759,Alto,Urbana
Los Locos,Cantabria,Suances,Sí,Sí,No,Sí,350 metros,-450632.4307,5378802.6767,Medio,Semiurbana
El Sable,Cantabria,Suances,Sí,Sí,Sí,Sí,200 metros,-455686.3356,5377285.0688,Medio,Aislada
Barnejo,Cantabria,Val de San Vicente,Sí,No,Sí,No,40 metros,-494392.122499999,5372090.2904,Bajo,Aislada
El Sable,Cantabria,Val de San Vicente,No,No,No,No,340 metros,-498021.137899999,5370098.9634,Bajo,Aislada
La Picordia,Barcelona,Arenys de Mar,Sí,Sí,Sí,No,500 metros,283185.652600002,5097497.8218,Bajo,Urbana
El Cavaió,Barcelona,Arenys de Mar,Sí,Sí,Sí,No,900 metros,285734.868999999,5098435.3386,Alto,Urbana
Platja de la Mora,Barcelona,Badalona,Sí,Sí,No,No,580 metros,249400.187199999,5076078.8911,Medio,Urbana
Platja del Coco,Barcelona,Badalona,Sí,Sí,No,No,170 metros,249867.728999998,5077207.3608,Alto,Urbana
Platja del Pont de Petroli,Barcelona,Badalona,Sí,No,Sí,No,420 metros,250101.5,5077652.8457,Medio,Semiurbana
Carchuna,Granada,Motril,Sí,Sí,Sí,No,3.000 metros,-382404.7148,4396720.2107,Medio,Urbana
Granada,Granada,Motril,Sí,Sí,Sí,Sí,1.389 metros,-396219.463599999,4399719.4186,Alto,Urbana
La Chucha,Granada,Motril,Sí,Sí,Sí,No,996 metros,-384864.875500001,4396886.8112,Medio,Semiurbana
La Joya,Granada,Torrenueva Costa,No,No,No,No,300 metros,-386712.779100001,4396859.0443,Bajo,Aislada
Poniente,Granada,Motril,Sí,Sí,Sí,No,1.795 metros,-394226.844700001,4400191.5929,Medio,Urbana
Torrenueva,Granada,Torrenueva Costa,Sí,Sí,Sí,Sí,1.700 metros,-388115.4047,4397483.8179,Alto,Urbana
Castillo de Baños,Granada,Polopos,Sí,No,No,No,350 metros,-367354.319600001,4402941.7295,Bajo,Semiurbana
La Mamola,Granada,Polopos,Sí,Sí,No,No,1.400 metros,-364871.895,4403858.5994,Medio,Urbana
Casarones,Granada,Rubite,Sí,No,Sí,No,450 metros,-368033.368500002,4402719.4699,Bajo,Semiurbana
El Lance,Granada,Rubite,Sí,No,Sí,No,500 metros,-368935.056400001,4403080.6441,Medio,Semiurbana
El Caletón,Granada,Salobreña,No,No,No,No,30 metros,-401696.3825,4403469.6147,Bajo,Semiurbana
El Cambrón,Granada,Salobreña,No,No,No,No,100 metros,-403499.758299999,4403219.5606,Bajo,Aislada
La Charca,Granada,Salobreña,Sí,Sí,Sí,No,1.800 metros,-399191.693999998,4401538.7935,Alto,Urbana
La Guardia,Granada,Salobreña,Sí,Sí,No,No,1.100 metros,-400338.284699999,4403025.0781,Medio,Semiurbana
Punta del Río,Granada,Salobreña,No,No,No,No,1.200 metros,-397700.012800001,4400372.1357,Bajo,Aislada
Las Cañas,Granada,Sorvilán,No,No,No,No,600 metros,-360830.997499999,4404775.5481,Bajo,Aislada
Los Yesos,Granada,Sorvilán,Sí,No,Sí,No,210 metros,-363680.7764,4404358.7434,Bajo,Semiurbana
Melicena,Granada,Sorvilán,Sí,Sí,Sí,No,500 metros,-360229.872200001,4404497.6765,Bajo,Urbana
Castilla,Huelva,Almonte,No,No,No,No,17.000 metros,-744504.7544,4448840.4779,Bajo,Aislada
Matalascañas,Huelva,Almonte,Sí,Sí,Sí,No,4.200 metros,-729120.400800001,4438479.5637,Alto,Urbana
Isla Canela,Huelva,Ayamonte,Sí,Sí,Sí,Sí,1.600 metros,-821137.091899998,4463108.563,Alto,Urbana
Punta del Moral,Huelva,Ayamonte,Sí,Sí,Sí,Sí,1.700 metros,-817252.041700002,4464491.7209,Alto,Urbana
Espigón,Huelva,Huelva,No,No,No,No,3.000 metros,-768750.1395,4460412.6247,Bajo,Aislada
Redondela,Huelva,Isla Cristina,Sí,Sí,Sí,No,1.220 metros,-809003.2674,4467412.3163,Medio,Aislada
La Antilla,Huelva,Lepe,Sí,Sí,Sí,No,3.000 metros,-803492.952599999,4467705.818,Alto,Urbana
Nueva Umbría,Huelva,Lepe,No,No,No,No,12.000 metros,-797147.741599999,4468069.2123,Bajo,Aislada
Mazagón,Huelva,Palos de la Frontera,Sí,Sí,Sí,No,9.000 metros,-759477.225900002,4457144.8967,Alto,Urbana
El Portil,Huelva,Punta Umbría,Sí,Sí,Sí,No,3.600 metros,-784635.4309,4468208.9827,Alto,Urbana
La Bota,Huelva,Punta Umbría,Sí,Sí,No,No,3.800 metros,-780739.2487,4466839.3128,Alto,Aislada
Punta Umbría,Huelva,Punta Umbría,Sí,Sí,Sí,No,3.800 metros,-775295.7256,4463765.1911,Alto,Urbana
Arroyo de la Miel,Málaga,Benalmádena,Sí,Sí,Sí,No,600 metros,-504577.855900001,4381501.1084,Alto,Urbana
Arroyo Hondo,Málaga,Benalmádena,Sí,Sí,No,No,620 metros,-507906.308699999,4380516.8441,Alto,Semiurbana
Bil Bil,Málaga,Benalmádena,Sí,Sí,Sí,No,450 metros,-504154.841899998,4381930.886,Alto,Urbana
Carvajal,Málaga,Benalmádena,Sí,Sí,Sí,No,670 metros,-510811.747400001,4379643.5586,Alto,Semiurbana
La Morera,Málaga,Benalmádena,No,No,No,No,360 metros,-509442.517700002,4380128.7084,Bajo,Semiurbana
La Perla,Málaga,Benalmádena,No,No,No,No,120 metros,-509119.691100001,4380239.6029,Bajo,Semiurbana
La Viborilla,Málaga,Benalmádena,Sí,Sí,No,No,90 metros,-507193.864,4380766.3674,Medio,Semiurbana
Arroyo Vaquero,Málaga,Estepona,No,No,Sí,Sí,2.500 metros,-576991.184700001,4357184.3871,Medio,Urbana
Bahía Dorada,Málaga,Estepona,No,No,No,No,650 metros,-578460.602000002,4355331.0438,Bajo,Urbana
Casasola,Málaga,Estepona,Sí,Sí,Sí,No,1.980 metros,-558389.697799999,4364393.3365,Medio,Semiurbana
El Cristo,Málaga,Estepona,Sí,Sí,Sí,Sí,1.100 metros,-574553.287799999,4357723.8531,Alto,Semiurbana
El Saladillo,Málaga,Estepona,Sí,Sí,Sí,No,2.500 metros,-561050.233600002,4364005.7843,Medio,Urbana
Guadalmansa,Málaga,Estepona,Sí,No,Sí,No,2.500 metros,-563855.4848,4362746.3361,Medio,Semiurbana
La Galera,Málaga,Estepona,No,No,No,No,1.000 metros,-579462.477400001,4354114.0967,Medio,Semiurbana
La Rada,Málaga,Estepona,Sí,Sí,Sí,No,2.300 metros,-572449.3495,4359273.2392,Alto,Urbana
Punta de la Plata,Málaga,Estepona,No,No,No,No,2.300 metros,-569822.2095,4359965.0016,Medio,Urbana
Baños del Carmen,Málaga,Málaga,Sí,Sí,Sí,No,450 metros,-487813.1406,4400288.8079,Medio,Urbana
Playa del Campo de Golf,Málaga,Málaga,Sí,Sí,Sí,No,2.200 metros,-497186.241700001,4391265.4788,Medio,Aislada
El Candado,Málaga,Málaga,Sí,No,Sí,No,125 metros,-483505.076299999,4399302.8115,Alto,Semiurbana
El Chanquete,Málaga,Málaga,Sí,Sí,Sí,No,615 metros,-484206.3891,4399719.4186,Alto,Urbana
El Palo,Málaga,Málaga,Sí,Sí,Sí,No,1.150 metros,-485297.320099998,4399886.066,Alto,Urbana
Fábrica del Cemento,Málaga,Málaga,Sí,No,No,No,170 metros,-481968.8673,4399205.6055,Medio,Urbana
Guadalhorce,Málaga,Málaga,No,No,No,No,1.400 metros,-495560.977200001,4393166.6848,Alto,Aislada
Guadalmar,Málaga,Málaga,Sí,No,No,No,400 metros,-496162.102400001,4392236.8556,Alto,Semiurbana
San Andrés,Málaga,Málaga,Sí,Sí,Sí,No,625 metros,-493423.642900001,4397830.9301,Alto,Urbana
La Araña,Málaga,Málaga,Sí,Sí,No,No,325 metros,-481367.7421,4399150.0597,Alto,Urbana
La Caleta,Málaga,Málaga,Sí,Sí,Sí,No,1.000 metros,-489516.3288,4400413.7999,Alto,Urbana
La Malagueta,Málaga,Málaga,Sí,Sí,Sí,No,1.200 metros,-490785.370999999,4399858.2912,Alto,Urbana
Sacaba,Málaga,Málaga,Sí,Sí,Sí,No,750 metros,-494681.553199999,4394929.4189,Alto,Urbana
Pedregalejo,Málaga,Málaga,Sí,Sí,Sí,No,1.100 metros,-486666.549899999,4400205.4807,Alto,Urbana
Peñón del Cuervo,Málaga,Málaga,Sí,No,Sí,No,300 metros,-482603.3884,4399177.8326,Alto,Aislada
La Misericordia,Málaga,Málaga,Sí,Sí,Sí,No,2.000 metros,-494280.802999999,4396262.0725,Alto,Urbana
Punta Chullera,Málaga,Manilva,Sí,Sí,No,No,850 metros,-583970.9168,4344079.5325,Alto,Semiurbana
La Duquesa,Málaga,Manilva,Sí,Sí,Sí,No,1.100 metros,-582267.728500001,4349496.482,Alto,Urbana
Las Arenas,Málaga,Manilva,No,No,No,No,1.100 metros,-583592.430500001,4344839.3993,Medio,Semiurbana
Los Toros,Málaga,Manilva,Sí,No,No,No,1.300 metros,-582735.270399999,4348128.1685,Bajo,Semiurbana
Sabinillas,Málaga,Manilva,Sí,Sí,Sí,No,1.900 metros,-581677.735199999,4351030.8585,Alto,Urbana
Artola,Málaga,Marbella,Sí,Sí,Sí,No,1.300 metros,-528455.886700001,4367591.1767,Alto,Aislada
Cortijo Blanco,Málaga,Marbella,Sí,Sí,No,No,560 metros,-553413.716499999,4366663.5665,Medio,Urbana
Costa Bella,Málaga,Marbella,Sí,No,Sí,No,570 metros,-535446.750700001,4369335.855,Alto,Semiurbana
El Alicate,Málaga,Marbella,Sí,Sí,Sí,No,850 metros,-536326.174699999,4369529.7257,Alto,Semiurbana
El Ancón,Málaga,Marbella,Sí,Sí,No,No,950 metros,-549417.346799999,4369612.8142,Medio,Semiurbana
El Cable,Málaga,Marbella,Sí,Sí,Sí,Sí,900 metros,-542047.9965,4370693.0233,Alto,Semiurbana
El Faro,Málaga,Marbella,Sí,Sí,Sí,Sí,280 metros,-544419.1017,4370554.5289,Alto,Urbana
El Pinillo,Málaga,Marbella,Sí,Sí,No,No,1.730 metros,-540211.2249,4370499.1316,Medio,Semiurbana
Fontanilla,Málaga,Marbella,Sí,Sí,Sí,No,750 metros,-544931.171300001,4370637.6254,Alto,Urbana
Guadalmina,Málaga,Marbella,Sí,Sí,Sí,Sí,1.600 metros,-556374.815000001,4364822.4286,Medio,Semiurbana
La Adelfa,Málaga,Marbella,Sí,Sí,Sí,No,680 metros,-537205.598700002,4369695.9034,Medio,Semiurbana
La Bajadilla,Málaga,Marbella,Sí,Sí,Sí,No,425 metros,-542905.156599998,4370706.8729,Alto,Urbana
La Víbora,Málaga,Marbella,Sí,Sí,No,No,850 metros,-531962.4507,4368311.1683,Alto,Semiurbana
Las Chapas,Málaga,Marbella,Sí,Sí,No,No,680 metros,-530971.707199998,4368034.2427,Medio,Semiurbana
Linda Vista,Málaga,Marbella,Sí,Sí,Sí,No,500 metros,-555328.411800001,4365639.135,Medio,Semiurbana
Los Monteros,Málaga,Marbella,No,No,Sí,No,550 metros,-536882.772100002,4369612.8142,Medio,Semiurbana
Nagüeles,Málaga,Marbella,Sí,Sí,Sí,No,500 metros,-547636.234999999,4370014.4177,Alto,Urbana
Marbella Club,Málaga,Marbella,Sí,Sí,Sí,Sí,1.600 metros,-545843.9912,4370512.9809,Alto,Urbana
Río Real,Málaga,Marbella,Sí,Sí,No,No,300 metros,-539187.0856,4370125.2075,Alto,Semiurbana
Río Verde,Málaga,Marbella,Sí,Sí,No,No,1.800 metros,-550942.423799999,4368158.8583,Alto,Urbana
San Pedro de Alcántara,Málaga,Marbella,Sí,Sí,Sí,Sí,1.400 metros,-554404.460000001,4366372.8395,Alto,Urbana
El Bombo,Málaga,Mijas,Sí,Sí,Sí,Sí,622 metros,-521988.224300001,4368934.2769,Alto,Urbana
El Chaparral,Málaga,Mijas,Sí,Sí,No,No,850 metros,-519260.8968,4370443.7347,Bajo,Semiurbana
La Butibamba,Málaga,Mijas,Sí,Sí,Sí,Sí,1.250 metros,-520886.1613,4369959.0232,Medio,Urbana
Burriana,Málaga,Nerja,Sí,Sí,Sí,No,800 metros,-430427.943100002,4404386.5299,Alto,Urbana
Playa del Marqués,Málaga,Nerja,Sí,No,No,No,700 metros,-421800.682599999,4403594.6439,Bajo,Aislada
Cala de la Torre del Pino,Málaga,Nerja,No,No,No,No,115 metros,-422780.294100001,4403775.2443,Bajo,Aislada
Calahonda,Málaga,Nerja,Sí,No,No,No,80 metros,-431374.158799998,4403608.5361,Medio,Urbana
Carabeillo Chico,Málaga,Nerja,Sí,No,No,No,150 metros,-430928.880800001,4403997.5259,Alto,Urbana
El Carabeo,Málaga,Nerja,Sí,No,No,No,190 metros,-431095.859999999,4403844.7068,Alto,Urbana
El Chorrillo,Málaga,Nerja,No,No,No,No,100 metros,-431251.7073,4403719.6746,Alto,Urbana
El Playazo,Málaga,Nerja,Sí,Sí,No,No,2.250 metros,-433633.944400001,4403414.0466,Medio,Semiurbana
El Salón,Málaga,Nerja,Sí,Sí,Sí,No,180 metros,-431652.4575,4403497.3988,Alto,Urbana
La Caletilla,Málaga,Nerja,No,No,No,No,50 metros,-431463.214400001,4403497.3988,Alto,Urbana
La Torrecilla,Málaga,Nerja,Sí,Sí,Sí,No,300 metros,-432309.2425,4403163.9938,Alto,Urbana
Las Alberquillas,Málaga,Nerja,Sí,No,No,No,650 metros,-423359.155400001,4404025.3115,Bajo,Aislada
Maro,Málaga,Nerja,Sí,Sí,No,No,300 metros,-426798.927700002,4404845.0171,Medio,Aislada
Molino de Papel,Málaga,Nerja,No,No,No,No,470 metros,-424628.1976,4404442.1031,Bajo,Aislada
Cala del Moral,Málaga,Rincón de la Victoria,Sí,Sí,Sí,No,1.300 metros,-479697.949700002,4399275.0383,Alto,Urbana
Los Rubios,Málaga,Rincón de la Victoria,Sí,Sí,No,No,1.100 metros,-471972.377099998,4399011.1962,Medio,Semiurbana
Rincón de la Victoria,Málaga,Rincón de la Victoria,Sí,Sí,Sí,No,3.600 metros,-475812.899500001,4399191.719,Alto,Urbana
Torre de Benagalbón,Málaga,Rincón de la Victoria,Sí,Sí,No,No,700 metros,-473185.759500001,4398844.5625,Alto,Semiurbana
El Bajondillo,Málaga,Torremolinos,Sí,Sí,Sí,No,1.200 metros,-500214.131900001,4386770.5416,Alto,Urbana
Fuente de la Salud,Málaga,Benalmádena,Sí,Sí,Sí,Sí,130 metros,-502062.035399999,4383358.9807,Alto,Urbana
La Carihuela,Málaga,Torremolinos,Sí,Sí,Sí,No,2.100 metros,-501438.646299999,4384551.5165,Alto,Urbana
Los Álamos,Málaga,Torremolinos,Sí,No,No,Sí,1.050 metros,-498533.207600001,4389572.7188,Alto,Semiurbana
Playamar,Málaga,Torremolinos,Sí,Sí,No,No,1.100 metros,-499446.027399998,4388143.7941,Alto,Urbana
Calaceite,Málaga,Torrox,Sí,No,No,No,500 metros,-436472.591499999,4403025.0781,Bajo,Aislada
El Cenicero,Málaga,Torrox,Sí,Sí,Sí,No,1.350 metros,-443007.045600001,4401927.7078,Medio,Urbana
El Morche,Málaga,Torrox,Sí,Sí,Sí,No,1.300 metros,-444387.407200001,4402608.3419,Alto,Urbana
El Peñoncillo,Málaga,Torrox,Sí,Sí,No,No,1.800 metros,-439099.731400002,4401719.3591,Alto,Semiurbana
Ferrara,Málaga,Torrox,Sí,Sí,Sí,Sí,1.350 metros,-441504.2324,4401427.6777,Alto,Urbana
Mazagarrobo,Málaga,Torrox,No,No,No,No,300 metros,-437663.710000001,4402386.0892,Bajo,Aislada
Vilches,Málaga,Torrox,Sí,Sí,No,No,180 metros,-435470.715999998,4403261.2358,Medio,Aislada
Almayate,Málaga,Vélez-Málaga,Sí,Sí,No,No,3.600 metros,-459593.649700001,4400677.6766,Bajo,Aislada
Benajarafe,Málaga,Vélez-Málaga,Sí,Sí,Sí,Sí,3.500 metros,-467630.916900001,4399455.5656,Medio,Semiurbana
Chilches,Málaga,Vélez-Málaga,Sí,No,No,No,1.750 metros,-469957.4943,4399233.3786,Bajo,Semiurbana
Caleta de Vélez,Málaga,Vélez-Málaga,Sí,Sí,Sí,Sí,1.000 metros,-452068.452100001,4404011.4187,Alto,Urbana
Lagos,Málaga,Vélez-Málaga,Sí,No,No,No,2.300 metros,-447448.6932,4403414.0466,Medio,Semiurbana
Torre del Mar,Málaga,Vélez-Málaga,Sí,Sí,Sí,Sí,3.300 metros,-456053.6899,4401983.2681,Alto,Urbana
Valle Niza,Málaga,Vélez-Málaga,Sí,Sí,No,No,2.000 metros,-464959.2491,4399566.6608,Bajo,Aislada
La Espasa,Asturias,Colunga,Sí,Sí,Sí,No,1.150 metros,-580831.7071,5384599.4652,Alto,Semiurbana
El Viso,Asturias,Caravia,Sí,Sí,Sí,No,400 metros,-579673.9844,5384430.7243,Medio,Semiurbana
Candás,Asturias,Carreño,Sí,Sí,No,No,240 metros,-641545.3574,5402119.2059,Alto,Urbana
Ribera del Molín,Asturias,Cudillero,No,No,No,No,200 metros,-701279.396200001,5398339.1393,Bajo,Aislada
Salencia,Asturias,Cudillero,No,No,No,No,150 metros,-698941.686799999,5399506.8,Bajo,Aislada
El Moro,Asturias,Navia,No,No,No,No,170 metros,-747677.359900001,5397340.5991,Medio,Semiurbana
Fabal,Asturias,Navia,No,No,No,No,140 metros,-744905.5046,5397617.1072,Bajo,Aislada
Frejulfe,Asturias,Navia,Sí,Sí,Sí,Sí,820 metros,-743013.073199999,5397478.8521,Alto,Semiurbana
Navia,Asturias,Navia,Sí,Sí,Sí,No,330 metros,-748156.0337,5396802.9682,Alto,Semiurbana
El Oso,Asturias,Ribadedeva,No,No,No,No,100 metros,-508897.052200001,5372029.0124,Bajo,Aislada
La Franca,Asturias,Ribadedeva,Sí,Sí,Sí,No,260 metros,-509564.969099998,5371952.4155,Alto,Semiurbana
La Restinga,Santa Cruz de Tenerife,El Pinar de El Hierro,Sí,Sí,Sí,Sí,50 metros,-2001513.3125,3203761.9046,Medio,Semiurbana
Arenas Blancas,Santa Cruz de Tenerife,Frontera,No,No,No,No,50 metros,-2017309.5483,3219591.7113,Bajo,Aislada
El Verodal,Santa Cruz de Tenerife,Frontera,No,No,No,No,150 metros,-2020582.3413,3217126.1398,Bajo,Aislada
Charco Azul,Santa Cruz de Tenerife,Frontera,No,No,No,No,30 metros,-2014771.4639,3218283.3936,Bajo,Aislada
Carranques 1 y 2,Asturias,Carreño,Sí,Sí,No,No,220 metros,-639497.0788,5400367.2757,Alto,Urbana
La Palmera,Asturias,Carreño,Sí,Sí,Sí,No,240 metros,-641356.114300001,5401904.0387,Alto,Urbana
Rebolleres,Asturias,Carreño,No,No,No,No,120 metros,-641901.579799999,5402687.8862,Bajo,Semiurbana
Taluxa,Asturias,Carreño,No,No,No,No,60 metros,-642335.7258,5403625.5164,Bajo,Aislada
Tranqueru,Asturias,Carreño,No,No,No,No,250 metros,-638450.675500002,5399598.99,Medio,Aislada
Xivares 1 y 2,Asturias,Carreño,Sí,Sí,Sí,No,800 metros,-636970.1263,5399045.8637,Alto,Semiurbana
Arnao,Asturias,Castrillón,Sí,Sí,Sí,Sí,300 metros,-665690.554900002,5400198.2474,Alto,Urbana
Bahínas,Asturias,Castrillón,Sí,Sí,Sí,No,210 metros,-668339.958799999,5400259.7119,Medio,Semiurbana
El Cordial,Asturias,Castrillón,No,No,No,No,300 metros,-669742.584399998,5401012.6851,Bajo,Aislada
Munielles,Asturias,Castrillón,Sí,Sí,No,No,210 metros,-669275.0425,5400505.574,Medio,Semiurbana
Playón de Bayas,Asturias,Castrillón,Sí,No,No,No,2.800 metros,-672425.384100001,5400090.6855,Alto,Aislada
Requexinos,Asturias,Castrillón,No,No,No,No,170 metros,-671813.126899999,5400628.5074,Alto,Aislada
Salinas,Asturias,Castrillón,Sí,Sí,Sí,Sí,1.500 metros,-663675.672200002,5400321.1768,Alto,Urbana
San Juan de Nieva,Asturias,Castrillón,Sí,Sí,Sí,No,1.500 metros,-661137.5878,5401904.0387,Alto,Semiurbana
Santa María del Mar,Asturias,Castrillón,Sí,Sí,Sí,Sí,300 metros,-667404.875100002,5399307.0581,Alto,Urbana
Arnao,Asturias,Castropol,Sí,Sí,Sí,Sí,450 metros,-781607.5407,5395881.3879,Alto,Semiurbana
Figueras,Asturias,Castropol,No,No,No,No,200 metros,-782275.457699999,5394483.8328,Bajo,Semiurbana
San Román,Asturias,Castropol,No,No,No,No,240 metros,-782576.020300001,5394867.7555,Bajo,Urbana
Armazá,Asturias,Coaña,No,No,No,No,310 metros,-756850.085999999,5396833.6891,Bajo,Aislada
A Figueira,Asturias,Coaña,No,No,No,No,220 metros,-752452.9661,5397801.4504,Bajo,Aislada
Arnelles,Asturias,Coaña,Sí,No,No,No,120 metros,-749336.020300001,5397571.0219,Medio,Semiurbana
El Barco,Asturias,Coaña,No,No,No,No,200 metros,-755703.495200001,5396925.8525,Bajo,Aislada
Foxos,Asturias,Coaña,Sí,No,No,No,220 metros,-748779.422899999,5397002.656,Bajo,Aislada
Torbas,Asturias,Coaña,No,No,No,No,730 metros,-754957.654599998,5397233.0704,Bajo,Aislada
La Griega,Asturias,Colunga,Sí,Sí,Sí,No,820 metros,-585852.2161,5388604.126,Medio,Semiurbana
La Isla,Asturias,Colunga,Sí,Sí,Sí,No,800 metros,-581744.526900001,5385550.6072,Alto,Urbana
El Astillero,Asturias,Colunga,Sí,Sí,No,No,300 metros,-586742.772100002,5389555.6792,Medio,Semiurbana
Río Cabo,Asturias,Cudillero,No,No,No,No,1.200 metros,-706277.6413,5396695.4458,Bajo,Aislada
Albuerne,Asturias,Cudillero,No,No,No,No,200 metros,-697216.234700002,5400182.8813,Bajo,Aislada
Calabón,Asturias,Cudillero,No,No,No,No,520 metros,-702281.271600001,5398139.4227,Bajo,Aislada
El Castrillón,Asturias,Cudillero,No,No,No,No,300 metros,-692974.962099999,5401350.7747,Bajo,Semiurbana
El Castro,Asturias,Cudillero,No,No,No,No,110 metros,-701657.882399999,5398077.9723,Bajo,Aislada
El Riego,Asturias,Cudillero,No,No,No,No,10 metros,-700600.3473,5399091.9563,Bajo,Aislada
El Silencio,Asturias,Cudillero,No,No,No,No,450 metros,-700756.194499999,5398692.4948,Medio,Aislada
Gueirúa,Asturias,Cudillero,No,No,No,No,135 metros,-702537.306400001,5398093.3348,Bajo,Aislada
La Barquera,Asturias,Cudillero,No,No,No,No,250 metros,-700344.312399998,5399168.7778,Bajo,Aislada
La Concha de Artedo,Asturias,Cudillero,Sí,No,No,Sí,760 metros,-688588.974199999,5397985.7974,Alto,Urbana
La Corvera,Asturias,Cudillero,No,No,No,No,250 metros,-685672.403499998,5398569.587,Bajo,Aislada
La Cueva,Asturias,Cudillero,No,No,No,No,390 metros,-695323.803399999,5401227.8316,Medio,Aislada
L'Airín,Asturias,Cudillero,No,No,No,No,650 metros,-699631.867699999,5399107.3205,Bajo,Aislada
Las Rubias,Asturias,Cudillero,No,No,No,No,415 metros,-686229.000999998,5398692.4948,Bajo,Aislada
Los Botes,Asturias,Cudillero,No,No,No,No,170 metros,-691138.190499999,5400951.2156,Bajo,Aislada
Oleiros,Asturias,Cudillero,No,No,No,No,640 metros,-690191.9749,5399476.0702,Medio,Aislada
Peña Doria,Asturias,Cudillero,No,No,No,No,350 metros,-694867.3935,5402057.7291,Bajo,Aislada
Portiella,Asturias,Cudillero,No,No,No,No,60 metros,-693097.413600001,5401704.2451,Bajo,Semiurbana
Puerto Chico,Asturias,Cudillero,No,No,No,No,40 metros,-693030.6219,5401565.929,Bajo,Semiurbana
San Pedro de Bocamar,Asturias,Cudillero,Sí,Sí,Sí,Sí,390 metros,-692629.8717,5400459.4743,Alto,Aislada
Vallina,Asturias,Cudillero,No,No,No,No,1.320 metros,-696325.678800002,5400398.0085,Bajo,Aislada
Porcía,Asturias,El Franco,Sí,Sí,No,No,240 metros,-765143.388,5398170.148,Alto,Semiurbana
Cambaredo,Asturias,El Franco,No,No,No,No,220 metros,-758876.100699998,5396910.4919,Bajo,Aislada
Castelo,Asturias,El Franco,Sí,No,No,No,450 metros,-758219.315699998,5396664.7253,Bajo,Semiurbana
Pormenande,Asturias,El Franco,Sí,Sí,No,No,190 metros,-760078.351199999,5398185.5108,Medio,Semiurbana
Torbas,Asturias,El Franco,No,No,No,No,40 metros,-762794.546799999,5398185.5108,Bajo,Aislada
Arbeyal,Asturias,Gijón,Sí,Sí,Sí,No,400 metros,-633775.256900001,5395174.9051,Alto,Urbana
Cagonera y Serín,Asturias,Gijón,No,No,No,No,425 metros,-624569.135000002,5396142.493,Bajo,Aislada
Cervigón,Asturias,Gijón,Sí,Sí,Sí,No,250 metros,-627630.421,5395942.8237,Alto,Urbana
Estaño,Asturias,Gijón,Sí,No,Sí,No,300 metros,-623177.641399998,5395712.4415,Medio,Semiurbana
Peñarrubia,Asturias,Gijón,Sí,No,No,No,550 metros,-626071.948199999,5396280.7281,Alto,Semiurbana
Poniente,Asturias,Gijón,Sí,Sí,Sí,No,800 metros,-631515.471299998,5394867.7555,Alto,Urbana
San Lorenzo,Asturias,Gijón,Sí,Sí,Sí,No,1.500 metros,-629979.2623,5394883.1127,Alto,Urbana
Aguilera,Asturias,Gozón,No,No,No,No,380 metros,-655170.8631,5407253.9652,Bajo,Aislada
San Pedro de Antromero,Asturias,Gozón,Sí,No,No,No,390 metros,-642502.704999998,5404240.4075,Alto,Semiurbana
Aramar,Asturias,Gozón,Sí,Sí,No,No,190 metros,-643871.934700001,5405132.0723,Medio,Semiurbana
Bañugues,Asturias,Gozón,Sí,Sí,Sí,No,131 metros,-646788.505399998,5408099.7829,Alto,Urbana
Carriciega,Asturias,Gozón,No,No,No,No,340 metros,-654592.001699999,5407315.4766,Bajo,Aislada
El Dique,Asturias,Gozón,No,No,No,No,180 metros,-644127.969599999,5405316.5654,Bajo,Semiurbana
El Bigaral,Asturias,Gozón,No,No,No,No,160 metros,-642636.288400002,5404732.3499,Bajo,Aislada
Gargantera,Asturias,Gozón,No,No,No,No,200 metros,-643048.170499999,5404701.6027,Bajo,Aislada
Llumeres,Asturias,Gozón,Sí,No,No,No,450 metros,-649059.423,5409883.9431,Bajo,Aislada
Moniello,Asturias,Gozón,Sí,No,No,No,80 metros,-645018.5255,5408253.5762,Medio,Semiurbana
La Ribera,Asturias,Gozón,No,No,Sí,No,200 metros,-644751.3587,5406008.4473,Bajo,Urbana
Samarincha,Asturias,Gozón,No,No,No,No,120 metros,-644484.1919,5405639.4372,Bajo,Semiurbana
Samarinchina,Asturias,Gozón,No,No,No,No,20 metros,-644573.247499999,5405747.0636,Bajo,Urbana
Luanco,Asturias,Gozón,Sí,Sí,Sí,No,310 metros,-644361.740499999,5406592.7434,Alto,Urbana
Tenrero,Asturias,Gozón,Sí,No,No,No,330 metros,-654135.591800001,5407484.6351,Alto,Urbana
Viodo,Asturias,Gozón,No,No,No,No,80 metros,-649593.7566,5410468.4842,Bajo,Aislada
Xagó,Asturias,Gozón,Sí,Sí,No,No,1.700 metros,-658421.392200001,5404609.3618,Alto,Semiurbana
Andrín,Asturias,Llanes,Sí,No,Sí,No,240 metros,-524036.502900001,5374603.0354,Medio,Semiurbana
Ballota,Asturias,Llanes,No,No,No,No,350 metros,-524648.7601,5374817.5696,Medio,Semiurbana
Barro,Asturias,Llanes,Sí,Sí,Sí,No,250 metros,-537060.883299999,5378542.0597,Alto,Urbana
Borizo,Asturias,Llanes,Sí,No,Sí,No,400 metros,-535869.764800001,5378373.4291,Alto,Semiurbana
Buelna,Asturias,Llanes,No,No,Sí,No,50 metros,-514129.0682,5372350.7263,Alto,Semiurbana
Cobijeru,Asturias,Llanes,No,No,No,No,30 metros,-513182.852600001,5372442.6465,Medio,Aislada
Cué,Asturias,Llanes,Sí,No,No,No,380 metros,-526563.455400001,5375583.8034,Medio,Semiurbana
Cuevas del Mar,Asturias,Llanes,Sí,Sí,No,No,125 metros,-549651.117699999,5381669.9472,Alto,Semiurbana
El Portiello de San Martín,Asturias,Llanes,No,No,No,No,35 metros,-534066.388999999,5377913.543,Bajo,Aislada
El Sablón,Asturias,Llanes,Sí,Sí,No,No,100 metros,-529123.803599998,5376518.6944,Alto,Urbana
Guadamía,Asturias,Ribadesella,No,No,Sí,No,80 metros,-554604.835099999,5381915.3163,Medio,Semiurbana
Guadamía,Asturias,Llanes,No,No,Sí,No,80 metros,-554549.175299998,5381485.9246,Medio,Semiurbana
Gulpiyuri,Asturias,Llanes,No,No,No,No,40 metros,-543884.768100001,5380320.533,Bajo,Aislada
La Acacia,Asturias,Llanes,No,No,No,No,100 metros,-509631.7608,5372442.6465,Bajo,Aislada
La Almenada,Asturias,Llanes,No,No,No,No,80 metros,-532864.138500001,5377729.5949,Medio,Aislada
La Entrada,Asturias,Llanes,No,No,No,No,50 metros,-538285.397700001,5379139.9567,Bajo,Semiurbana
La Huelga,Asturias,Llanes,No,No,No,No,62 metros,-545409.845100001,5380581.2,Alto,Aislada
La Talá,Asturias,Llanes,No,No,No,No,40 metros,-530415.109700002,5377039.8221,Bajo,Semiurbana
La Tayada,Asturias,Llanes,No,No,No,No,100 metros,-536103.535700001,5378909.9918,Medio,Aislada
Las Cámaras,Asturias,Llanes,Sí,No,Sí,No,100 metros,-535313.167300001,5377852.2265,Alto,Urbana
Toranda,Asturias,Llanes,Sí,Sí,No,No,300 metros,-538786.3354,5379323.9327,Alto,Semiurbana
Palombina,Asturias,Llanes,Sí,No,Sí,No,300 metros,-535446.750700001,5378066.8358,Alto,Urbana
Pendueles,Asturias,Llanes,No,No,No,No,150 metros,-515409.242400002,5372856.2991,Medio,Aislada
Pestaña,Asturias,Llanes,No,No,No,No,100 metros,-540522.919500001,5379753.2244,Medio,Aislada
Poo,Asturias,Llanes,Sí,No,No,No,150 metros,-532519.048099998,5377545.6505,Alto,Semiurbana
Portiellu de Cué,Asturias,Llanes,No,No,No,No,100 metros,-527676.6503,5375369.2516,Medio,Aislada
Puerto Chico,Asturias,Llanes,Sí,No,No,No,150 metros,-528522.678399999,5375966.9441,Alto,Urbana
San Antolín,Asturias,Llanes,Sí,No,No,No,1.200 metros,-542849.4969,5379507.9124,Alto,Semiurbana
San Antonio,Asturias,Llanes,No,No,No,No,70 metros,-548649.2423,5382176.0282,Alto,Aislada
San Martín,Asturias,Llanes,No,No,No,No,750 metros,-533442.999899998,5377790.9105,Medio,Aislada
Sevalle,Asturias,Llanes,No,No,No,No,160 metros,-538864.259100001,5379707.2279,Medio,Semiurbana
Sorraos,Asturias,Llanes,Sí,Sí,No,No,100 metros,-536860.508200001,5378526.7296,Alto,Semiurbana
Torimbia,Asturias,Llanes,Sí,No,No,No,500 metros,-540456.127799999,5379553.9079,Medio,Aislada
Toró,Asturias,Llanes,Sí,Sí,Sí,No,220 metros,-528121.928199999,5375553.1529,Alto,Semiurbana
Troenzo,Asturias,Llanes,No,No,No,No,120 metros,-536281.646899998,5378557.39,Alto,Semiurbana
Valle,Asturias,Llanes,No,No,No,No,120 metros,-538830.863200001,5379891.2152,Medio,Semiurbana
Vidiago,Asturias,Llanes,No,No,No,No,200 metros,-517925.062899999,5373116.7565,Alto,Semiurbana
Villanueva,Asturias,Llanes,No,No,No,No,20 metros,-550474.881999999,5382053.3393,Medio,Semiurbana
Xiglu,Asturias,Llanes,No,No,No,No,30 metros,-537439.369600002,5378818.0074,Alto,Urbana
Aguilar,Asturias,Muros de Nalón,Sí,Sí,Sí,Sí,360 metros,-680896.797400001,5396833.6891,Alto,Semiurbana
Campofrío,Asturias,Muros de Nalón,No,No,No,No,250 metros,-681453.3948,5396941.2132,Medio,Semiurbana
Cazonera,Asturias,Muros de Nalón,No,No,No,No,350 metros,-678803.991,5397294.5152,Medio,Aislada
El Focarón,Asturias,Muros de Nalón,No,No,No,No,50 metros,-677534.948800001,5397893.6235,Bajo,Aislada
El Garruncho,Asturias,Muros de Nalón,No,No,No,No,50 metros,-677134.198600002,5398154.7853,Bajo,Aislada
La Atalaya,Asturias,Muros de Nalón,No,No,No,No,720 metros,-678069.282299999,5397417.4061,Medio,Aislada
La Guardada,Asturias,Muros de Nalón,No,No,No,No,60 metros,-676867.031800002,5398354.5023,Bajo,Semiurbana
Las Llanas,Asturias,Muros de Nalón,No,No,No,No,500 metros,-679560.963500001,5397340.5991,Bajo,Aislada
Xilo,Asturias,Muros de Nalón,No,No,No,No,100 metros,-680618.4987,5396756.887,Medio,Semiurbana
Xan-Xun,Asturias,Muros de Nalón,No,No,No,No,180 metros,-680073.033199999,5396971.9346,Bajo,Aislada
Mendía,Asturias,Ribadedeva,No,No,No,No,480 metros,-507371.975099999,5371983.0542,Bajo,Aislada
Merón,Asturias,Villaviciosa,Sí,No,No,No,200 metros,-611611.546300001,5395067.4016,Medio,Aislada
Misiego,Asturias,Villaviciosa,No,No,Sí,No,1.100 metros,-599444.326000001,5392564.4581,Medio,Semiurbana
La Ñora,Asturias,Villaviciosa,Sí,Sí,No,Sí,250 metros,-622231.425700001,5395543.4981,Alto,Semiurbana
Rodiles,Asturias,Villaviciosa,Sí,Sí,Sí,Sí,1.100 metros,-598609.4298,5393362.8697,Alto,Semiurbana
Tazones,Asturias,Villaviciosa,Sí,No,No,No,100 metros,-601091.854400001,5395251.6941,Medio,Urbana
San Marcos,Santa Cruz de Tenerife,Agulo,No,Sí,No,No,150 metros,-1914372.4151,3273997.965,Bajo,Aislada
La Negra,Santa Cruz de Tenerife,Alajeró,No,No,No,No,250 metros,-1924836.4473,3254850.2548,Bajo,Aislada
La Cantera,Santa Cruz de Tenerife,Alajeró,No,No,No,No,300 metros,-1922821.5645,3253500.7126,Bajo,Aislada
Torviscas,Santa Cruz de Tenerife,Adeje,Sí,Sí,Sí,Sí,290 metros,-1863065.2618,3259328.6699,Alto,Urbana
El Bobo,Santa Cruz de Tenerife,Adeje,Sí,No,Sí,No,130 metros,-1862697.9075,3258041.7625,Alto,Urbana
La Pinta,Santa Cruz de Tenerife,Adeje,Sí,No,Sí,No,180 metros,-1862965.0743,3259038.4743,Alto,Urbana
Troya,Santa Cruz de Tenerife,Adeje,Sí,Sí,Sí,No,400 metros,-1862720.1714,3257625.4363,Alto,Urbana
La Tejita,Santa Cruz de Tenerife,Granadilla de Abona,No,Sí,No,No,1.000 metros,-1842738.3228,3252907.9655,Medio,Aislada
Montaña Roja,Santa Cruz de Tenerife,Granadilla de Abona,No,No,No,No,50 metros,-1841502.6764,3253399.8177,Medio,Aislada
Arra,Asturias,Ribadesella,No,No,No,No,320 metros,-558022.343400002,5382053.3393,Bajo,Aislada
La Atalaya,Asturias,Ribadesella,Sí,Sí,Sí,No,100 metros,-562764.553800002,5382896.8578,Bajo,Urbana
Santa Marina,Asturias,Ribadesella,Sí,Sí,Sí,No,1.150 metros,-563844.3528,5383172.935,Alto,Urbana
Vega,Asturias,Ribadesella,Sí,Sí,Sí,No,1.440 metros,-571581.057399999,5385412.5322,Medio,Semiurbana
Los Quebrantos,Asturias,Soto del Barco,Sí,Sí,Sí,No,810 metros,-674963.468499999,5398369.8654,Alto,Semiurbana
Peñarronda,Asturias,Tapia de Casariego,Sí,Sí,Sí,Sí,600 metros,-778501.7269,5396495.7646,Alto,Urbana
El Figo,Asturias,Tapia de Casariego,No,No,No,No,200 metros,-772768.7731,5399476.0702,Bajo,Aislada
El Murallón,Asturias,Tapia de Casariego,Sí,Sí,Sí,No,75 metros,-773458.954,5398876.8595,Alto,Urbana
La Grande,Asturias,Tapia de Casariego,Sí,Sí,Sí,No,410 metros,-773414.426199999,5398431.3177,Alto,Urbana
La Paloma,Asturias,Tapia de Casariego,Sí,No,Sí,No,170 metros,-774427.433600001,5398077.9723,Medio,Aislada
La Reburdia,Asturias,Tapia de Casariego,No,No,No,No,50 metros,-774026.683400001,5398661.7677,Medio,Semiurbana
Mexota,Asturias,Tapia de Casariego,No,No,No,No,240 metros,-777154.761100002,5397233.0704,Medio,Aislada
Pantorgas,Asturias,Tapia de Casariego,Sí,No,Sí,No,220 metros,-777967.393399999,5396910.4919,Medio,Semiurbana
Represas,Asturias,Tapia de Casariego,No,No,No,No,330 metros,-772423.682700001,5399199.5066,Bajo,Semiurbana
Sarello,Asturias,Tapia de Casariego,No,No,No,No,190 metros,-776676.087299999,5397033.3776,Medio,Aislada
Serantes,Asturias,Tapia de Casariego,Sí,Sí,Sí,No,200 metros,-776408.920499999,5396879.7707,Alto,Aislada
Barayo,Asturias,Valdés,No,No,No,No,670 metros,-736200.3204,5397555.6602,Medio,Aislada
Bozo,Asturias,Valdés,No,No,No,No,270 metros,-720593.327799998,5398108.6974,Bajo,Aislada
Cadavedo,Asturias,Valdés,Sí,Sí,Sí,Sí,440 metros,-709272.135600001,5396250.009,Alto,Semiurbana
Campiecho,Asturias,Valdés,No,No,No,No,450 metros,-711687.7685,5397325.2378,Bajo,Aislada
Carretón,Asturias,Valdés,No,No,No,No,300 metros,-722886.509300001,5395927.4647,Bajo,Aislada
Castiel,Asturias,Valdés,No,No,No,No,50 metros,-728252.108800001,5396342.1666,Bajo,Aislada
Chousera,Asturias,Valdés,No,No,No,No,170 metros,-726103.6426,5396050.3374,Bajo,Aislada
Churín,Asturias,Valdés,No,No,No,No,670 metros,-709505.906500001,5396895.1313,Bajo,Aislada
Playa de Cueva,Asturias,Valdés,Sí,Sí,Sí,No,580 metros,-720482.008299999,5396004.26,Medio,Semiurbana
Fontanecha,Asturias,Valdés,No,No,No,No,150 metros,-710908.532099999,5397018.0168,Bajo,Aislada
La Escaladina,Asturias,Valdés,No,No,No,No,210 metros,-724021.9681,5395912.1058,Bajo,Aislada
La Herbosa,Asturias,Valdés,No,No,No,No,380 metros,-720615.591699999,5397386.6832,Bajo,Aislada
Las Arreas,Asturias,Valdés,No,No,No,No,200 metros,-727038.726300001,5395727.8001,Bajo,Aislada
Los Molinos,Asturias,Valdés,No,No,No,No,200 metros,-722263.120200001,5395850.6701,Bajo,Aislada
Los Molinos,Asturias,Valdés,No,No,No,No,780 metros,-716051.492600001,5396634.005,Bajo,Aislada
Otur,Asturias,Valdés,Sí,Sí,Sí,Sí,600 metros,-734363.548799999,5396418.9653,Alto,Semiurbana
Perceberos,Asturias,Valdés,No,No,No,No,550 metros,-714659.9989,5396634.005,Bajo,Aislada
Picón,Asturias,Valdés,No,No,No,No,30 metros,-721628.599100001,5396434.3251,Bajo,Aislada
Plumineru,Asturias,Valdés,No,No,No,No,525 metros,-712867.755100001,5396956.5739,Bajo,Aislada
Portizuelo,Asturias,Valdés,No,No,No,No,220 metros,-725580.441,5395712.4415,Medio,Semiurbana
Primera y Segunda de Luarca,Asturias,Valdés,Sí,Sí,No,No,480 metros,-727751.171100002,5395435.9903,Alto,Urbana
Punxeo,Asturias,Valdés,No,No,No,No,400 metros,-717687.8891,5397724.6403,Bajo,Aislada
Ribón,Asturias,Valdés,No,No,No,No,160 metros,-708671.010299999,5396265.3685,Bajo,Aislada
Sabugo,Asturias,Valdés,No,No,No,No,200 metros,-735087.125500001,5396941.2132,Bajo,Aislada
Salinas,Asturias,Valdés,Sí,Sí,Sí,No,250 metros,-728307.7685,5395942.8237,Alto,Urbana
Santa Ana,Asturias,Valdés,No,No,No,No,360 metros,-716830.728999998,5397018.0168,Bajo,Aislada
Tablizo,Asturias,Valdés,No,No,No,No,230 metros,-707880.642000001,5396234.6495,Bajo,Aislada
Tourán,Asturias,Valdés,No,No,No,No,60 metros,-730033.220600002,5396034.9782,Bajo,Aislada
Turbeiriza,Asturias,Valdés,No,No,No,No,30 metros,-733840.347199999,5396480.4047,Bajo,Aislada
Vallinas,Asturias,Valdés,No,No,No,No,420 metros,-718545.049199998,5398139.4227,Bajo,Aislada
El Puntal,Asturias,Villaviciosa,Sí,No,No,No,150 metros,-599744.888599999,5392886.8852,Medio,Semiurbana
España,Asturias,Villaviciosa,Sí,No,No,No,440 metros,-615552.256299999,5395190.2629,Alto,Semiurbana
Ereses,Santa Cruz de Tenerife,Alajeró,No,No,No,No,250 metros,-1918591.4238,3252075.6409,Bajo,Aislada
Santiago,Santa Cruz de Tenerife,Alajeró,Sí,Sí,Sí,Sí,1.000 metros,-1914216.5678,3252630.5183,Medio,Urbana
Santa Catalina,Santa Cruz de Tenerife,Hermigua,Sí,No,No,No,1.000 metros,-1912435.456,3271484.6236,Medio,Aislada
Tapahuga,Santa Cruz de Tenerife,San Sebastián de la Gomera,No,No,No,No,350 metros,-1912847.3381,3253387.2059,Bajo,Aislada
El Medio,Santa Cruz de Tenerife,San Sebastián de la Gomera,No,No,No,No,350 metros,-1912535.6435,3253752.9533,Bajo,Aislada
Chinguarime,Santa Cruz de Tenerife,San Sebastián de la Gomera,No,No,No,No,800 metros,-1912090.3656,3253904.3,Bajo,Aislada
El Guincho,Santa Cruz de Tenerife,San Sebastián de la Gomera,No,No,No,No,200 metros,-1910197.9342,3255140.3608,Bajo,Aislada
La Roja,Santa Cruz de Tenerife,San Sebastián de la Gomera,No,No,No,No,500 metros,-1909318.5102,3255972.8735,Bajo,Aislada
El Cabrito,Santa Cruz de Tenerife,San Sebastián de la Gomera,Sí,Sí,No,No,630 metros,-1908505.878,3256780.2072,Bajo,Aislada
La Guancha,Santa Cruz de Tenerife,San Sebastián de la Gomera,No,No,No,No,500 metros,-1906824.9536,3258268.855,Bajo,Aislada
San Sebastián,Santa Cruz de Tenerife,San Sebastián de la Gomera,Sí,No,Sí,Sí,950 metros,-1904709.8833,3260287.6216,Medio,Urbana
La Cueva,Santa Cruz de Tenerife,San Sebastián de la Gomera,Sí,No,Sí,Sí,350 metros,-1904153.2859,3260502.1332,Medio,Urbana
Avalo,Santa Cruz de Tenerife,San Sebastián de la Gomera,No,No,No,No,350 metros,-1904242.3415,3263101.7795,Bajo,Semiurbana
Aguila,Santa Cruz de Tenerife,San Sebastián de la Gomera,No,No,No,No,330 metros,-1904353.6609,3265335.8551,Bajo,Aislada
Zamora,Santa Cruz de Tenerife,San Sebastián de la Gomera,No,No,No,No,120 metros,-1905121.7654,3266042.758,Bajo,Aislada
El Inglés,Santa Cruz de Tenerife,Valle Gran Rey,No,No,No,No,400 metros,-1931103.7346,3261637.8396,Medio,Aislada
Valle Gran Rey,Santa Cruz de Tenerife,Valle Gran Rey,Sí,No,No,No,1.400 metros,-1930413.5537,3260804.9789,Medio,Urbana
Vueltas,Santa Cruz de Tenerife,Valle Gran Rey,No,No,No,No,150 metros,-1929300.3588,3259391.7568,Medio,Urbana
La Sepultura,Santa Cruz de Tenerife,Vallehermoso,No,No,No,No,400 metros,-1919648.959,3274301.1132,Bajo,Aislada
Tamargada,Santa Cruz de Tenerife,Vallehermoso,No,No,No,No,200 metros,-1919971.7855,3274541.1103,Bajo,Aislada
Vallehermoso,Santa Cruz de Tenerife,Vallehermoso,Sí,No,Sí,No,300 metros,-1920517.251,3274579.005,Medio,Semiurbana
Arguamul,Santa Cruz de Tenerife,Vallehermoso,No,No,No,No,700 metros,-1925949.6422,3275134.8057,Bajo,Aislada
El Trigo,Santa Cruz de Tenerife,Vallehermoso,No,No,No,No,300 metros,-1929790.1646,3270651.1564,Bajo,Aislada
Alojera,Santa Cruz de Tenerife,Vallehermoso,Sí,No,No,No,300 metros,-1929645.4493,3269615.7081,Medio,Semiurbana
Argaga,Santa Cruz de Tenerife,Vallehermoso,No,No,No,No,350 metros,-1928465.4627,3259000.6231,Bajo,Aislada
Las Arenas,Santa Cruz de Tenerife,Vallehermoso,No,No,No,No,300 metros,-1928020.1847,3258407.6355,Medio,Aislada
La Rajita,Santa Cruz de Tenerife,Vallehermoso,No,No,No,No,500 metros,-1925649.0795,3255304.3365,Bajo,Aislada
Charco Azul,Santa Cruz de Tenerife,Frontera,No,No,No,No,8 metros,-2008248.1417,3218950.1168,Bajo,Aislada
Charco de los Sargos,Santa Cruz de Tenerife,Frontera,No,No,No,No,20 metros,-2005075.5362,3221843.8202,Bajo,Aislada
La Maceta,Santa Cruz de Tenerife,Frontera,Sí,Sí,No,No,40 metros,-2004774.9736,3221994.8128,Medio,Aislada
Punta Grande,Santa Cruz de Tenerife,Frontera,No,No,No,No,20 metros,-2002927.07,3223240.5655,Bajo,Urbana
Puerto de la Estaca,Santa Cruz de Tenerife,Valverde,No,No,No,No,600 metros,-1993119.8229,3221730.5768,Bajo,Semiurbana
Timijiraque,Santa Cruz de Tenerife,Valverde,Sí,No,Sí,No,350 metros,-1994244.1498,3220032.0386,Medio,Semiurbana
Las Playas,Santa Cruz de Tenerife,Valverde,No,No,No,No,3.500 metros,-1999042.0198,3213692.6901,Bajo,Aislada
Ajabo,Santa Cruz de Tenerife,Adeje,Sí,Sí,Sí,No,100 metros,-1868197.0903,3265045.5306,Medio,Semiurbana
La Enramada,Santa Cruz de Tenerife,Güímar,No,No,No,No,170 metros,-1825762.1004,3279948.4931,Bajo,Semiurbana
Callao,Santa Cruz de Tenerife,Güímar,No,No,No,No,1.490 metros,-1823825.1413,3284928.236,Bajo,Semiurbana
El Socorro,Santa Cruz de Tenerife,Güímar,No,No,No,No,1.010 metros,-1821498.564,3290162.7435,Bajo,Semiurbana
El Monis,Santa Cruz de Tenerife,Icod de los Vinos,No,No,No,No,130 metros,-1861517.9209,3297094.6487,Medio,Semiurbana
San Marcos,Santa Cruz de Tenerife,Icod de los Vinos,Sí,Sí,Sí,No,160 metros,-1861684.9001,3296765.6818,Alto,Urbana
Santo Domingo,Santa Cruz de Tenerife,La Guancha,No,No,No,No,70 metros,-1856297.0368,3298790.2214,Bajo,Aislada
Troche,Santa Cruz de Tenerife,San Cristóbal de La Laguna,No,No,No,No,390 metros,-1815810.138,3321169.1124,Bajo,Aislada
El Navío,Santa Cruz de Tenerife,San Cristóbal de La Laguna,No,No,No,No,350 metros,-1816188.6242,3321156.4369,Bajo,Aislada
Las Galgas,Santa Cruz de Tenerife,Adeje,No,No,Sí,No,50 metros,-1867685.0207,3264351.3017,Bajo,Semiurbana
El Pinque,Santa Cruz de Tenerife,Adeje,No,No,No,No,45 metros,-1867484.6456,3264073.6202,Medio,Semiurbana
Las Salinas,Santa Cruz de Tenerife,Adeje,No,No,No,No,45 metros,-1867328.7983,3263909.5383,Bajo,Semiurbana
El Puertito,Santa Cruz de Tenerife,Adeje,No,No,Sí,No,160 metros,-1866660.8814,3263328.9568,Medio,Semiurbana
Diego Hernández,Santa Cruz de Tenerife,Adeje,No,No,No,No,200 metros,-1865814.8532,3262660.0568,Medio,Aislada
Los Morteros,Santa Cruz de Tenerife,Adeje,No,No,No,No,60 metros,-1865503.1587,3262281.4489,Medio,Aislada
La Caleta,Santa Cruz de Tenerife,Adeje,No,No,No,No,60 metros,-1865213.728,3261700.9372,Medio,Semiurbana
El Duque,Santa Cruz de Tenerife,Adeje,Sí,Sí,Sí,Sí,390 metros,-1863866.7621,3260464.2779,Alto,Urbana
Fañabé,Santa Cruz de Tenerife,Adeje,Sí,Sí,Sí,No,600 metros,-1863221.1091,3259909.0799,Alto,Urbana
El Varadero,Santa Cruz de Tenerife,Adeje,No,No,Sí,No,25 metros,-1865402.9711,3261801.894,Bajo,Semiurbana
La Enramada,Santa Cruz de Tenerife,Adeje,No,Sí,Sí,No,325 metros,-1864835.2417,3261372.8329,Medio,Semiurbana
El Río,Santa Cruz de Tenerife,Arico,No,No,No,No,720 metros,-1834567.4722,3261549.5035,Bajo,Aislada
Callao Hondo,Santa Cruz de Tenerife,Arico,No,No,No,No,400 metros,-1833754.8399,3262483.3718,Bajo,Semiurbana
Tajao,Santa Cruz de Tenerife,Arico,No,No,No,No,50 metros,-1833598.9926,3262697.9182,Medio,Urbana
Los Abrigos,Santa Cruz de Tenerife,Arico,Sí,No,Sí,No,250 metros,-1829958.8453,3267014.81,Medio,Urbana
Cardones,Santa Cruz de Tenerife,Arico,No,No,No,No,120 metros,-1829725.0743,3266976.9365,Bajo,Aislada
Cueva de la Arena,Santa Cruz de Tenerife,Arico,No,No,No,No,70 metros,-1829324.3242,3267002.1855,Bajo,Aislada
Grande,Santa Cruz de Tenerife,Arico,No,No,Sí,No,310 metros,-1829224.1366,3268252.068,Medio,Semiurbana
Poris,Santa Cruz de Tenerife,Arico,Sí,No,Sí,No,110 metros,-1829146.213,3269691.4699,Alto,Urbana
El Bonito,Santa Cruz de Tenerife,Arico,No,No,No,No,180 metros,-1828712.067,3272608.623,Bajo,Aislada
El Sombrerito,Santa Cruz de Tenerife,Arico,No,No,No,No,100 metros,-1828700.935,3272798.0703,Bajo,Aislada
Aguadulce,Santa Cruz de Tenerife,Arico,No,No,No,No,110 metros,-1828433.7682,3273176.9729,Bajo,Aislada
Troya,Santa Cruz de Tenerife,Arona,No,No,Sí,No,650 metros,-1862675.6436,3257019.8937,Alto,Urbana
El Camisón,Santa Cruz de Tenerife,Arona,Sí,Sí,Sí,Sí,375 metros,-1862564.3241,3255657.5217,Alto,Urbana
Las Vistas,Santa Cruz de Tenerife,Arona,Sí,Sí,Sí,Sí,850 metros,-1861785.0877,3255607.0662,Alto,Urbana
Los Cristianos,Santa Cruz de Tenerife,Arona,Sí,No,Sí,No,345 metros,-1860950.1915,3255316.9501,Alto,Urbana
El Palmar,Santa Cruz de Tenerife,Arona,No,No,No,No,120 metros,-1859491.9062,3252252.1903,Alto,Semiurbana
El Callao,Santa Cruz de Tenerife,Arona,No,No,Sí,No,425 metros,-1859736.809,3250890.297,Bajo,Semiurbana
Los Enojados,Santa Cruz de Tenerife,Arona,No,No,No,No,80 metros,-1854950.0709,3250070.7048,Bajo,Semiurbana
Las Galletas,Santa Cruz de Tenerife,Arona,Sí,Sí,Sí,No,320 metros,-1854593.8486,3250070.7048,Medio,Urbana
La Ballena,Santa Cruz de Tenerife,Arona,No,No,No,No,30 metros,-1853636.5009,3250007.6613,Bajo,Urbana
Amarilla,Santa Cruz de Tenerife,San Miguel de Abona,No,No,No,No,50 metros,-1852189.3476,3250133.7486,Bajo,Semiurbana
Los Barqueros,Santa Cruz de Tenerife,Buenavista del Norte,No,Sí,No,No,80 metros,-1876846.6148,3296411.4188,Bajo,Aislada
Las Arenas,Santa Cruz de Tenerife,Buenavista del Norte,No,No,Sí,No,150 metros,-1878071.1292,3295842.0871,Alto,Aislada
Las Mujeres,Santa Cruz de Tenerife,Buenavista del Norte,No,No,No,No,100 metros,-1878416.2196,3295690.2694,Bajo,Aislada
El Fraile,Santa Cruz de Tenerife,Buenavista del Norte,No,No,No,No,420 metros,-1879073.0046,3295487.8484,Bajo,Aislada
La Ballenita,Santa Cruz de Tenerife,Buenavista del Norte,No,No,No,No,30 metros,-1883503.5203,3292249.5284,Medio,Aislada
La Viuda,Santa Cruz de Tenerife,Candelaria,No,No,Sí,No,250 metros,-1821932.71,3291971.2717,Medio,Semiurbana
Candelaria,Santa Cruz de Tenerife,Candelaria,No,Sí,No,No,590 metros,-1822233.2726,3293463.8069,Alto,Urbana
La Hornilla,Santa Cruz de Tenerife,Candelaria,No,No,Sí,No,50 metros,-1821954.9739,3294450.489,Medio,Urbana
Punta Larga,Santa Cruz de Tenerife,Candelaria,Sí,Sí,Sí,No,660 metros,-1821331.5847,3295867.3902,Medio,Urbana
Las Caletillas,Santa Cruz de Tenerife,Candelaria,Sí,Sí,Sí,No,60 metros,-1821231.3972,3296917.5116,Alto,Urbana
Tabaiba,Santa Cruz de Tenerife,El Rosario,No,No,No,No,40 metros,-1817891.8125,3299764.6399,Alto,Urbana
La Nea,Santa Cruz de Tenerife,El Rosario,No,Sí,Sí,No,210 metros,-1816478.0549,3300055.7138,Medio,Semiurbana
La Garañona,Santa Cruz de Tenerife,El Sauzal,No,No,No,No,1.300 metros,-1829613.7548,3310082.6382,Bajo,Aislada
Las Eras,Santa Cruz de Tenerife,Fasnia,No,No,No,No,150 metros,-1828222.2612,3273404.3196,Medio,Urbana
Los Roques,Santa Cruz de Tenerife,Fasnia,No,No,No,No,70 metros,-1827220.3858,3276701.2766,Bajo,Urbana
El Abrigo,Santa Cruz de Tenerife,Fasnia,No,No,No,No,230 metros,-1827075.6704,3276953.9502,Bajo,Aislada
El Muelle,Santa Cruz de Tenerife,Garachico,No,No,Sí,Sí,60 metros,-1866605.2216,3295804.1325,Medio,Urbana
La Caleta de Interián,Santa Cruz de Tenerife,Garachico,Sí,No,Sí,No,300 metros,-1869210.0977,3296107.7722,Medio,Urbana
Las Aguas,Santa Cruz de Tenerife,Garachico,No,No,No,No,250 metros,-1864790.7139,3295778.8295,Medio,Aislada
La Mareta,Santa Cruz de Tenerife,Granadilla de Abona,No,No,No,No,120 metros,-1845176.2196,3252870.1315,Bajo,Semiurbana
El Confital,Santa Cruz de Tenerife,Granadilla de Abona,No,No,No,No,210 metros,-1844630.7541,3252920.5769,Bajo,Aislada
El Médano,Santa Cruz de Tenerife,Granadilla de Abona,Sí,Sí,Sí,No,750 metros,-1841090.7943,3254534.9292,Alto,Urbana
La Jaquita,Santa Cruz de Tenerife,Granadilla de Abona,No,No,Sí,No,150 metros,-1840155.7106,3255329.5638,Medio,Urbana
La Pelada,Santa Cruz de Tenerife,Granadilla de Abona,No,No,No,No,80 metros,-1839176.0991,3256313.4615,Medio,Aislada
El Tanque del Vidrio,Santa Cruz de Tenerife,Granadilla de Abona,No,No,No,No,540 metros,-1837472.9109,3258092.2272,Bajo,Aislada
El Draguillo,Santa Cruz de Tenerife,Santa Cruz de Tenerife,No,No,No,No,150 metros,-1800603.8955,3322500.1083,Bajo,Aislada
Benijo,Santa Cruz de Tenerife,Santa Cruz de Tenerife,No,No,No,No,300 metros,-1801872.9377,3321790.2273,Medio,Aislada
El Burro,Santa Cruz de Tenerife,Villa de Mazo,No,No,No,No,50 metros,-1977167.7399,3321853.608,Bajo,Aislada
Nueva,Santa Cruz de Tenerife,Tazacorte,No,No,No,No,470 metros,-1996915.8175,3330019.5629,Bajo,Aislada
Les Botigues,Barcelona,Sitges,Sí,Sí,Sí,Sí,1.415 metros,216215.846999999,5051315.5073,Alto,Semiurbana
Platja Llarga d'Ibersol,Barcelona,Vilanova i la Geltrú,Sí,Sí,Sí,Sí,700 metros,188452.765999999,5042848.2462,Alto,Semiurbana
Sant Gervasi,Barcelona,Vilanova i la Geltrú,Sí,No,Sí,Sí,250 metros,190523.308499999,5043395.7296,Alto,Urbana
Ribes Roges,Barcelona,Vilanova i la Geltrú,Sí,Sí,Sí,Sí,1.200 metros,191825.7465,5043750.8706,Alto,Urbana
El Far de Sant Cristófol,Barcelona,Vilanova i la Geltrú,Sí,Sí,Sí,No,900 metros,193651.3862,5044342.8011,Alto,Urbana
Platja de Ponent,Barcelona,Vilassar de Mar,Sí,Sí,No,No,1.160 metros,264517.374000002,5085481.8928,Medio,Urbana
L'Astillero,Barcelona,Vilassar de Mar,Sí,Sí,No,No,950 metros,266810.555500001,5086908.7426,Bajo,Urbana
L'Almadrava,Barcelona,Vilassar de Mar,Sí,Sí,Sí,No,296 metros,267166.777899999,5087146.5715,Medio,Urbana
El Medio,Santa Cruz de Tenerife,Granadilla de Abona,No,No,No,No,1.150 metros,-1837105.5566,3258685.201,Bajo,Aislada
Punta Blanca,Santa Cruz de Tenerife,Guía de Isora,No,No,No,No,170 metros,-1874208.3428,3276006.4485,Medio,Aislada
Alcalá,Santa Cruz de Tenerife,Guía de Isora,No,No,Sí,No,30 metros,-1873340.0508,3274313.7445,Medio,Urbana
Méndez,Santa Cruz de Tenerife,Guía de Isora,No,No,No,No,50 metros,-1873262.1272,3274187.4318,Medio,Urbana
Baja Larga,Santa Cruz de Tenerife,Guía de Isora,No,No,No,No,90 metros,-1873295.523,3273997.965,Bajo,Urbana
San Juan,Santa Cruz de Tenerife,Guía de Isora,Sí,No,Sí,No,360 metros,-1871558.939,3271648.7975,Bajo,Semiurbana
Abama,Santa Cruz de Tenerife,Guía de Isora,Sí,Sí,Sí,No,100 metros,-1870768.5706,3270663.7843,Bajo,Semiurbana
Arenisco,Santa Cruz de Tenerife,San Cristóbal de La Laguna,No,Sí,No,No,80 metros,-1818192.3751,3321118.4104,Medio,Urbana
El Roquete,Santa Cruz de Tenerife,San Cristóbal de La Laguna,No,Sí,No,No,120 metros,-1818047.6597,3320243.8316,Medio,Urbana
Arenal,Santa Cruz de Tenerife,San Cristóbal de La Laguna,No,No,No,No,700 metros,-1818259.1668,3319458.0271,Bajo,Aislada
San Juan,Santa Cruz de Tenerife,San Cristóbal de La Laguna,Sí,Sí,No,Sí,200 metros,-1819550.4729,3319229.8989,Medio,Urbana
El Apio,Santa Cruz de Tenerife,San Cristóbal de La Laguna,No,No,No,No,450 metros,-1826541.3369,3315656.4006,Bajo,Semiurbana
El Ancón,Santa Cruz de Tenerife,La Orotava,No,No,No,No,200 metros,-1837105.5566,3302612.3729,Medio,Aislada
Los Patos,Santa Cruz de Tenerife,La Orotava,No,No,No,No,900 metros,-1837918.1888,3302080.7501,Medio,Aislada
El Bollullo,Santa Cruz de Tenerife,La Orotava,No,Sí,No,No,200 metros,-1838931.1962,3301764.318,Medio,Aislada
El Roque,Santa Cruz de Tenerife,Los Realejos,No,No,No,No,350 metros,-1844953.5807,3299979.7809,Bajo,Aislada
El Socorro,Santa Cruz de Tenerife,Los Realejos,Sí,Sí,Sí,Sí,400 metros,-1848315.4293,3298726.9499,Alto,Aislada
Playa Gordejuela,Santa Cruz de Tenerife,Los Realejos,No,No,No,No,300 metros,-1846523.1855,3299195.1659,Bajo,Aislada
Castro,Santa Cruz de Tenerife,Los Realejos,No,No,No,No,200 metros,-1847057.519,3299182.5112,Bajo,Aislada
El Gomero,Santa Cruz de Tenerife,Los Silos,No,No,No,No,50 metros,-1870089.5217,3296613.8536,Medio,Aislada
Agua Dulce,Santa Cruz de Tenerife,Los Silos,No,No,No,No,200 metros,-1871058.0013,3296462.0272,Medio,Aislada
Charco de la Araña,Santa Cruz de Tenerife,Los Silos,No,No,No,No,100 metros,-1871826.1057,3296942.8168,Medio,Semiurbana
Martianez,Santa Cruz de Tenerife,Puerto de la Cruz,No,No,Sí,No,350 metros,-1841424.7528,3301941.5191,Alto,Urbana
San Telmo,Santa Cruz de Tenerife,Puerto de la Cruz,Sí,No,Sí,Sí,20 metros,-1841959.0864,3301713.6896,Medio,Urbana
El Muelle,Santa Cruz de Tenerife,Puerto de la Cruz,Sí,No,Sí,No,50 metros,-1842382.1004,3301713.6896,Medio,Urbana
Playa Jardín,Santa Cruz de Tenerife,Puerto de la Cruz,Sí,Sí,Sí,Sí,250 metros,-1843383.9758,3301144.1328,Alto,Urbana
Las Aguas,Santa Cruz de Tenerife,San Juan de la Rambla,No,No,No,No,120 metros,-1852200.4795,3298802.8757,Medio,Urbana
Los Colmenares,Santa Cruz de Tenerife,San Miguel de Abona,No,No,No,No,230 metros,-1850642.0066,3251344.2463,Bajo,Aislada
El Barranco,Santa Cruz de Tenerife,San Miguel de Abona,No,No,No,No,120 metros,-1850107.6731,3251369.4661,Bajo,Aislada
San Blas,Santa Cruz de Tenerife,San Miguel de Abona,No,No,No,No,260 metros,-1847680.9082,3252529.6298,Bajo,Urbana
Valleseco,Santa Cruz de Tenerife,Santa Cruz de Tenerife,No,No,No,No,80 metros,-1807383.2525,3310437.2629,Medio,Urbana
Las Teresitas,Santa Cruz de Tenerife,Santa Cruz de Tenerife,Sí,Sí,Sí,No,1.300 metros,-1801728.2224,3313350.6078,Medio,Aislada
Las Gaviotas,Santa Cruz de Tenerife,Santa Cruz de Tenerife,No,No,No,No,250 metros,-1800670.6872,3313870.0099,Medio,Semiurbana
Playa Chica,Santa Cruz de Tenerife,Puerto de la Cruz,Sí,Sí,Sí,No,130 metros,-1843573.219,3301017.5679,Alto,Urbana
El Balayo,Santa Cruz de Tenerife,Santa Cruz de Tenerife,No,No,No,No,360 metros,-1799713.3396,3314503.4545,Bajo,Aislada
El Burro,Santa Cruz de Tenerife,Santa Cruz de Tenerife,No,No,No,No,350 metros,-1799379.3811,3314630.147,Bajo,Aislada
El Llano,Santa Cruz de Tenerife,Santa Cruz de Tenerife,No,No,No,No,110 metros,-1798678.0683,3314959.5531,Bajo,Aislada
Antequera,Santa Cruz de Tenerife,Santa Cruz de Tenerife,No,No,No,No,400 metros,-1795828.2894,3316619.3769,Bajo,Aislada
Casas Blancas,Santa Cruz de Tenerife,Santa Cruz de Tenerife,No,No,No,No,80 metros,-1796139.9839,3322145.1631,Bajo,Aislada
Roque Bermejo,Santa Cruz de Tenerife,Santa Cruz de Tenerife,No,No,No,No,120 metros,-1796117.7201,3322297.2813,Bajo,Aislada
Fabián,Santa Cruz de Tenerife,Santa Cruz de Tenerife,No,No,No,No,1.000 metros,-1801238.4166,3322132.4866,Bajo,Aislada
Almaciga,Santa Cruz de Tenerife,Santa Cruz de Tenerife,No,No,No,No,300 metros,-1802596.5144,3321346.5708,Medio,Aislada
Roque de las Bodegas,Santa Cruz de Tenerife,Santa Cruz de Tenerife,No,No,No,No,380 metros,-1803910.0844,3321004.3316,Medio,Semiurbana
Tachero,Santa Cruz de Tenerife,Santa Cruz de Tenerife,No,No,No,No,800 metros,-1805824.7796,3320535.3515,Bajo,Aislada
Tamadite,Santa Cruz de Tenerife,Santa Cruz de Tenerife,No,No,No,No,250 metros,-1809331.3436,3321093.0595,Bajo,Aislada
Los Guíos,Santa Cruz de Tenerife,Santiago del Teide,Sí,Sí,Sí,No,180 metros,-1874687.0167,3280201.2276,Alto,Urbana
Santiago,Santa Cruz de Tenerife,Santiago del Teide,Sí,No,Sí,No,50 metros,-1874898.5237,3278924.9669,Medio,Urbana
La Arena,Santa Cruz de Tenerife,Santiago del Teide,Sí,Sí,Sí,Sí,140 metros,-1874731.5444,3277964.692,Alto,Urbana
Barranco Seco,Santa Cruz de Tenerife,Santiago del Teide,No,No,No,No,620 metros,-1875677.7601,3283335.5291,Bajo,Aislada
El Rincón,Santa Cruz de Tenerife,Tacoronte,No,No,No,No,400 metros,-1827866.0388,3313679.9824,Medio,Aislada
El Sargo,Santa Cruz de Tenerife,Tacoronte,No,No,No,No,150 metros,-1828033.0181,3313097.2483,Bajo,Semiurbana
El Pris,Santa Cruz de Tenerife,Tacoronte,Sí,No,No,No,170 metros,-1827977.3583,3313489.9576,Bajo,Urbana
La Arena,Santa Cruz de Tenerife,Tacoronte,Sí,No,No,Sí,350 metros,-1828344.7126,3312223.1947,Alto,Urbana
El Camello,Santa Cruz de Tenerife,Tacoronte,No,No,No,No,400 metros,-1828500.5599,3311564.5254,Bajo,Aislada
Bajamar,Santa Cruz de Tenerife,Breña Alta,Sí,Sí,Sí,Sí,400 metros,-1978047.1639,3333812.6027,Medio,Semiurbana
Los Barcos,Cantabria,Arnuero,Sí,No,Sí,No,50 metros,-394293.636399999,5387775.4335,Medio,Urbana
El Sable,Cantabria,Arnuero,Sí,Sí,Sí,Sí,150 metros,-394282.5044,5388097.694,Alto,Urbana
Los Franceses,Cantabria,Arnuero,No,No,No,No,30 metros,-394237.976599999,5388450.6588,Medio,Aislada
La Arena,Cantabria,Arnuero,No,Sí,Sí,Sí,150 metros,-399091.5064,5388634.8197,Bajo,Aislada
Playa Fonda,Girona,Begur,No,No,No,No,130 metros,358159.329700001,5152265.3491,Alto,Aislada
Sa Tuna,Girona,Begur,Sí,No,No,No,80 metros,359517.427499998,5155034.4303,Alto,Semiurbana
Aiguafreda,Girona,Begur,Sí,Sí,Sí,No,15 metros,359205.732900001,5155648.2274,Medio,Aislada
Sa Riera,Girona,Begur,Sí,Sí,Sí,No,242 metros,357458.016899999,5156860.967,Alto,Urbana
Dels Morts,Girona,Colera,Sí,Sí,Sí,No,300 metros,351279.785100002,5221931.3277,Alto,Semiurbana
Rovellada,Girona,Colera,No,No,No,No,50 metros,352014.493799999,5222820.8528,Bajo,Semiurbana
Taballera,Girona,El Port de la Selva,No,No,No,No,135 metros,361743.817299999,5210480.5093,Bajo,Aislada
Cala Tamariua,Girona,El Port de la Selva,No,No,No,No,100 metros,357291.037700001,5212588.8301,Medio,Semiurbana
Los Cancajos,Santa Cruz de Tenerife,Breña Baja,Sí,Sí,Sí,Sí,624 metros,-1977112.0801,3331541.7232,Alto,Semiurbana
La Zamora,Santa Cruz de Tenerife,Fuencaliente de la Palma,No,No,No,No,190 metros,-1989835.8979,3314148.7218,Bajo,Aislada
Punta Larga,Santa Cruz de Tenerife,Fuencaliente de la Palma,No,No,No,No,110 metros,-1989056.6615,3309930.659,Medio,Aislada
Abadejos,Santa Cruz de Tenerife,Fuencaliente de la Palma,No,No,No,No,100 metros,-1988667.0433,3308309.6555,Bajo,Aislada
Echentive,Santa Cruz de Tenerife,Fuencaliente de la Palma,No,No,No,No,230 metros,-1987141.9663,3306942.0866,Bajo,Aislada
El Faro,Santa Cruz de Tenerife,Fuencaliente de la Palma,No,No,Sí,No,100 metros,-1986351.5979,3306549.5694,Bajo,Aislada
Las Cabras,Santa Cruz de Tenerife,Fuencaliente de la Palma,No,No,No,No,40 metros,-1984982.3681,3307828.4579,Bajo,Aislada
El Puertito,Santa Cruz de Tenerife,Fuencaliente de la Palma,No,No,No,No,75 metros,-1982900.6937,3312121.8589,Bajo,Aislada
El Río,Santa Cruz de Tenerife,Fuencaliente de la Palma,No,No,No,No,50 metros,-1981319.9569,3314541.4621,Bajo,Aislada
Murgas,Santa Cruz de Tenerife,Los Llanos de Aridane,No,No,No,No,100 metros,-1994466.7887,3323679.1014,Bajo,Aislada
Puerto Naos,Santa Cruz de Tenerife,Los Llanos de Aridane,Sí,Sí,Sí,Sí,510 metros,-1993698.6843,3322918.4488,Medio,Urbana
Pelota Bayana,Santa Cruz de Tenerife,Los Llanos de Aridane,No,No,No,No,50 metros,-1993164.3507,3321524.0316,Bajo,Aislada
Las Monjas,Santa Cruz de Tenerife,Los Llanos de Aridane,No,No,No,No,50 metros,-1992930.5798,3321384.5979,Medio,Aislada
El Charco Verde,Santa Cruz de Tenerife,Los Llanos de Aridane,Sí,No,Sí,Sí,271 metros,-1992540.9616,3321333.8951,Medio,Aislada
El Remo,Santa Cruz de Tenerife,Los Llanos de Aridane,Sí,No,No,No,100 metros,-1991461.1625,3318976.4278,Medio,Semiurbana
La Bombilla,Santa Cruz de Tenerife,Los Llanos de Aridane,No,No,No,No,650 metros,-1994622.636,3323818.5591,Medio,Aislada
Martín Luis,Santa Cruz de Tenerife,Puntallana,Sí,No,No,No,100 metros,-1974162.1136,3340005.5754,Bajo,Aislada
Puerto Trigo,Santa Cruz de Tenerife,Puntallana,Sí,No,No,No,50 metros,-1973772.4954,3341338.4575,Bajo,Aislada
Nogales,Santa Cruz de Tenerife,Puntallana,Sí,No,No,No,500 metros,-1974896.8223,3345160.1284,Bajo,Aislada
La Galga,Santa Cruz de Tenerife,Puntallana,No,No,No,No,150 metros,-1976288.3159,3347928.6711,Bajo,Aislada
El Varadero,Santa Cruz de Tenerife,San Andrés y Sauces,No,No,No,No,140 metros,-1977190.0038,3350888.3497,Bajo,Aislada
Puerto Espíndola,Santa Cruz de Tenerife,San Andrés y Sauces,Sí,No,No,No,200 metros,-1977423.7747,3351650.6059,Bajo,Semiurbana
Puerto de Tazacorte,Santa Cruz de Tenerife,Tazacorte,Sí,No,Sí,Sí,410 metros,-1997750.7137,3331224.5921,Alto,Semiurbana
Los Tarajales,Santa Cruz de Tenerife,Tazacorte,Sí,No,Sí,No,760 metros,-1997605.9984,3330691.8289,Medio,Urbana
El Charcón,Santa Cruz de Tenerife,Tazacorte,No,No,No,No,220 metros,-1995246.0252,3325023.0271,Bajo,Aislada
Los Guirres,Santa Cruz de Tenerife,Tazacorte,Sí,Sí,Sí,No,400 metros,-1995134.7057,3325872.5596,Medio,Aislada
La Cangrejera,Santa Cruz de Tenerife,Villa de Mazo,No,No,No,No,150 metros,-1977100.9482,3322183.1925,Medio,Aislada
El Pozo Norte,Santa Cruz de Tenerife,Villa de Mazo,Sí,Sí,No,No,300 metros,-1976900.5731,3322880.4173,Medio,Aislada
Piedra Nueva,Santa Cruz de Tenerife,Villa de Mazo,Sí,Sí,No,No,160 metros,-1976833.7814,3323286.0921,Bajo,Aislada
El Pocito,Santa Cruz de Tenerife,Villa de Mazo,No,No,No,No,150 metros,-1976733.5939,3324186.2273,Medio,Aislada
La Bajita,Santa Cruz de Tenerife,Villa de Mazo,No,No,No,No,50 metros,-1976600.0105,3326468.5326,Medio,Semiurbana
Los Roquitos,Santa Cruz de Tenerife,Fuencaliente de la Palma,No,No,No,No,300 metros,-1981587.1237,3314364.0941,Medio,Aislada
Martín,Santa Cruz de Tenerife,Villa de Mazo,No,No,No,No,300 metros,-1981097.3179,3314744.1712,Medio,Aislada
El Poris,Santa Cruz de Tenerife,Villa de Mazo,No,No,No,No,300 metros,-1980718.8316,3315821.1153,Medio,Aislada
Las Salineras,Santa Cruz de Tenerife,Villa de Mazo,No,No,No,No,200 metros,-1977223.3996,3320940.955,Medio,Semiurbana
Luaña,Cantabria,Alfoz de Lloredo,Sí,No,Sí,No,400 metros,-469890.702599999,5372090.2904,Medio,Aislada
La Arena,Cantabria,Arnuero,Sí,Sí,No,Sí,100 metros,-398223.214400001,5388865.026,Medio,Semiurbana
Cuberris,Cantabria,Bareyo,Sí,Sí,Sí,Sí,250 metros,-402330.9036,5387898.1981,Alto,Semiurbana
Antuerta,Cantabria,Bareyo,No,No,No,No,100 metros,-402932.028900001,5387867.5068,Bajo,Aislada
Dícido,Cantabria,Castro-Urdiales,Sí,Sí,No,No,300 metros,-355565.585499998,5367464.9406,Bajo,Aislada
Berrón,Cantabria,Castro-Urdiales,No,No,No,No,80 metros,-352782.598299999,5366102.2802,Bajo,Aislada
Brazomar,Cantabria,Castro-Urdiales,Sí,Sí,Sí,No,300 metros,-357491.412700001,5369103.46,Alto,Urbana
Ostende,Cantabria,Castro-Urdiales,Sí,Sí,Sí,Sí,800 metros,-359138.941199999,5371155.8453,Medio,Urbana
Arenillas,Cantabria,Castro-Urdiales,Sí,Sí,No,No,50 metros,-368723.549400002,5373653.0153,Medio,Semiurbana
Sant Sebastià,Barcelona,Barcelona,Sí,Sí,Sí,Sí,1.085 metros,243734.0251,5067397.0618,Alto,Urbana
La Barceloneta,Barcelona,Barcelona,Sí,Sí,Sí,No,422 metros,244045.719700001,5068212.9694,Alto,Urbana
La Nova Icària,Barcelona,Barcelona,Sí,Sí,Sí,No,415 metros,245181.1785,5070126.9145,Alto,Urbana
El Bogatell,Barcelona,Barcelona,Sí,Sí,Sí,Sí,702 metros,245693.248100001,5070735.3021,Alto,Urbana
La Mar Bella,Barcelona,Barcelona,Sí,Sí,Sí,No,512 metros,246227.581700001,5071284.3678,Alto,Semiurbana
La Nova Mar Bella,Barcelona,Barcelona,Sí,Sí,Sí,Sí,420 metros,246572.6721,5071744.4199,Alto,Semiurbana
Cabrera,Barcelona,Cabrera de Mar,Sí,Sí,Sí,No,1.200 metros,267934.882399999,5087651.9773,Alto,Urbana
Els Tres Micos,Barcelona,Caldes d'Estrac,Sí,Sí,Sí,Sí,600 metros,280847.943300001,5096203.306,Medio,Urbana
Platja del Bassiot,Barcelona,Caldes d'Estrac,Sí,Sí,Sí,No,250 metros,281549.256099999,5096590.1545,Medio,Urbana
Les Roques,Barcelona,Calella,Sí,No,No,No,736 metros,294339.865600001,5102260.76,Alto,Aislada
Garbí,Barcelona,Calella,Sí,Sí,Sí,Sí,752 metros,294940.990899999,5102618.0756,Alto,Urbana
Platja Gran,Barcelona,Calella,Sí,Sí,Sí,No,1.388 metros,296265.6928,5103094.517,Alto,Urbana
El Cavaió,Barcelona,Canet de Mar,Sí,Sí,No,No,520 metros,286514.1054,5098822.277,Bajo,Semiurbana
Canet de Mar,Barcelona,Canet de Mar,Sí,Sí,Sí,Sí,1.615 metros,288117.1061,5099521.782,Alto,Urbana
Castelldefels,Barcelona,Castelldefels,Sí,Sí,Sí,Sí,4.840 metros,220034.105500001,5051433.9831,Alto,Urbana
Mota de Sant Pere,Barcelona,Cubelles,Sí,Sí,Sí,No,1.300 metros,184756.958900001,5041368.7162,Medio,Urbana
Cubelles,Barcelona,Cubelles,Sí,Sí,Sí,Sí,465 metros,187016.7445,5042019.6816,Alto,Urbana
Platja del Masnou,Barcelona,El Masnou,Sí,No,Sí,Sí,1.100 metros,256546.898499999,5082658.5426,Medio,Semiurbana
Ocata,Barcelona,El Masnou,Sí,No,Sí,Sí,2.500 metros,258483.8576,5083223.1464,Alto,Semiurbana
Gavà,Barcelona,Gavà,Sí,Sí,Sí,Sí,3.800 metros,224253.1142,5051582.0799,Medio,Urbana
Malgrat Centre,Barcelona,Malgrat de Mar,Sí,Sí,Sí,Sí,900 metros,305327.099300001,5107443.1375,Alto,Urbana
Malgrat de la Conca,Barcelona,Malgrat de Mar,Sí,Sí,Sí,No,1.570 metros,307330.850200001,5108098.5799,Bajo,Aislada
La Bassa Rodona,Barcelona,Sitges,Sí,Sí,Sí,No,285 metros,200809.229400001,5046784.8971,Alto,Urbana
La Ribera,Barcelona,Sitges,Sí,Sí,Sí,Sí,260 metros,201154.319899999,5046947.7254,Alto,Urbana
La Fragata,Barcelona,Sitges,Sí,Sí,No,No,85 metros,201454.8825,5046977.3308,Alto,Urbana
Sant Sebastià,Barcelona,Sitges,Sí,Sí,Sí,Sí,205 metros,201978.084100001,5047228.9807,Alto,Urbana
Els Balmins,Barcelona,Sitges,Sí,Sí,Sí,No,240 metros,202657.133000001,5047184.5715,Alto,Urbana
Aiguadolç,Barcelona,Sitges,Sí,Sí,Sí,Sí,145 metros,203425.237500001,5047258.587,Alto,Urbana
Vallcarca,Barcelona,Sitges,No,No,No,No,80 metros,207777.829599999,5047791.516,Alto,Aislada
Cala Morisca,Barcelona,Sitges,Sí,Sí,No,No,140 metros,208044.996300001,5048191.232,Alto,Aislada
Garraf,Barcelona,Sitges,Sí,Sí,Sí,No,380 metros,211907.782699998,5049908.7181,Alto,Semiurbana
Cala Ginesta,Barcelona,Sitges,No,No,Sí,No,100 metros,213677.762600001,5050486.2173,Alto,Semiurbana
Aiguablava,Girona,Begur,Sí,Sí,Sí,No,65 metros,358014.614300001,5151083.1214,Alto,Aislada
Port d'Esclanyà,Girona,Begur,No,No,No,No,90 metros,357803.107299998,5151397.3701,Bajo,Aislada
Platja d'en Malaret,Girona,Begur,No,No,No,No,15 metros,357914.426800001,5151696.6643,Alto,Semiurbana
L'Illa Roja,Girona,Begur,No,No,No,No,174 metros,357368.961300001,5157594.6745,Medio,Aislada
El Racó,Girona,Begur,Sí,Sí,Sí,No,392 metros,357112.9265,5157984.0116,Alto,Semiurbana
S'Abanell,Girona,Blanes,Sí,Sí,Sí,Sí,3.100 metros,310035.913800001,5110869.8083,Alto,Urbana
Blanes,Girona,Blanes,Sí,Sí,Sí,Sí,625 metros,310937.6017,5112240.8194,Alto,Urbana
Els Capellans,Girona,Blanes,No,No,No,No,75 metros,311906.081300002,5112270.6261,Bajo,Semiurbana
Cala de Sant Francesc,Girona,Blanes,Sí,Sí,Sí,Sí,220 metros,312507.206500001,5112836.9722,Alto,Semiurbana
Sa Conca,Girona,Cadaqués,No,No,No,No,125 metros,364760.5755,5203120.1254,Medio,Semiurbana
Es Sortell,Girona,Cadaqués,No,No,No,No,55 metros,364938.686700001,5203330.7727,Medio,Semiurbana
Llané Gran y Petit,Girona,Cadaqués,Sí,No,Sí,No,130 metros,364626.9921,5203646.7524,Medio,Urbana
Port d'Alguer,Girona,Cadaqués,Sí,No,Sí,No,65 metros,364693.783799998,5204113.2178,Medio,Urbana
Gran y d'Es Portal,Girona,Cadaqués,Sí,No,Sí,No,200 metros,364927.554699998,5204308.8392,Medio,Urbana
Es Poal,Girona,Cadaqués,No,No,Sí,No,30 metros,365216.985399999,5204308.8392,Bajo,Urbana
Es Pianc,Girona,Cadaqués,No,No,Sí,No,30 metros,365317.172899999,5204158.3609,Medio,Urbana
Ses Oliveres,Girona,Cadaqués,No,No,Sí,No,100 metros,365729.055100001,5203887.5059,Bajo,Semiurbana
Ros,Girona,Cadaqués,Sí,No,Sí,No,30 metros,365985.089899998,5203676.8462,Medio,Semiurbana
Portlligat,Girona,Cadaqués,No,No,Sí,No,80 metros,365862.6384,5205106.4143,Bajo,Semiurbana
S'Alqueria Petita,Girona,Cadaqués,No,No,No,No,25 metros,366051.8816,5205618.1016,Alto,Semiurbana
S'Alqueria Gran,Girona,Cadaqués,No,No,Sí,No,58 metros,366140.937199999,5205873.9556,Alto,Semiurbana
Cala Portaló,Girona,Cadaqués,No,No,No,No,35 metros,365762.4509,5209863.1614,Bajo,Aislada
Comptat de Sant Jordi,Girona,Calonge,Sí,Sí,No,No,107 metros,343175.726199999,5134995.4347,Alto,Aislada
Cap Roig,Girona,Calonge,No,No,No,No,21 metros,343353.837400001,5135204.5802,Medio,Semiurbana
Ses Torretes,Girona,Calonge,Sí,Sí,No,Sí,189 metros,343498.552700002,5135503.3675,Alto,Semiurbana
Can Cristus,Girona,Calonge,Sí,Sí,No,Sí,184 metros,343665.532000002,5135772.2841,Alto,Semiurbana
Cala del Forn,Girona,Calonge,No,No,No,No,31 metros,343832.5112,5135876.8648,Alto,Aislada
Cala dels Esculls,Girona,Calonge,No,No,No,No,26 metros,343910.434900001,5135921.6855,Medio,Aislada
Cala de la Roca del Paller,Girona,Calonge,No,No,No,No,32 metros,343988.3585,5135951.566,Medio,Aislada
Roques Planes,Girona,Calonge,No,No,No,No,25 metros,344144.205800001,5135951.566,Medio,Aislada
Racó dels Homes,Girona,Calonge,No,No,No,No,60 metros,344355.7128,5136504.373,Medio,Semiurbana
Torre Valentina,Girona,Calonge,Sí,Sí,Sí,Sí,576 metros,344589.483800001,5137042.27,Alto,Urbana
Sant Antoni,Girona,Calonge,Sí,Sí,Sí,Sí,1.500 metros,345502.303599998,5137864.1155,Alto,Urbana
Es Monestrí,Girona,Calonge,Sí,Sí,No,Sí,355 metros,346749.081900001,5138342.3127,Alto,Urbana
Sa Conca,Girona,Castell-Platja d'Aro,Sí,Sí,Sí,Sí,385 metros,340793.489100002,5130843.348,Medio,Semiurbana
Cala Pedrosa,Girona,Castell-Platja d'Aro,No,No,No,No,20 metros,340381.607000001,5129768.2812,Bajo,Semiurbana
Platja d'Aro,Girona,Castell-Platja d'Aro,Sí,Sí,Sí,Sí,2.265 metros,341505.933899999,5133008.7799,Alto,Urbana
Cala Rovira,Girona,Castell-Platja d'Aro,Sí,Sí,Sí,Sí,218 metros,342184.982700001,5134353.0876,Alto,Semiurbana
Sa Cova,Girona,Castell-Platja d'Aro,No,No,No,No,55 metros,342340.829999998,5134472.5908,Medio,Semiurbana
Cala del Pi,Girona,Castell-Platja d'Aro,No,No,No,No,65 metros,342596.8649,5134592.0954,Medio,Semiurbana
Cala Belladona,Girona,Calonge,Sí,Sí,No,No,110 metros,342975.351100001,5134875.925,Alto,Semiurbana
Empúriabrava,Girona,Castelló d'Empúries,Sí,Sí,Sí,Sí,1.300 metros,348340.950599998,5197284.0478,Alto,Urbana
La Rovina,Girona,Castelló d'Empúries,Sí,Sí,No,No,1.700 metros,349765.840100002,5199073.5971,Medio,Aislada
Punta d'Es Borró,Girona,Colera,No,No,No,No,100 metros,352070.153499998,5219670.2001,Bajo,Aislada
Platja del Borró,Girona,Colera,No,No,No,No,125 metros,351802.9868,5219413.973,Medio,Aislada
Garbet,Girona,Colera,No,Sí,No,No,460 metros,350934.694699999,5219926.434,Alto,Aislada
Colera,Girona,Colera,Sí,Sí,Sí,No,140 metros,351413.368500002,5221735.3419,Medio,Urbana
El Pas,Girona,El Port de la Selva,No,No,Sí,No,50 metros,356400.481699999,5212588.8301,Alto,Semiurbana
De Sota,Girona,El Port de la Selva,No,No,No,No,120 metros,356667.648499999,5211896.0444,Bajo,Urbana
Port de la Selva,Girona,El Port de la Selva,Sí,No,Sí,Sí,500 metros,356344.822000001,5211353.8996,Alto,Urbana
L'Arola,Girona,El Port de la Selva,No,No,Sí,No,60 metros,355598.981400002,5211414.1363,Medio,Semiurbana
Llafranc,Girona,Palafrugell,Sí,Sí,Sí,Sí,328 metros,355643.509199999,5145084.45,Alto,Urbana
Tamariu,Girona,Palafrugell,Sí,No,Sí,Sí,180 metros,357090.662599999,5148704.1449,Alto,Urbana
Aigua Xelida,Girona,Palafrugell,No,No,No,No,17 metros,357947.8226,5149242.7291,Medio,Aislada
Gran de Palamós,Girona,Palamós,Sí,Sí,Sí,No,884 metros,347250.0196,5138327.3687,Alto,Urbana
Canyet,Girona,Santa Cristina d'Aro,No,No,No,No,50 metros,331810.006200001,5125021.5129,Medio,Semiurbana
Mas Pinell,Girona,Torroella de Montgrí,No,No,Sí,No,3.100 metros,355699.168900002,5162941.9624,Medio,Semiurbana
L'Estartit,Girona,Torroella de Montgrí,Sí,Sí,Sí,No,3.196 metros,355877.280099999,5167962.4559,Alto,Urbana
Porto Pí,Girona,Tossa de Mar,No,Sí,No,No,355 metros,322826.5233,5117428.5911,Bajo,Aislada
Santa María de Llorell,Girona,Tossa de Mar,Sí,Sí,No,No,460 metros,323216.1415,5117697.0005,Alto,Semiurbana
Cala d'En Carles,Girona,Tossa de Mar,Sí,Sí,No,No,100 metros,323717.0792,5117622.4415,Alto,Aislada
Cala Pepo,Tarragona,L'Ametlla de Mar,Sí,No,No,No,25 metros,89011.0648000017,4994495.8173,Alto,Urbana
L'Alguer,Tarragona,L'Ametlla de Mar,Sí,Sí,Sí,Sí,155 metros,89690.1136999987,4995364.5106,Alto,Urbana
Port de la Vall,Girona,El Port de la Selva,No,No,No,No,150 metros,354675.029599998,5212453.2811,Alto,Semiurbana
Riells,Girona,L'Escala,Sí,Sí,Sí,No,600 metros,349443.013500001,5178221.4826,Alto,Urbana
Port d'en Perris,Girona,L'Escala,Sí,No,Sí,No,30 metros,349019.999499999,5179932.3964,Medio,Urbana
La Platja,Girona,L'Escala,Sí,Sí,Sí,No,165 metros,348797.3605,5179932.3964,Alto,Urbana
Cala de la Creu,Girona,L'Escala,No,No,No,No,60 metros,348318.686700001,5180007.4435,Medio,Urbana
El Rec del Molí,Girona,L'Escala,Sí,Sí,Sí,No,330 metros,347773.2212,5180127.5201,Medio,Semiurbana
El Portitxol,Girona,L'Escala,Sí,Sí,Sí,No,250 metros,347561.714200001,5180712.9154,Medio,Aislada
Les Muscleres,Girona,L'Escala,Sí,Sí,No,No,250 metros,347506.054400001,5181073.1766,Alto,Aislada
Sant Martí d'Empúries,Girona,L'Escala,Sí,Sí,Sí,No,300 metros,347149.831999999,5182063.9652,Alto,Semiurbana
El Riuet,Girona,L'Escala,Sí,Sí,Sí,No,600 metros,346938.324999999,5182724.5484,Medio,Semiurbana
Cau del Llop,Girona,Llançà,Sí,No,Sí,No,200 metros,352081.285500001,5215179.6956,Alto,Semiurbana
La Farella,Girona,Llançà,No,Sí,Sí,No,260 metros,352125.813299999,5215812.4565,Alto,Urbana
El Port,Girona,Llançà,Sí,Sí,Sí,Sí,425 metros,351780.722899999,5216761.6772,Alto,Urbana
Grifeu,Girona,Llançà,Sí,Sí,Sí,Sí,170 metros,351302.048999999,5218283.6424,Alto,Semiurbana
Canyelles,Girona,Llançà,No,No,No,No,380 metros,351758.458999999,5218886.4686,Bajo,Semiurbana
Cala Morisca,Girona,Lloret de Mar,No,No,No,No,40 metros,322436.905099999,5116906.7055,Bajo,Aislada
Santa Cristina,Girona,Lloret de Mar,Sí,No,No,Sí,450 metros,313776.2487,5114446.7701,Alto,Semiurbana
Sa Boadella,Girona,Lloret de Mar,Sí,Sí,No,Sí,250 metros,314355.110100001,5114730.0033,Medio,Semiurbana
Fenals,Girona,Lloret de Mar,Sí,Sí,Sí,No,700 metros,315390.381299999,5115296.4946,Alto,Urbana
Cala Banys,Girona,Lloret de Mar,No,No,No,No,50 metros,316603.763799999,5115430.6685,Medio,Aislada
Platja de Lloret,Girona,Lloret de Mar,Sí,Sí,Sí,Sí,1.600 metros,317371.868299998,5116027.0197,Alto,Urbana
Sa Caleta,Girona,Lloret de Mar,Sí,Sí,No,No,100 metros,318251.292199999,5116116.4756,Alto,Semiurbana
Cala dels Frares,Girona,Lloret de Mar,No,No,No,No,130 metros,318396.007599998,5116027.0197,Bajo,Aislada
Caleta d'en Trons,Girona,Lloret de Mar,No,No,No,No,80 metros,318852.4175,5116071.7476,Bajo,Semiurbana
La Tortuga,Girona,Lloret de Mar,No,No,No,No,100 metros,319887.688700002,5116414.6679,Bajo,Aislada
Canyelles,Girona,Lloret de Mar,Sí,Sí,No,Sí,450 metros,321012.0156,5116712.8695,Alto,Semiurbana
Cala del Crit,Girona,Mont-ras,No,No,No,No,50 metros,353673.154199999,5141615.6167,Bajo,Aislada
El Golfet,Girona,Palafrugell,No,No,No,No,68 metros,353784.473700002,5142856.4771,Medio,Semiurbana
Els Canyers,Girona,Palafrugell,Sí,No,No,No,15 metros,354207.487799998,5143977.875,Medio,Urbana
Port Pelegrí,Girona,Palafrugell,Sí,Sí,No,No,73 metros,354274.279399998,5144127.4047,Alto,Urbana
D'en Calau,Girona,Palafrugell,Sí,Sí,No,No,77 metros,354452.3906,5144247.0301,Alto,Urbana
Port Bo,Girona,Palafrugell,Sí,Sí,Sí,No,54 metros,354552.578200001,5144261.9834,Alto,Urbana
Malaspina,Girona,Palafrugell,Sí,Sí,No,No,44 metros,354630.501800001,5144261.9834,Alto,Urbana
Canadell,Girona,Palafrugell,Sí,Sí,No,Sí,210 metros,354864.272799999,5144306.8434,Alto,Urbana
Cala de Morro del Vedell,Girona,Palamós,Sí,No,No,No,49 metros,349231.506499998,5138222.7611,Medio,Semiurbana
Cala Margarida,Girona,Palamós,Sí,No,No,No,112 metros,349565.465,5138446.9215,Medio,Semiurbana
La Fosca,Girona,Palamós,Sí,Sí,Sí,Sí,300 metros,349843.763700001,5139567.8021,Alto,Semiurbana
Cala de Sa Futadera,Girona,Tossa de Mar,No,No,No,No,100 metros,329216.2621,5121813.5525,Bajo,Aislada
Cala Salions,Girona,Tossa de Mar,Sí,No,No,No,80 metros,330207.0055,5123275.6524,Alto,Semiurbana
La Fonda,Tarragona,Alcanar,No,No,No,No,60 metros,59377.816399999,4947026.7552,Bajo,Aislada
Mar-i-Cel,Tarragona,Alcanar,Sí,Sí,No,No,400 metros,60190.4486999996,4949019.5825,Medio,Aislada
Cala Llobeta,Tarragona,L'Ametlla de Mar,Sí,No,No,No,25 metros,94332.136500001,5001521.2013,Medio,Semiurbana
L'Almadrava,Tarragona,Vandellòs i l'Hospitalet de l'Infant,Sí,Sí,Sí,No,1.200 metros,95478.7272999994,5003348.3369,Medio,Semiurbana
Cala Canyadell,Tarragona,Altafulla,No,No,No,No,60 metros,154711.828299999,5031934.631,Bajo,Semiurbana
Barrio Marítimo,Tarragona,Torredembarra,Sí,Sí,Sí,Sí,820 metros,156938.2181,5033353.593,Alto,Urbana
Sant Esteve de la Fosca,Girona,Palamós,Sí,Sí,Sí,No,177 metros,350088.6666,5139821.8866,Alto,Semiurbana
Cala S'Alguer,Girona,Palamós,No,No,No,No,66 metros,350856.7711,5140345.0231,Medio,Aislada
El Castell,Girona,Palamós,Sí,Sí,No,No,329 metros,351379.9727,5140449.6539,Alto,Semiurbana
Cala Estreta,Girona,Palamós,No,No,No,No,34 metros,353194.4804,5140823.3444,Alto,Aislada
Cala Bona,Girona,Palamós,No,No,No,No,160 metros,353272.403999999,5140913.0323,Bajo,Aislada
Cap de Planes,Girona,Palamós,No,No,No,No,162 metros,353628.626400001,5141197.0496,Bajo,Aislada
Pals,Girona,Pals,Sí,Sí,Sí,No,3.500 metros,356712.1763,5158807.6616,Alto,Semiurbana
Claper,Girona,Portbou,No,No,No,No,40 metros,352749.202399999,5224328.7134,Bajo,Aislada
Portbou,Girona,Portbou,Sí,Sí,Sí,No,270 metros,351869.7784,5225158.1393,Alto,Urbana
Tres Platgetes,Girona,Portbou,No,No,No,No,105 metros,351981.097899999,5225520.0934,Medio,Semiurbana
Del Pi,Girona,Portbou,No,No,No,No,30 metros,352226.000799999,5225670.9117,Bajo,Aislada
Santa Margarida,Girona,Roses,Sí,Sí,Sí,No,600 metros,350923.562800001,5200111.3895,Alto,Urbana
Salatar,Girona,Roses,Sí,Sí,Sí,No,500 metros,351736.195099998,5200547.597,Alto,Urbana
El Rastell,Girona,Roses,Sí,Sí,Sí,No,800 metros,352682.410700001,5200713.0603,Alto,Urbana
La Perola,Girona,Roses,Sí,Sí,Sí,No,450 metros,353728.813900001,5200021.1422,Medio,Urbana
Els Palangrers,Girona,Roses,Sí,No,No,No,140 metros,354207.487799998,5198577.3017,Medio,Semiurbana
Canyelles Petites,Girona,Roses,Sí,No,Sí,No,370 metros,355843.884300001,5198065.9942,Alto,Semiurbana
L'Almadrava,Girona,Roses,Sí,No,No,No,500 metros,357035.002799999,5197133.6809,Alto,Urbana
Cala Murtra,Girona,Roses,No,No,No,No,130 metros,358983.093899999,5196968.28,Bajo,Aislada
Cala Rostella,Girona,Roses,No,No,No,No,110 metros,359138.941199999,5197614.8634,Bajo,Aislada
Cala Montjoi,Girona,Roses,No,No,No,No,280 metros,359317.0524,5198682.5743,Medio,Semiurbana
Cala Calitjàs,Girona,Roses,No,No,No,No,110 metros,360563.830699999,5198652.4963,Bajo,Aislada
Cala de La Pelosa,Girona,Roses,No,No,No,No,90 metros,361120.428100001,5198441.9529,Medio,Aislada
Cala Canadell,Girona,Roses,No,No,No,No,75 metros,362088.907699998,5197990.8042,Bajo,Aislada
Cala Jóncols,Girona,Roses,No,No,No,No,190 metros,362211.359099999,5198968.3201,Medio,Semiurbana
Canyerets,Girona,Sant Feliu de Guíxols,Sí,Sí,No,No,160 metros,332155.0966,5125185.67,Bajo,Semiurbana
Sant Feliu,Girona,Sant Feliu de Guíxols,Sí,Sí,Sí,Sí,400 metros,337487.3002,5128140.9791,Alto,Urbana
Sant Pol,Girona,Sant Feliu de Guíxols,Sí,Sí,Sí,Sí,870 metros,339502.182999998,5129678.6977,Alto,Urbana
Vallpresona,Girona,Santa Cristina d'Aro,No,No,No,No,280 metros,330963.978100002,5124156.0038,Bajo,Aislada
Senyor Ramón,Girona,Santa Cristina d'Aro,Sí,No,No,No,350 metros,331431.519900002,5124752.8982,Medio,Semiurbana
Playa de la Corcollada,Girona,Santa Cristina d'Aro,No,No,No,No,75 metros,331142.089299999,5124320.146,Bajo,Aislada
Cala Llevadó,Girona,Tossa de Mar,Sí,No,No,No,65 metros,323973.114100002,5117488.237,Alto,Aislada
Es Codolar,Girona,Tossa de Mar,Sí,Sí,No,No,90 metros,326433.274799999,5118517.1868,Medio,Urbana
Platja Gran,Girona,Tossa de Mar,Sí,Sí,No,Sí,385 metros,326555.726199999,5119009.3323,Alto,Urbana
La Mar Menuda,Girona,Tossa de Mar,Sí,Sí,Sí,Sí,180 metros,327078.9278,5119441.8447,Alto,Urbana
Cala Bona,Girona,Tossa de Mar,No,Sí,No,No,20 metros,328002.8796,5120649.9998,Medio,Aislada
Cala Pola,Girona,Tossa de Mar,No,Sí,No,No,70 metros,328492.685400002,5121097.5034,Alto,Aislada
Cala Giverola,Girona,Tossa de Mar,Sí,Sí,No,No,175 metros,328804.379999999,5121709.1253,Alto,Semiurbana
El Ciment,Tarragona,Alcanar,Sí,Sí,Sí,No,300 metros,60836.1017000005,4949561.8188,Alto,Aislada
Suizo,Tarragona,Sant Carles de la Ràpita,Sí,Sí,No,No,70-80 metros,64687.756099999,4954164.7077,Medio,Urbana
Les Delicies,Tarragona,Sant Carles de la Ràpita,Sí,Sí,Sí,Sí,225 metros,64966.0548,4954472.6213,Alto,Urbana
El Faro,Tarragona,Sant Carles de la Ràpita,Sí,Sí,No,No,100 metros,65121.9021000005,4954575.2613,Alto,Urbana
Senieta,Tarragona,Sant Carles de la Ràpita,Sí,Sí,No,No,100 metros,65266.6174999997,4954780.5446,Alto,Urbana
Aiguassera,Tarragona,Sant Carles de la Ràpita,Sí,Sí,No,No,70 metros,65377.936900001,4954912.5147,Alto,Urbana
Capri,Tarragona,Sant Carles de la Ràpita,Sí,Sí,No,No,75 metros,65433.5967000015,4955000.4958,Alto,Urbana
Juanito,Tarragona,Sant Carles de la Ràpita,Sí,Sí,No,No,165 metros,65633.9717999995,4955249.7797,Alto,Urbana
El Garbi,Tarragona,Sant Carles de la Ràpita,Sí,Sí,Sí,Sí,530 metros,66012.4580000006,4955557.7275,Alto,Urbana
El Marjal Norte,Tarragona,Alcanar,Sí,Sí,Sí,Sí,500 metros,58542.9202000014,4945825.3932,Bajo,Semiurbana
El Marjal Sur,Tarragona,Alcanar,Sí,Sí,No,No,700 metros,58131.0381000005,4945180.8205,Bajo,Semiurbana
Les Cases d'Alcanar,Tarragona,Alcanar,Sí,Sí,Sí,Sí,300 metros,58921.4065000005,4946235.5978,Alto,Urbana
El Trabucador,Tarragona,Sant Carles de la Ràpita,No,No,No,No,6.165 metros,81096.2490000017,4955279.1077,Bajo,Aislada
Los Eucaliptos,Tarragona,Amposta,Sí,Sí,Sí,No,2.000 metros,87229.9530000016,4961616.0013,Medio,Aislada
El Serrallo,Tarragona,Sant Jaume d'Enveja,No,No,No,No,4.400 metros,91838.5799000002,4963729.2108,Bajo,Aislada
Riumar,Tarragona,Deltebre,Sí,Sí,Sí,Sí,2.600 metros,94710.6228,4972539.1667,Bajo,Semiurbana
La Marquesa,Tarragona,Deltebre,No,Sí,No,No,1.150 metros,88877.4814000018,4977241.0579,Bajo,Aislada
Punta del Fangar,Tarragona,Deltebre,No,No,No,No,6.500 metros,87675.2309000008,4978975.4515,Bajo,Aislada
Balsa de la Arena,Tarragona,Deltebre,Sí,No,No,No,1.800 metros,91237.4547000006,4974243.3409,Bajo,Aislada
El Arenal,Tarragona,L'Ampolla,No,Sí,Sí,No,1.800 metros,77923.6435999982,4982842.2002,Alto,Semiurbana
El Arquitecto,Tarragona,L'Ampolla,No,No,No,No,160 metros,78613.8244000003,4984342.2641,Alto,Urbana
Les Avellanes,Tarragona,L'Ampolla,Sí,Sí,Sí,Sí,170 metros,79649.0956999995,4984798.2115,Alto,Urbana
Els Capellans,Tarragona,L'Ampolla,Sí,No,No,No,95 metros,79882.8665999994,4984886.4619,Bajo,Urbana
Baconé,Tarragona,L'Ampolla,Sí,No,No,No,170 metros,80272.4847999997,4985121.8,Bajo,Urbana
Cap Roig,Tarragona,L'Ampolla,Sí,Sí,Sí,Sí,185 metros,81574.9228999987,4986107.3403,Alto,Semiurbana
Cala Buena,Tarragona,El Perelló,Sí,No,No,No,38 metros,82476.6107000001,4986533.9483,Bajo,Semiurbana
Santa Llúcia,Tarragona,El Perelló,Sí,Sí,Sí,No,500 metros,82587.9301999994,4986901.7288,Alto,Semiurbana
Cala Moros,Tarragona,El Perelló,No,No,No,No,90 metros,83344.9028000012,4989255.8524,Bajo,Aislada
Platja de l'Àliga,Tarragona,El Perelló,Sí,No,No,No,100 metros,83656.5973000005,4989653.1668,Bajo,Aislada
Cala de l'Estany Podrit,Tarragona,L'Ametlla de Mar,No,No,No,No,70 metros,85693.743999999,4991404.4861,Bajo,Aislada
Cala Leña,Tarragona,L'Ametlla de Mar,No,No,No,No,60 metros,86862.5987000018,4991816.607,Bajo,Aislada
Cala Santes Creus,Tarragona,L'Ametlla de Mar,No,No,No,No,100 metros,87018.4459999986,4991963.7972,Bajo,Aislada
Port Olivet,Tarragona,L'Ametlla de Mar,No,No,No,No,40 metros,87730.8907000013,4992567.3005,Bajo,Aislada
Puerto de L'Estany Gras,Tarragona,L'Ametlla de Mar,Sí,Sí,No,No,165 metros,88209.5645000003,4992964.7498,Medio,Semiurbana
Cala Bon Capó,Tarragona,L'Ametlla de Mar,No,No,No,No,65 metros,88510.1270999983,4993862.7506,Alto,Semiurbana
Bon Caponet,Tarragona,L'Ametlla de Mar,No,No,No,No,25 metros,88610.3147,4994098.3055,Bajo,Semiurbana
Ribes Altes,Tarragona,L'Ametlla de Mar,No,No,No,No,25 metros,88832.9536999986,4994274.9754,Bajo,Semiurbana
Pixavaques,Tarragona,L'Ametlla de Mar,Sí,Sí,Sí,Sí,65 metros,89823.6970999986,4995659.0005,Alto,Urbana
L'Estany Tort,Tarragona,L'Ametlla de Mar,Sí,No,No,No,55 metros,90858.9684000015,4996630.8803,Medio,Aislada
Cap de Sant Pere,Tarragona,Cambrils,Sí,Sí,No,No,1.170 metros,123419.919399999,5022908.3905,Alto,Urbana
Playa de Poniente,Tarragona,Salou,Sí,Sí,Sí,No,1.100 metros,124889.3367,5023351.3815,Alto,Urbana
Playa de Levante,Tarragona,Salou,Sí,Sí,Sí,Sí,1.200 metros,126770.636100002,5023188.9491,Alto,Urbana
Els Capellans,Tarragona,Salou,Sí,Sí,Sí,Sí,200 metros,127828.171300001,5022435.8891,Alto,Urbana
Cala Llenguadets,Tarragona,Salou,Sí,No,No,No,60 metros,127928.358800001,5022051.9986,Alto,Urbana
Platja Llarga,Tarragona,Salou,Sí,Sí,No,No,600 metros,128629.671599999,5021933.8815,Medio,Semiurbana
Penya Tallada,Tarragona,Salou,No,No,No,No,60 metros,129253.060800001,5021313.7903,Bajo,Aislada
Cala Font,Tarragona,Salou,Sí,No,No,No,50 metros,129330.9844,5021077.5755,Alto,Urbana
La Hípica,Melilla,Melilla,Sí,Sí,Sí,Sí,580 metros,-326244.0317,4201233.8155,Alto,Urbana
La Mina,Alicante/Alacant,L'Alfàs del Pi,No,No,No,No,250 metros,-5922.19689999893,4659580.1953,Bajo,Aislada
Cala del Bosque,Alicante/Alacant,Orihuela,No,Sí,Sí,Sí,258 metros,-80394.9362999983,4568652.7819,Alto,Urbana
Cala Cerrada,Alicante/Alacant,Orihuela,No,Sí,No,Sí,167 metros,-80283.616799999,4569160.8254,Alto,Urbana
El Torres,Alicante/Alacant,Villajoyosa/La Vila Joiosa,No,No,No,No,560 metros,-22041.2591999993,4652421.4567,Medio,Semiurbana
Cala Fonda,Alicante/Alacant,Villajoyosa/La Vila Joiosa,No,No,No,No,25 metros,-20649.7655000016,4652449.911,Bajo,Aislada
Chelin,Tarragona,L'Ametlla de Mar,No,No,No,No,100 metros,91092.7393000014,4996940.1351,Medio,Semiurbana
Torrent del Pi,Tarragona,L'Ametlla de Mar,No,No,No,No,125 metros,91571.4131000005,4997588.1294,Alto,Aislada
Cala Moscas,Tarragona,L'Ametlla de Mar,No,No,No,No,30 metros,91749.5243000016,4997926.8708,Alto,Semiurbana
Cala Forn,Tarragona,L'Ametlla de Mar,Sí,Sí,No,No,55 metros,91983.2952000014,4998810.5996,Alto,Semiurbana
Cala Vidre,Tarragona,L'Ametlla de Mar,Sí,No,No,No,55 metros,92384.0454000011,4999193.5736,Alto,Semiurbana
Sant Jordi,Tarragona,L'Ametlla de Mar,Sí,Sí,Sí,No,100 metros,92640.0802000016,4999385.0663,Alto,Semiurbana
Cala Trebol,Tarragona,L'Ametlla de Mar,Sí,No,No,No,25 metros,93185.5456999987,5000372.0498,Medio,Semiurbana
Cala Calafató,Tarragona,L'Ametlla de Mar,Sí,Sí,No,Sí,40 metros,93630.8236999996,5000872.9453,Medio,Aislada
Playa de Calafat,Tarragona,L'Ametlla de Mar,Sí,Sí,No,No,100 metros,94788.5463999994,5002036.8903,Medio,Semiurbana
Cala Justell,Tarragona,Vandellòs i l'Hospitalet de l'Infant,No,No,No,No,230 metros,97950.0199000016,5006296.0527,Bajo,Aislada
El Torn,Tarragona,Vandellòs i l'Hospitalet de l'Infant,Sí,Sí,No,Sí,1.400 metros,99452.8330999985,5007947.1637,Bajo,Aislada
L'Arenal,Tarragona,Vandellòs i l'Hospitalet de l'Infant,Sí,Sí,Sí,Sí,2.284 metros,101790.542399999,5010394.8616,Medio,urbana
Punta del Riu,Tarragona,Vandellòs i l'Hospitalet de l'Infant,Sí,Sí,Sí,Sí,200 metros,103627.313999999,5011058.5004,Medio,Urbana
Punta del Riu,Tarragona,Mont-roig del Camp,Sí,Sí,No,No,100 metros,103794.293200001,5011191.2336,Bajo,Urbana
Platja de Cristall,Tarragona,Mont-roig del Camp,Sí,Sí,No,Sí,1.260 metros,104261.835099999,5012400.6638,Medio,Urbana
Calas de los Angeles y del Pescador,Tarragona,Mont-roig del Camp,No,No,No,No,243 metros,104462.210200001,5012857.9266,Bajo,Urbana
Calas Bot y California,Tarragona,Mont-roig del Camp,No,No,No,No,170 metros,104673.7172,5013226.7026,Alto,Urbana
Calas Misteri y Santa Fe,Tarragona,Mont-roig del Camp,No,No,No,No,210 metros,104896.356199998,5013492.23,Bajo,Urbana
Cala del Solitari,Tarragona,Mont-roig del Camp,No,No,No,No,107 metros,105152.390999999,5013787.269,Bajo,Urbana
Cala de las Sirenas,Tarragona,Mont-roig del Camp,No,No,No,No,162 metros,105452.953600001,5014111.8221,Bajo,Urbana
Cala Vieneses,Tarragona,Mont-roig del Camp,Sí,No,No,Sí,75 metros,105708.988499999,5014421.633,Bajo,Urbana
L'Estany Gelat,Tarragona,Mont-roig del Camp,Sí,Sí,No,Sí,1.690 metros,106432.565099999,5015351.1249,Bajo,Aislada
La Porquerola,Tarragona,Mont-roig del Camp,Sí,No,Sí,No,2.600 metros,109605.170600001,5018184.4105,Bajo,Aislada
Rifà,Tarragona,Mont-roig del Camp,No,No,No,No,600 metros,110629.309999999,5018656.7051,Bajo,Aislada
La Pixerota,Tarragona,Mont-roig del Camp,Sí,Sí,Sí,Sí,2.322 metros,111486.469999999,5018745.2629,Medio,Semiurbana
L'Ardiaca,Tarragona,Cambrils,Sí,Sí,Sí,No,1.705 metros,114959.638099998,5020752.7896,Alto,Urbana
La Llosa,Tarragona,Cambrils,Sí,Sí,Sí,Sí,1.160 metros,116462.451299999,5021668.1233,Alto,Urbana
L'Horta de Santa María,Tarragona,Cambrils,Sí,Sí,Sí,No,520 metros,117508.854499999,5021741.9443,Medio,Urbana
Prat d'En Forés i Regueral,Tarragona,Cambrils,Sí,Sí,Sí,Sí,830 metros,119089.5913,5022125.8225,Alto,Urbana
El Cavet,Tarragona,Cambrils,Sí,Sí,Sí,Sí,500 metros,120035.806899998,5021830.5302,Medio,Semiurbana
L'Esquirol,Tarragona,Cambrils,Sí,Sí,Sí,No,750 metros,120915.230900001,5021874.8235,Alto,Semiurbana
Vilafortuny,Tarragona,Cambrils,Sí,Sí,Sí,Sí,1.400 metros,122162.009199999,5022435.8891,Alto,Urbana
Cala Vinya,Tarragona,Salou,No,No,No,No,35 metros,129364.3803,5021003.7596,Alto,Semiurbana
Cala Crancs,Tarragona,Salou,Sí,Sí,No,No,80 metros,129976.637499999,5020693.7388,Medio,Semiurbana
El Reguerot de Claveguer,Tarragona,Salou,No,No,No,No,100 metros,130544.366900001,5020826.6036,Bajo,Aislada
La Pineda,Tarragona,Vila-seca,Sí,Sí,Sí,Sí,2.430 metros,132214.159200002,5024577.0952,Alto,Urbana
El Milagro,Tarragona,Tarragona,Sí,Sí,Sí,No,980 metros,140140.107000001,5029082.5542,Medio,Semiurbana
L'Arrabassada,Tarragona,Tarragona,Sí,Sí,Sí,Sí,550 metros,142054.802200001,5029880.4601,Alto,Semiurbana
La Savinosa,Tarragona,Tarragona,Sí,Sí,Sí,Sí,350 metros,143067.809599999,5030486.3214,Medio,Semiurbana
Els Capellans,Tarragona,Tarragona,Sí,No,No,No,55 metros,143713.4626,5030811.4333,Bajo,Aislada
La Llarga,Tarragona,Tarragona,Sí,Sí,Sí,No,2.700 metros,145182.879900001,5031358.2369,Medio,Semiurbana
Platja Fonda,Tarragona,Tarragona,No,No,No,No,200 metros,147865.6796,5031358.2369,Bajo,Aislada
Cala de la Roca Plana,Tarragona,Tarragona,No,No,No,No,205 metros,148644.916099999,5031313.9004,Bajo,Aislada
La Móra,Tarragona,Tarragona,Sí,Sí,Sí,Sí,450 metros,149891.694400001,5031225.2278,Medio,Semiurbana
Cala Jovera,Tarragona,Tarragona,No,No,No,No,90 metros,151461.299199998,5031446.9107,Bajo,Aislada
Tamarit,Tarragona,Tarragona,Sí,Sí,Sí,Sí,1.100 metros,152062.424400002,5031727.7163,Medio,Aislada
Altafulla,Tarragona,Altafulla,Sí,Sí,Sí,Sí,1.100 metros,153531.841699999,5032141.55,Medio,Urbana
El Muntanyans,Tarragona,Torredembarra,Sí,Sí,No,Sí,2.160 metros,158441.031199999,5034225.7665,Medio,Aislada
La Paella,Tarragona,Torredembarra,Sí,Sí,Sí,Sí,780 metros,156348.224800002,5032954.4889,Alto,Urbana
Creixell,Tarragona,Creixell,Sí,No,Sí,No,1.822 metros,160734.2128,5035526.7812,Medio,Semiurbana
Platja Llarga,Tarragona,Roda de Barà,Sí,No,Sí,No,970 metros,162671.1719,5036576.5909,Alto,Semiurbana
Punta de la Guineu,Tarragona,Roda de Barà,Sí,No,No,No,130 metros,164686.054699998,5037227.2343,Alto,Urbana
La Pelliseta,Tarragona,Roda de Barà,Sí,No,No,No,120 metros,165020.0132,5037345.5378,Alto,Urbana
Les Guineus,Tarragona,Roda de Barà,Sí,Sí,No,Sí,330 metros,165532.082800001,5037611.7259,Alto,Urbana
El Francàs,Tarragona,Roda de Barà,No,No,Sí,Sí,460 metros,166444.902600002,5037922.288,Alto,Urbana
El Francàs,Tarragona,El Vendrell,Sí,Sí,Sí,Sí,1.125 metros,167569.229499999,5038306.8072,Alto,Urbana
Coma-Ruga,Tarragona,El Vendrell,Sí,Sí,Sí,Sí,2.100 metros,168526.577100001,5038602.6016,Alto,Urbana
Sant Salvador,Tarragona,El Vendrell,Sí,Sí,Sí,Sí,1.300 metros,171732.578400001,5039416.0827,Alto,Urbana
Les Madrigueres,Tarragona,El Vendrell,Sí,Sí,No,No,1.650 metros,173847.648800001,5039771.0777,Medio,Semiurbana
Calafell,Tarragona,Calafell,Sí,Sí,Sí,Sí,1.100 metros,174860.656100001,5039918.9961,Alto,Urbana
Mas Mel,Tarragona,Calafell,Sí,Sí,No,Sí,1.400 metros,176831.011100002,5040200.0473,Medio,Urbana
Segur de Calafell,Tarragona,Calafell,Sí,Sí,Sí,Sí,1.700 metros,177855.150400002,5040244.4246,Alto,Urbana
Cunit,Tarragona,Cunit,Sí,Sí,Sí,Sí,2.450 metros,181261.526900001,5040717.7946,Medio,Urbana
El Tarajal,Ceuta,Ceuta,No,Sí,No,No,150 metros,-594835.699099999,4282968.0827,Bajo,Urbana
Tramaguera,Ceuta,Ceuta,Sí,Sí,No,No,400 metros,-594668.719799999,4283297.788,Bajo,Urbana
Miramar,Ceuta,Ceuta,Sí,Sí,No,No,275 metros,-593811.559700001,4284067.1392,Medio,Urbana
El Chorrillo,Ceuta,Ceuta,Sí,Sí,Sí,Sí,850 metros,-592497.989700001,4284809.0651,Alto,Urbana
La Ribera,Ceuta,Ceuta,Sí,Sí,Sí,Sí,405 metros,-591696.489399999,4285083.8653,Alto,Urbana
Cala del Sarchal,Ceuta,Ceuta,No,No,No,No,250 metros,-589715.002500001,4285399.8942,Bajo,Aislada
El Desnarigado,Ceuta,Ceuta,No,No,No,No,80 metros,-588056.342099998,4286183.1356,Alto,Semiurbana
San Amaro,Ceuta,Ceuta,No,No,No,No,280 metros,-589982.169300001,4286306.8105,Bajo,Urbana
Benítez (primer tramo),Ceuta,Ceuta,Sí,Sí,Sí,No,700 metros,-594190.046,4286238.102,Alto,Urbana
Calamocarro,Ceuta,Ceuta,No,No,No,No,650 metros,-596293.9844,4288436.987,Medio,Semiurbana
Punta Blanca,Ceuta,Ceuta,No,No,No,No,200 metros,-597028.693,4288959.2875,Alto,Semiurbana
Benzú,Ceuta,Ceuta,No,No,No,No,400 metros,-597885.853100002,4289096.7392,Medio,Urbana
San Lorenzo,Melilla,Melilla,Sí,Sí,Sí,Sí,240 metros,-326978.7403,4202911.1072,Alto,Urbana
Los Cárabos,Melilla,Melilla,Sí,Sí,Sí,Sí,300 metros,-327067.795899998,4202542.8994,Alto,Urbana
Hipódromo,Melilla,Melilla,Sí,Sí,Sí,Sí,750 metros,-326845.1569,4201956.5197,Alto,Urbana
Cala del Médico,Alicante/Alacant,L'Alfàs del Pi,No,No,No,No,100 metros,-6690.30139999837,4660178.1695,Bajo,Aislada
Cala del Amerador,Alicante/Alacant,L'Alfàs del Pi,No,No,No,No,20 metros,-7068.78770000115,4660420.2166,Bajo,Aislada
El Albir,Alicante/Alacant,L'Alfàs del Pi,No,Sí,Sí,Sí,550 metros,-7124.44739999995,4661189.11,Alto,Urbana
Los Saladares,Alicante/Alacant,Alacant/Alicante,No,Sí,Sí,Sí,1.900 metros,-57952.9268999994,4619694.4472,Medio,Semiurbana
Agua Amarga,Alicante/Alacant,Alacant/Alicante,No,No,No,No,2.600 metros,-57407.4613999985,4623666.1282,Bajo,Semiurbana
El Postiguet,Alicante/Alacant,Alacant/Alicante,No,Sí,Sí,Sí,667 metros,-52943.5498000011,4628533.5279,Alto,Urbana
Serragrossa,Alicante/Alacant,Alacant/Alicante,No,No,No,No,400 metros,-50561.3126999997,4630109.1859,Bajo,Semiurbana
La Albufereta,Alicante/Alacant,Alacant/Alicante,No,Sí,Sí,Sí,423 metros,-49414.7219999991,4630847.415,Alto,Semiurbana
La Almadraba,Alicante/Alacant,Alacant/Alicante,No,Sí,Sí,No,750 metros,-48635.4855000004,4630563.4745,Medio,Urbana
Cala dels Jueus,Alicante/Alacant,Alacant/Alicante,No,No,No,No,202 metros,-47533.4226000011,4629683.3086,Medio,Urbana
Cala Cantalars,Alicante/Alacant,Alacant/Alicante,No,No,No,No,100 metros,-46754.1860999987,4629498.7672,Medio,Semiurbana
Cala de la Palmera,Alicante/Alacant,Alacant/Alicante,No,No,No,No,98 metros,-45663.2551000006,4629342.6194,Medio,Semiurbana
San Juan,Alicante/Alacant,Alacant/Alicante,No,Sí,Sí,Sí,2.900 metros,-45507.4078000002,4632764.2191,Alto,Semiurbana
Tabarca,Alicante/Alacant,Alacant/Alicante,No,Sí,No,Sí,200 metros,-53299.7721999995,4602860.1829,Alto,Semiurbana
Puerto Viejo (Isla de Tabarca),Alicante/Alacant,Alacant/Alicante,No,Sí,No,No,30 metros,-53333.1680000015,4602916.8178,Medio,Semiurbana
Cap Blanc,Alicante/Alacant,Altea,No,Sí,Sí,Sí,1.350 metros,-6890.67650000006,4661872.6193,Alto,Semiurbana
La Roda,Alicante/Alacant,Altea,No,Sí,Sí,Sí,1.000 metros,-5744.08570000157,4663780.9914,Alto,Urbana
Cap Negret,Alicante/Alacant,Altea,No,Sí,Sí,No,1.470 metros,-4174.48090000078,4665746.7022,Medio,Urbana
El Soyo,Alicante/Alacant,Altea,No,No,No,No,120 metros,-3651.27930000052,4666515.9963,Bajo,Semiurbana
La Olla,Alicante/Alacant,Altea,No,Sí,Sí,No,1.400 metros,-3172.60550000146,4667157.119,Medio,Semiurbana
Solsida,Alicante/Alacant,Altea,No,No,No,No,1.400 metros,-1747.71599999815,4668339.7396,Bajo,Aislada
Mascarat Sur,Alicante/Alacant,Altea,No,No,No,No,150 metros,-645.653000000864,4668881.226,Bajo,Semiurbana
Mascarat Norte,Alicante/Alacant,Altea,No,No,No,No,280 metros,244.902899999171,4668881.226,Medio,Semiurbana
Cala de la Barra Grande,Alicante/Alacant,Altea,No,No,No,No,50 metros,612.257199998945,4668809.9762,Bajo,Aislada
Playa de Poniente,Alicante/Alacant,Benidorm,No,Sí,Sí,Sí,3.100 metros,-16397.3610000014,4655480.7424,Alto,Urbana
Cala del Mal Pas,Alicante/Alacant,Benidorm,No,No,Sí,Sí,120 metros,-14671.9089000002,4655181.8882,Alto,Urbana
Playa de Levante,Alicante/Alacant,Benidorm,No,Sí,Sí,Sí,2.084 metros,-13224.7555,4655309.9675,Alto,Urbana
Cala Tío Ximo,Alicante/Alacant,Benidorm,No,No,No,No,60 metros,-11554.9631000012,4654242.6888,Bajo,Aislada
Torre de la Sal,Castellón/Castelló,Cabanes,Sí,Sí,Sí,No,2.000 metros,18356.5839999989,4885157.3012,Medio,Semiurbana
Primer Montañar,Alicante/Alacant,Jávea/Xàbia,No,No,No,No,1.900 metros,20382.5987999998,4691192.6313,Medio,Urbana
La Grava,Alicante/Alacant,Jávea/Xàbia,No,Sí,No,Sí,500 metros,20338.0709999986,4692392.3252,Alto,Urbana
Pope,Alicante/Alacant,Jávea/Xàbia,No,Sí,No,No,50 metros,21150.7032999992,4693020.7927,Alto,Semiurbana
Mil Palmeras,Alicante/Alacant,Orihuela,No,Sí,Sí,Sí,130 metros,-83678.8612000011,4564250.7788,Alto,Urbana
Barranco Rubio,Alicante/Alacant,Orihuela,No,Sí,No,Sí,655 metros,-83523.0139000006,4565083.0658,Alto,Urbana
La Glea,Alicante/Alacant,Orihuela,No,Sí,Sí,Sí,513 metros,-83055.4721000008,4565576.8269,Alto,Urbana
Aguamarina,Alicante/Alacant,Orihuela,No,Sí,Sí,Sí,500 metros,-82676.9858000018,4566169.3712,Alto,Urbana
La Caleta,Alicante/Alacant,Orihuela,No,Sí,No,Sí,287 metros,-81151.9087999985,4567241.6802,Alto,Urbana
Cala Capitán,Alicante/Alacant,Orihuela,No,Sí,Sí,Sí,250 metros,-80406.0681999996,4568229.4312,Alto,Urbana
Cala Estaca,Alicante/Alacant,Orihuela,No,Sí,No,Sí,172 metros,-80216.8251000009,4569443.0826,Alto,Urbana
Cala La Mosca,Alicante/Alacant,Orihuela,No,Sí,Sí,Sí,108 metros,-80150.0333999991,4569810.0284,Alto,Urbana
Calas del Cabo Peñas,Alicante/Alacant,Orihuela,No,No,No,No,502 metros,-79927.3944000006,4570402.8145,Bajo,Aislada
Punta Prima,Alicante/Alacant,Orihuela,No,Sí,Sí,Sí,234 metros,-79003.4426000006,4571221.4794,Alto,Urbana
El Mojón,Alicante/Alacant,Pilar de la Horadada,No,No,Sí,No,270 metros,-84881.1116999984,4557820.4364,Medio,Urbana
Las Higuericas,Alicante/Alacant,Pilar de la Horadada,No,Sí,Sí,Sí,966 metros,-84903.375599999,4558440.7346,Alto,Aislada
Las Villas,Alicante/Alacant,Pilar de la Horadada,No,No,Sí,No,435 metros,-84881.1116999984,4559625.0431,Alto,Urbana
El Puerto,Alicante/Alacant,Pilar de la Horadada,No,Sí,Sí,Sí,300 metros,-84602.813000001,4560612.07,Alto,Urbana
El Conde,Alicante/Alacant,Pilar de la Horadada,No,Sí,Sí,Sí,150 metros,-84179.7989000008,4560809.4866,Alto,Urbana
Los Jesuítas,Alicante/Alacant,Pilar de la Horadada,No,Sí,Sí,Sí,350 metros,-84135.2710999995,4561147.9238,Alto,Urbana
Cala del Rincón,Alicante/Alacant,Pilar de la Horadada,No,No,No,No,260 metros,-83923.7641000003,4562022.271,Medio,Urbana
La Llobella,Alicante/Alacant,Benissa,No,No,No,No,250 metros,10475.1640999988,4674468.7624,Medio,Aislada
Cala L'Advocat,Alicante/Alacant,Benissa,No,Sí,Sí,No,170 metros,10942.7058999985,4674896.506,Alto,Semiurbana
El Baladrar,Alicante/Alacant,Benissa,No,Sí,No,No,300 metros,11376.8520000018,4675096.1258,Medio,Aislada
Llebeig,Alicante/Alacant,Benitachell/el Poble Nou de Benitatxell,No,No,No,No,100 metros,17343.5766999982,4678547.3138,Medio,Aislada
Moraig,Alicante/Alacant,Benitachell/el Poble Nou de Benitatxell,No,No,No,Sí,250 metros,18568.0910999998,4680244.8139,Alto,Aislada
Los Tiestos,Alicante/Alacant,Benitachell/el Poble Nou de Benitatxell,No,No,No,No,40 metros,19069.0287999995,4680515.8694,Bajo,Aislada
Cala Gasparet,Alicante/Alacant,Calp,No,No,No,No,80 metros,3239.39719999954,4668567.7304,Bajo,Aislada
Cala Les Urques,Alicante/Alacant,Calp,No,No,No,No,200 metros,3361.84860000014,4668923.9762,Bajo,Semiurbana
Puerto Blanco,Alicante/Alacant,Calp,No,Sí,No,No,140 metros,3829.39050000161,4669593.7519,Medio,Semiurbana
Cala La Manzanera,Alicante/Alacant,Calp,No,No,No,No,230 metros,4452.77959999815,4669992.7882,Bajo,Semiurbana
La Mata,Alicante/Alacant,Torrevieja,No,Sí,Sí,No,2.500 metros,-72658.2316000015,4581389.6027,Alto,Semiurbana
Torrelamata,Alicante/Alacant,Torrevieja,No,Sí,Sí,Sí,700 metros,-72658.2316000015,4583028.7341,Alto,Semiurbana
Carritxal,Alicante/Alacant,Villajoyosa/La Vila Joiosa,No,No,No,No,1.890 metros,-33451.5069999993,4647812.9097,Bajo,Aislada
El Charco,Alicante/Alacant,Villajoyosa/La Vila Joiosa,No,No,No,No,580 metros,-31347.568599999,4648794.1858,Bajo,Aislada
Platgetes de Bellver,Castellón/Castelló,Oropesa del Mar/Orpesa,Sí,Sí,No,Sí,650 metros,10631.0113999993,4874185.193,Bajo,Semiurbana
Renegà,Castellón/Castelló,Oropesa del Mar/Orpesa,No,No,No,No,600 metros,13213.6235999987,4874912.4103,Bajo,Aislada
Oropesa Vieja,Castellón/Castelló,Oropesa del Mar/Orpesa,Sí,No,No,No,125 metros,15161.7146000005,4877501.737,Medio,Semiurbana
La Concha,Castellón/Castelló,Oropesa del Mar/Orpesa,Sí,Sí,Sí,Sí,850 metros,15495.6730999984,4877967.3057,Alto,Urbana
Morro de Gos,Castellón/Castelló,Oropesa del Mar/Orpesa,Sí,Sí,Sí,Sí,2.000 metros,16475.2846000008,4879655.1757,Alto,Urbana
Els Ampláries,Castellón/Castelló,Oropesa del Mar/Orpesa,Sí,Sí,Sí,Sí,2.300 metros,17499.4239999987,4882798.8729,Alto,Urbana
Cala Argilaga,Castellón/Castelló,Peníscola/Peñíscola,No,No,No,No,150 metros,36379.2096000016,4906452.2847,Bajo,Aislada
Basseta,Castellón/Castelló,Peníscola/Peñíscola,No,No,No,No,1.200 metros,37158.4459999986,4908072.0573,Bajo,Aislada
Arenal-Bol,Alicante/Alacant,Calp,No,Sí,Sí,Sí,1.400 metros,5343.33559999987,4670420.3442,Alto,Semiurbana
Morelló,Alicante/Alacant,Calp,No,Sí,No,No,50 metros,6990.86400000006,4670363.3357,Alto,Urbana
Cantal Roig,Alicante/Alacant,Calp,No,Sí,No,Sí,220 metros,7425.01000000164,4670292.0755,Alto,Urbana
Cala El Racó,Alicante/Alacant,Calp,No,Sí,No,No,72 metros,7903.6838000007,4669636.5051,Medio,Semiurbana
Cala del Penyal,Alicante/Alacant,Calp,No,No,No,No,100 metros,8159.71869999915,4669180.4809,Bajo,Aislada
Cala El Collao,Alicante/Alacant,Calp,No,No,No,No,60 metros,1191.1185999997,4669137.7296,Bajo,Aislada
Playa de La Fossa,Alicante/Alacant,Calp,No,Sí,Sí,Sí,1.000 metros,8215.37840000167,4671061.712,Alto,Urbana
Cala Calalga,Alicante/Alacant,Calp,No,Sí,No,No,120 metros,8627.26049999893,4672045.2207,Medio,Semiurbana
Cala del Mallorquí,Alicante/Alacant,Calp,No,No,No,No,80 metros,8927.82319999859,4672529.883,Bajo,Semiurbana
Cala de les Bassetes,Alicante/Alacant,Calp,No,No,No,No,120 metros,9306.30939999968,4672914.7783,Bajo,Semiurbana
Cala de Aigua Dolç,Alicante/Alacant,Dénia,No,No,No,No,50 metros,17833.3823999986,4695992.2554,Alto,Aislada
Les Rotes,Alicante/Alacant,Dénia,No,No,No,No,3.200 metros,16697.9235999994,4697063.9092,Medio,Semiurbana
El Marge Roig,Alicante/Alacant,Dénia,No,No,No,No,463 metros,14649.6449999996,4697821.2792,Medio,Semiurbana
La Marineta Casiana,Alicante/Alacant,Dénia,No,Sí,Sí,Sí,400 metros (sólo 222 de playa),13981.7280000001,4697792.6982,Alto,Semiurbana
Punta del Raset,Alicante/Alacant,Dénia,Sí,Sí,Sí,Sí,1.100 metros,11677.4145999998,4699907.9112,Alto,Urbana
Les Marines,Alicante/Alacant,Dénia,No,No,Sí,Sí,1.900 metros,9707.05959999934,4700908.503,Alto,Urbana
Les Bovetes,Alicante/Alacant,Dénia,No,Sí,Sí,Sí,700 metros,6823.88479999825,4701751.9355,Alto,Semiurbana
Molinos y Palmeras,Alicante/Alacant,Dénia,No,No,No,Sí,1.100 metros,5710.68989999965,4702066.4536,Alto,Semiurbana
Racó de la Alberca,Alicante/Alacant,Dénia,No,No,No,No,625 metros,4853.52980000153,4701637.5676,Medio,Semiurbana
L'Estanyo,Alicante/Alacant,Dénia,No,No,No,No,800 metros,4230.14070000127,4701637.5676,Medio,Semiurbana
La Almadraba,Alicante/Alacant,Dénia,No,No,No,No,1.250 metros,3718.0709999986,4701666.1595,medio,Urbana
Sorts de Mar,Alicante/Alacant,Dénia,No,No,No,No,1.700 metros,178.111200001091,4702681.2217,Bajo,Semiurbana
Les Deveses,Alicante/Alacant,Dénia,No,No,No,Sí,2.960 metros,-2393.36910000071,4703853.6734,Alto,Semiurbana
Muchavista,Alicante/Alacant,El Campello,No,Sí,Sí,Sí,3.300 metros,-44772.6992000006,4637337.5963,Alto,Semiurbana
Carrer La Mar,Alicante/Alacant,El Campello,No,Sí,Sí,Sí,1.300 metros,-43281.0179999992,4640065.5488,Alto,Urbana
Banyets de la Reina,Alicante/Alacant,El Campello,No,No,No,No,500 metros,-42579.7052000016,4640690.8067,Bajo,Semiurbana
La Almadraba,Alicante/Alacant,El Campello,No,No,No,No,600 metros,-42546.3093999997,4641088.718,medio,Urbana
El Amerador,Alicante/Alacant,El Campello,No,No,No,No,700 metros,-41678.0174000002,4642197.2664,Medio,Semiurbana
Cala del Morro Blanc,Alicante/Alacant,El Campello,No,No,No,No,270 metros,-40498.0307999998,4642836.868,Medio,Semiurbana
Cala de En Medio,Alicante/Alacant,El Campello,No,No,No,No,400 metros,-40008.2250000015,4643064.2916,Bajo,Semiurbana
Cala Piteras,Alicante/Alacant,El Campello,No,No,No,No,100 metros,-39329.1761000007,4643462.2949,Bajo,Semiurbana
Cala del Barranco de Aguas,Alicante/Alacant,El Campello,No,No,No,No,500 metros,-38405.2243000008,4644016.6824,Bajo,Semiurbana
Cala del Cuartel,Alicante/Alacant,El Campello,No,No,No,No,350 metros,-38126.9255999997,4644215.7006,Bajo,Aislada
Cala Baeza,Alicante/Alacant,El Campello,No,No,No,No,60 metros,-35522.0494999997,4646348.2809,Bajo,Semiurbana
Cala Lanuza,Alicante/Alacant,El Campello,No,No,No,No,140 metros,-35277.1466000006,4646661.0967,Medio,Semiurbana
Cala les Palmeretes,Alicante/Alacant,El Campello,No,No,No,No,80 metros,-34687.1532999985,4647101.8987,Bajo,Semiurbana
La Marina,Alicante/Alacant,Elche/Elx,No,Sí,Sí,Sí,1.100 metros,-70776.9321999997,4599222.039,Alto,Aislada
El Pinet,Alicante/Alacant,Elche/Elx,No,Sí,Sí,No,730 metros,-70097.8834000006,4600665.8182,Alto,Semiurbana
Carabassí,Alicante/Alacant,Elche/Elx,No,Sí,Sí,Sí,900 metros,-57162.5584999993,4612634.3123,Alto,Aislada
El Altet,Alicante/Alacant,Elche/Elx,No,Sí,Sí,Sí,1.620 metros,-57852.7393999994,4617553.2123,Medio,Aislada
Setla-Mirarrosa,Alicante/Alacant,Els Poblets,No,No,No,No,1.190 metros,1168.85469999909,4702380.9815,Medio,Semiurbana
Finestrat,Alicante/Alacant,Finestrat,No,Sí,Sí,Sí,300 metros,-18501.2994000018,4653787.3504,Alto,Urbana
Les Ortigues,Alicante/Alacant,Guardamar del Segura,No,Sí,No,No,700 metros,-72569.175999999,4584625.7237,Bajo,Aislada
El Campo,Alicante/Alacant,Guardamar del Segura,No,Sí,No,No,1.200 metros,-72613.7038000003,4585926.1096,Bajo,Aislada
El Moncayo,Alicante/Alacant,Guardamar del Segura,No,Sí,Sí,Sí,2.000 metros,-72201.8216999993,4589149.5095,Medio,Semiurbana
La Roqueta,Alicante/Alacant,Guardamar del Segura,No,Sí,Sí,Sí,1.150 metros,-72079.3702999987,4590804.0127,Alto,Urbana
Playa Centro,Alicante/Alacant,Guardamar del Segura,No,Sí,Sí,Sí,2.600 metros,-72045.9743999988,4591256.5725,Alto,Urbana
Los Viveros,Alicante/Alacant,Guardamar del Segura,No,No,Sí,No,1.300 metros,-71723.1479000002,4593972.3473,Bajo,Aislada
Los Tusales,Alicante/Alacant,Guardamar del Segura,No,Sí,No,No,1.500 metros,-71411.4532999992,4595655.9201,Bajo,Aislada
El Rebollo,Alicante/Alacant,Elche/Elx,No,Sí,No,Sí,1.360 metros,-71133.1545999981,4597792.6134,Alto,Aislada
Babilonia,Alicante/Alacant,Guardamar del Segura,No,No,No,No,1.074 metros,-71878.9952000007,4592642.6601,Alto,Urbana
La Granadella,Alicante/Alacant,Jávea/Xàbia,No,No,No,Sí,200 metros,21907.6757999994,4683012.7728,Alto,Semiurbana
El Ambolo,Alicante/Alacant,Jávea/Xàbia,No,No,No,No,150 metros,24267.6490000002,4683141.2016,Medio,Semiurbana
Cala de la Barra,Alicante/Alacant,Jávea/Xàbia,No,No,No,No,100 metros,25837.253800001,4683997.4343,Bajo,Aislada
Portitxol,Alicante/Alacant,Jávea/Xàbia,No,No,No,No,600 metros,24913.3020000011,4686281.0734,Alto,Semiurbana
Cap Marti,Alicante/Alacant,Jávea/Xàbia,No,No,No,No,450 metros,24334.4406999983,4687394.533,Medio,Aislada
Primera y Segunda Caletas,Alicante/Alacant,Jávea/Xàbia,No,No,No,No,300 metros,23065.3984999992,4687622.95,Alto,Semiurbana
Segundo Montañar,Alicante/Alacant,Jávea/Xàbia,No,No,No,No,1.500 metros,22163.7105999999,4688579.5019,Bajo,Urbana
El Arenal,Alicante/Alacant,Jávea/Xàbia,No,Sí,Sí,Sí,550 metros,21117.3073999994,4689250.5695,Alto,Urbana
Calas de Rocamar,Alicante/Alacant,Pilar de la Horadada,No,No,No,Sí,269 metros,-83979.4239000008,4561585.0882,Medio,Aislada
Mil Palmeras,Alicante/Alacant,Pilar de la Horadada,No,Sí,Sí,Sí,700 metros,-83890.3682999983,4562939.0043,Alto,Urbana
La Gola,Alicante/Alacant,Santa Pola,No,No,No,No,1.655 metros,-67437.3475000001,4604998.3676,Bajo,Aislada
Tamarit,Alicante/Alacant,Santa Pola,No,Sí,Sí,No,650 metros,-65667.3676000014,4606188.0131,Medio,Urbana
Lisa,Alicante/Alacant,Santa Pola,No,Sí,Sí,Sí,530 metros,-64776.8117000014,4606329.6467,Alto,Urbana
Gran Playa,Alicante/Alacant,Santa Pola,No,Sí,Sí,No,1.080 metros,-63418.7138999999,4606485.4459,alto,Urbana
Playa de Levante,Alicante/Alacant,Santa Pola,No,Sí,Sí,Sí,420 metros,-61804.5813000016,4606173.8499,Alto,Urbana
Calas I-II-III Santiago Bernabeu,Alicante/Alacant,Santa Pola,No,Sí,Sí,Sí,1.000 metros,-60847.2336999997,4606173.8499,Medio,Urbana
Varadero,Alicante/Alacant,Santa Pola,No,Sí,Sí,Sí,400 metros,-59767.4345999993,4606103.0339,Alto,Urbana
Santa Pola del Este,Alicante/Alacant,Santa Pola,No,Sí,Sí,Sí,1.270 metros,-58899.1425999999,4606301.3199,Medio,Urbana
Cala de la Ermita,Alicante/Alacant,Santa Pola,No,No,No,No,270 metros,-56806.3361999989,4611118.0069,Alto,Aislada
El Andragó,Alicante/Alacant,Teulada,No,No,No,No,150 metros,13091.1721000001,4675680.749,Alto,Semiurbana
Les Playetes,Alicante/Alacant,Teulada,No,Sí,Sí,Sí,170 metros,14081.9156000018,4676693.2247,Alto,Semiurbana
La Ampolla,Alicante/Alacant,Teulada,No,Sí,Sí,Sí,250 metros,14516.0615999997,4676964.1859,Alto,Urbana
El Portet,Alicante/Alacant,Teulada,No,Sí,Sí,Sí,280 metros,16263.7776000015,4677006.9699,Alto,Urbana
Cala de las Piteras,Alicante/Alacant,Torrevieja,No,Sí,Sí,Sí,100 metros,-78502.504900001,4571771.9974,Medio,Semiurbana
Cala Ferris,Alicante/Alacant,Torrevieja,No,No,No,No,200 metros,-78446.8451999985,4572619.0052,Medio,Aislada
Playa de Poniente,Alicante/Alacant,Torrevieja,No,Sí,Sí,Sí,400 metros,-77522.8933999985,4575146.3228,Alto,Semiurbana
Bancal de l'Arena,Alicante/Alacant,Santa Pola,No,No,No,No,600 metros,-56717.2806000002,4608426.0515,Medio,Aislada
El Acequión,Alicante/Alacant,Torrevieja,No,No,Sí,No,900 metros,-76932.9001000002,4575795.9006,Alto,Urbana
El Cura,Alicante/Alacant,Torrevieja,No,Sí,Sí,Sí,500 metros,-74483.8713000007,4576163.0712,Alto,Urbana
Cala del Palangre,Alicante/Alacant,Torrevieja,No,No,No,No,50 metros,-73893.8779999986,4576629.1143,Medio,Urbana
El Salaret,Alicante/Alacant,Torrevieja,No,Sí,Sí,Sí,700 metros,-73582.1834000014,4576996.3145,Alto,Urbana
Cala de la Higuera,Alicante/Alacant,Torrevieja,No,Sí,Sí,No,50 metros,-72969.9261999987,4578196.8674,Medio,Semiurbana
Cala de La Zorra,Alicante/Alacant,Torrevieja,No,No,No,No,50 metros,-72880.8706,4578521.7468,Medio,Semiurbana
Cala del Mojón,Alicante/Alacant,Torrevieja,No,No,No,No,200 metros,-72446.7245999984,4579228.0416,Medio,Urbana
Cala de Cabo Cervera,Alicante/Alacant,Torrevieja,No,Sí,Sí,Sí,50 metros,-72324.2732000016,4580245.1906,Alto,Urbana
La Caleta,Alicante/Alacant,Villajoyosa/La Vila Joiosa,No,No,No,Sí,160 metros,-30078.5263999999,4649348.8617,Medio,Semiurbana
El Asparalló,Alicante/Alacant,Villajoyosa/La Vila Joiosa,No,No,No,No,222 metros,-29833.6235000007,4649505.3142,Medio,Aislada
El Bon Nou,Alicante/Alacant,Villajoyosa/La Vila Joiosa,No,Sí,Sí,Sí,220 metros,-29310.4219000004,4649661.7691,Alto,Aislada
El Parais,Alicante/Alacant,Villajoyosa/La Vila Joiosa,No,Sí,Sí,Sí,1.060 metros,-28687.0328000002,4649818.2263,Medio,Semiurbana
Cala Mallaeta,Alicante/Alacant,Villajoyosa/La Vila Joiosa,No,No,No,No,210 metros,-27406.8586000018,4650173.8199,Bajo,Aislada
Playa Centro,Alicante/Alacant,Villajoyosa/La Vila Joiosa,No,Sí,Sí,Sí,1.380 metros,-25380.8438999988,4651126.8715,Alto,Urbana
Varadero,Alicante/Alacant,Villajoyosa/La Vila Joiosa,No,Sí,No,Sí,130 metros,-23711.0515000001,4651638.9956,Medio,Semiurbana
Estudiantes,Alicante/Alacant,Villajoyosa/La Vila Joiosa,No,No,No,No,85 metros,-23499.5445000008,4651752.8044,Bajo,Semiurbana
El Tío Roig,Alicante/Alacant,Villajoyosa/La Vila Joiosa,No,No,No,No,110 metros,-23343.6972000003,4651838.1618,Bajo,Semiurbana
Raco Conill,Alicante/Alacant,Villajoyosa/La Vila Joiosa,No,No,No,No,160 metros,-20004.1125000007,4652663.3205,Bajo,Aislada
Serradal,Castellón/Castelló,Alcalà de Xivert,No,Sí,No,No,2.000 metros,29533.060899999,4896841.2672,Bajo,Semiurbana
Mañetes,Castellón/Castelló,Alcalà de Xivert,Sí,Sí,No,Sí,400 metros,30000.6028000005,4898051.2447,Alto,Semiurbana
Tres Playas,Castellón/Castelló,Alcalà de Xivert,Sí,No,No,No,400 metros,30234.3737000003,4898853.1187,Bajo,Semiurbana
El Moro,Castellón/Castelló,Alcalà de Xivert,Sí,Sí,No,Sí,300 metros,30356.8251000009,4899436.3407,Alto,Urbana
La Romana,Castellón/Castelló,Alcalà de Xivert,Sí,Sí,Sí,Sí,500 metros,30501.5405000001,4900019.5972,Alto,Urbana
El Carregador,Castellón/Castelló,Alcalà de Xivert,Sí,Sí,Sí,Sí,850 metros,30813.2351000011,4901127.8793,Alto,Urbana
Las Fuentes,Castellón/Castelló,Alcalà de Xivert,Sí,Sí,No,No,400 metros,32004.3535999991,4902673.8491,Alto,Urbana
Cala del Moro,Castellón/Castelló,Peníscola/Peñíscola,No,No,No,No,40 metros,43336.6777999997,4916540.0644,Medio,Urbana
Santa Lucía,Castellón/Castelló,Peníscola/Peñíscola,No,No,No,No,70 metros,43325.5458000004,4916379.3965,Medio,Urbana
Cala L'Aljub,Castellón/Castelló,Peníscola/Peñíscola,No,No,No,No,50 metros,41911.7883000001,4914553.8097,Bajo,Semiurbana
Cala Ordí,Castellón/Castelló,Peníscola/Peñíscola,No,No,No,No,25 metros,43002.7193000019,4915619.9113,Bajo,Semiurbana
Cala Puerto Azul,Castellón/Castelló,Peníscola/Peñíscola,No,No,No,No,30 metros,43191.9624000005,4916116.4912,Bajo,Urbana
Playa de Las Viudas,Castellón/Castelló,Peníscola/Peñíscola,Sí,No,No,No,60 metros,44427.6088000014,4917781.6769,Medio,Urbana
Playa Sur,Castellón/Castelló,Peníscola/Peñíscola,Sí,Sí,No,No,400 metros,44728.1713999994,4918132.2782,Alto,Urbana
Playa Norte,Castellón/Castelló,Peníscola/Peñíscola,Sí,Sí,Sí,Sí,5.000 metros,45217.9772000015,4920309.2073,Alto,Urbana
Cala Blanca,Castellón/Castelló,Alcalà de Xivert,No,No,No,No,60 metros,32961.7012000009,4903549.0336,Bajo,Aislada
Cala Mundina,Castellón/Castelló,Alcalà de Xivert,No,No,No,No,25 metros,33841.1251999997,4903826.1915,Bajo,Aislada
Ribamar,Castellón/Castelló,Alcalà de Xivert,No,No,No,No,90 metros,34386.5907000005,4904774.4223,Bajo,Aislada
Ben Afeli,Castellón/Castelló,Almazora/Almassora,Sí,Sí,Sí,No,450 metros,222.638999998569,4857241.5888,Medio,Urbana
La Torre,Castellón/Castelló,Almazora/Almassora,Sí,Sí,Sí,No,2.200 metros,-44.527800001204,4855731.7276,Medio,Urbana
Gurugú,Castellón/Castelló,Benicarló,Sí,No,No,No,900 metros,47121.5405000001,4925117.689,Medio,Urbana
Morrongo,Castellón/Castelló,Benicarló,Sí,Sí,Sí,Sí,240 metros,47978.7005000003,4925994.8691,Alto,Urbana
Mar Xica,Castellón/Castelló,Benicarló,Sí,Sí,Sí,No,1.000 metros,48746.8049999997,4927398.52,Medio,Urbana
Playa Heliópolis,Castellón/Castelló,Benicasim/Benicàssim,Sí,Sí,Sí,Sí,2.750 metros,5076.1688000001,4869852.0844,Alto,Urbana
Els Terrers,Castellón/Castelló,Benicasim/Benicàssim,Sí,Sí,Sí,Sí,1.700 metros,6723.69720000029,4871960.2396,Medio,Urbana
Torre Sant Vicent,Castellón/Castelló,Benicasim/Benicàssim,Sí,Sí,Sí,Sí,750 metros,8104.05889999866,4873138.0939,Alto,Urbana
L'Almadrava,Castellón/Castelló,Benicasim/Benicàssim,Sí,Sí,Sí,Sí,600 metros,8638.39249999821,4873618.0006,Alto,Urbana
Voramar,Castellón/Castelló,Benicasim/Benicàssim,Sí,Sí,Sí,Sí,600 metros,9328.57330000028,4874170.6492,Alto,Urbana
L'Arenal,Castellón/Castelló,Borriana/Burriana,No,Sí,Sí,Sí,1.000 metros,-6924.07229999825,4846793.4028,Alto,Urbana
Cudolá,Castellón/Castelló,Cabanes,No,No,No,No,2.000 metros,19224.8761,4887021.1483,Bajo,Aislada
Cuartel Vell,Castellón/Castelló,Cabanes,No,No,No,No,3.300 metros,21095.0434999987,4890618.7837,Bajo,Aislada
El Pinar,Castellón/Castelló,Castellón de la Plana/Castelló de la Plana,Sí,Sí,Sí,Sí,1.750 metros,2983.36239999905,4863762.7596,Alto,Urbana
El Gurugú,Castellón/Castelló,Castellón de la Plana/Castelló de la Plana,Sí,Sí,Sí,Sí,1.000 metros,3361.84860000014,4865651.6491,Alto,Semiurbana
El Serradal,Castellón/Castelló,Castellón de la Plana/Castelló de la Plana,Sí,Sí,Sí,No,1.600 metros,3851.65439999849,4867322.8895,Medio,Semiurbana
El Cerezo,Castellón/Castelló,Chilches/Xilxes,Sí,Sí,Sí,Sí,2.000 metros,-17733.1948999986,4831503.6922,Medio,Semiurbana
Les Cases,Castellón/Castelló,Chilches/Xilxes,No,Sí,Sí,Sí,400 metros,-17176.5973999985,4832358.1375,Alto,Urbana
Playa de La Llosa,Castellón/Castelló,La Llosa,No,No,Sí,No,1.000 metros,-18902.0494999997,4829693.6685,Bajo,Aislada
Belcaire,Castellón/Castelló,Moncofa,No,No,No,No,500 metros,-15551.3328999989,4835298.5682,Bajo,Aislada
Masbo,Castellón/Castelló,Moncofa,Sí,Sí,Sí,Sí,800 metros,-14927.9437000006,4835993.9693,Alto,Urbana
El Grau,Castellón/Castelló,Moncofa,Sí,Sí,Sí,Sí,1.200 metros,-14226.6308999993,4837268.9974,Alto,Urbana
Pedraroja,Castellón/Castelló,Moncofa,Sí,Sí,Sí,Sí,500 metros,-13714.5612999983,4838254.3581,Alto,Urbana
Playa de L'Alcudia,Castellón/Castelló,Nules,Sí,No,No,No,1.355 metros,-10998.365699999,4842573.7064,Medio,Semiurbana
Del Pebret,Castellón/Castelló,Peníscola/Peñíscola,No,No,No,No,40 metros,39184.4607999995,4910772.2696,Medio,Semiurbana
Del Russo,Castellón/Castelló,Peníscola/Peñíscola,No,Sí,No,No,80 metros,39217.8566000015,4910932.8461,Medio,Semiurbana
Cala del Volante,Castellón/Castelló,Peníscola/Peñíscola,No,No,No,No,30 metros,41644.6215000004,4914144.9246,Bajo,Semiurbana
Sud de Torreblanca,Castellón/Castelló,Torreblanca,No,No,No,No,1.760 metros,23354.8291999996,4892775.0791,Bajo,Aislada
Torrenostra,Castellón/Castelló,Torreblanca,Sí,Sí,Sí,No,700 metros,24746.3227999993,4893926.2673,Medio,Urbana
Nord de Torreblanca,Castellón/Castelló,Torreblanca,Sí,Sí,Sí,Sí,720 metros,25469.8995000012,4894567.4935,Medio,Urbana
Playa D'Aiguaoliva,Castellón/Castelló,Vinaròs,No,No,No,No,300 metros,50550.1807999983,4930586.7213,Bajo,Semiurbana
Cala Puntal,Castellón/Castelló,Vinaròs,Sí,No,No,No,200 metros,50962.0628999993,4931361.9907,Alto,Urbana
Playa de les Salines,Castellón/Castelló,Vinaròs,Sí,No,No,No,250 metros,51407.3407999985,4932166.5801,Alto,Urbana
Playa del Clot,Castellón/Castelló,Vinaròs,Sí,Sí,No,No,100 metros,52364.6884999983,4933497.9546,Alto,Urbana
Playa del Forti,Castellón/Castelló,Vinaròs,Sí,Sí,Sí,Sí,500 metros,53177.3207999989,4934244.1885,Alto,Urbana
Playa de Fora del Forat,Castellón/Castelló,Vinaròs,Sí,Sí,Sí,Sí,300 metros,53644.8625999987,4934990.4789,Alto,Urbana
Playa del Riu Cervol,Castellón/Castelló,Vinaròs,No,No,No,No,180 metros,53923.1612999998,4935356.3283,Bajo,Urbana
Playa dels Cossis,Castellón/Castelló,Vinaròs,Sí,No,No,No,100 metros,54034.4807999991,4935912.4455,Alto,Urbana
Playa del Saldonar,Castellón/Castelló,Vinaròs,Sí,No,No,No,200 metros,54390.7032000013,4936688.1351,Medio,Urbana
Playa de la Barbiguera,Castellón/Castelló,Vinaròs,Sí,No,No,No,175 metros,55058.620099999,4937610.2609,Alto,Urbana
Playa del Triador,Castellón/Castelló,Vinaròs,Sí,No,No,No,210 metros,55548.4259000011,4938605.6685,Alto,Urbana
Playa de les Deveses,Castellón/Castelló,Vinaròs,Sí,No,No,No,220 metros,56650.4888999984,4940728.5658,Alto,Urbana
Cala Sol de Riu,Castellón/Castelló,Vinaròs,No,No,No,No,80 metros,56939.9195000008,4941050.7007,Bajo,Aislada
Riu de la Sénia,Castellón/Castelló,Vinaròs,No,No,No,No,100 metros,57184.8223999999,4941812.1524,Bajo,Aislada
Port-Saplaya Norte,Valencia/València,Alboraya,No,No,Sí,No,475 metros,-35622.2371000014,4795192.2307,Medio,Urbana
Patacona,Valencia/València,Alboraya,Sí,Sí,Sí,No,1.340 metros,-36067.5150000006,4792350.1194,Medio / Alto,Urbana
Bellreguard,Valencia/València,Bellreguard,No,Sí,Sí,Sí,720 metros,-14660.7769000009,4716845.4856,Alto,Urbana
Racó de Mar,Valencia/València,Canet d'En Berenguer,Sí,Sí,Sí,Sí,1.200 metros,-22453.1413000003,4819867.3514,Alto,Urbana
Ribada,A Coruña,Ares,No,No,No,No,130 metros,-918719.7575,5376227.4888,Bajo,Aislada
Estacas,A Coruña,Ares,No,No,No,No,100 metros,-918319.007399999,5376181.5098,Bajo,Aislada
Ares,A Coruña,Ares,Sí,Sí,Sí,No,950 metros,-917216.944400001,5377499.6649,Medio,Urbana
Seselle,A Coruña,Ares,Sí,Sí,No,No,1.050 metros,-915936.770199999,5377499.6649,Medio,Semiurbana
Raso,A Coruña,Ares,Sí,Sí,Sí,No,580 metros,-914968.2907,5376871.2188,Medio,Semiurbana
Sabadelle,A Coruña,Ares,No,No,No,No,150 metros,-913843.963799998,5376288.7945,Bajo,Aislada
Redes,A Coruña,Ares,No,No,Sí,No,160 metros,-913009.067600001,5376901.8737,Bajo,Urbana
El Matadero,A Coruña,Arteixo,No,No,No,No,100 metros,-943755.511,5365780.7827,Bajo,Aislada
Suevos,A Coruña,Arteixo,No,No,No,No,145 metros,-944857.574000001,5365796.0919,Medio,Semiurbana
Area Pequeña,A Coruña,Arteixo,No,No,No,No,40 metros,-944991.157299999,5366056.3513,Medio,Semiurbana
Sabón,A Coruña,Arteixo,Sí,Sí,Sí,Sí,800 metros,-947250.943,5362092.0125,Medio,Aislada
La Salsa,A Coruña,Arteixo,Sí,Sí,No,Sí,145 metros,-948609.040800001,5361189.1756,Medio,Aislada
La Hucha,A Coruña,Arteixo,Sí,Sí,No,Sí,95 metros,-949577.520399999,5360439.4285,Alto,Aislada
Valcobo,A Coruña,Arteixo,Sí,Sí,Sí,Sí,255 metros,-949922.610800002,5360133.4267,Alto,Semiurbana
Combouzas,A Coruña,Arteixo,Sí,Sí,Sí,Sí,300 metros,-951102.597399998,5359659.1438,Alto,Semiurbana
Barrañán,A Coruña,Arteixo,Sí,Sí,Sí,Sí,1.100 metros,-951915.229699999,5359429.6607,Alto,Semiurbana
Santa Irene,A Coruña,Arteixo,Sí,Sí,Sí,Sí,180 metros,-952905.973099999,5359567.3499,Medio,Semiurbana
Porto Chas,A Coruña,Arteixo,No,No,No,No,90 metros,-953874.4527,5359552.051,Bajo,Semiurbana
El Pedrido,A Coruña,Bergondo,Sí,Sí,No,No,500 metros,-914066.6028,5361984.8917,Alto,Semiurbana
Regueiro,A Coruña,Bergondo,No,No,Sí,No,390 metros,-915302.2491,5362704.1552,Bajo,Aislada
El Faro,Valencia/València,Cullera,No,Sí,Sí,Sí,70 metros,-24390.1004000008,4747918.7546,Medio,Urbana
Los Olivos,Valencia/València,Cullera,No,Sí,Sí,Sí,400 metros,-24779.7186999992,4747717.6975,Alto,Urbana
Porto Negros,A Coruña,Carnota,No,No,No,No,140 metros,-1017126.1874,5289319.9568,Bajo,Aislada
Insuela,A Coruña,Carnota,Sí,No,No,No,150 metros,-1016825.6248,5288940.3583,Bajo,Aislada
Caldebarcos,A Coruña,Carnota,Sí,No,No,No,300 metros,-1015456.395,5288834.0734,Bajo,Semiurbana
Carnota,A Coruña,Carnota,Sí,Sí,Sí,No,5.600 metros,-1013497.172,5285752.3369,Medio,Aislada
Os Olmos,A Coruña,Ferrol,Sí,No,No,No,100 metros,-918775.417300001,5386885.4389,Bajo,Semiurbana
Caranza,A Coruña,Ferrol,Sí,Sí,Sí,No,600 metros,-913064.727400001,5384890.9338,Alto,Urbana
Coido,A Coruña,Muros,Sí,No,No,No,60 metros,-1002855.0287,5279227.8613,Bajo,Aislada
Area do Medio,A Coruña,Muros,Sí,No,No,No,100 metros,-1002109.1881,5278848.6707,Bajo,Aislada
Porto de Cabanas,A Coruña,Muros,No,No,No,No,50 metros,-1002064.6603,5278727.333,Bajo,Aislada
Gandarío,A Coruña,Bergondo,Sí,Sí,Sí,Sí,690 metros,-917016.5693,5364234.6883,Alto,Urbana
Costadal,A Coruña,Boiro,No,No,No,No,150 metros,-991400.2531,5256110.057,Bajo,Urbana
Agramuiña,A Coruña,Boiro,No,No,Sí,No,80 metros,-990910.447299998,5256987.6776,Medio,Urbana
Barraña,A Coruña,Boiro,Sí,Sí,Sí,Sí,2.150 metros,-989095.939599998,5257290.3244,Alto,Semiurbana
Rebordelo,A Coruña,Boiro,No,No,No,No,350 metros,-987915.953000002,5256397.5444,Medio,Semiurbana
Suigrexa,A Coruña,Boiro,No,No,No,No,190 metros,-985099.569899999,5257244.9267,Bajo,Semiurbana
Supicho,A Coruña,Boiro,No,No,No,No,260 metros,-986034.6536,5257577.8478,Bajo,Semiurbana
Agañán,A Coruña,Boiro,No,No,No,No,500 metros,-986223.896699999,5257789.7128,Bajo,Semiurbana
Bodión,A Coruña,Boiro,No,No,No,No,240 metros,-986301.8204,5258501.0087,Bajo,Semiurbana
Agoeiros,A Coruña,Boiro,No,No,No,No,160 metros,-985789.750700001,5259182.0871,Bajo,Semiurbana
Area Basta,A Coruña,Boiro,No,No,No,No,230 metros,-985377.8686,5260332.4646,Bajo,Semiurbana
Lóbrigo,A Coruña,Boiro,No,No,No,No,215 metros,-985400.1325,5260907.7062,Bajo,Semiurbana
Quinteiro,A Coruña,Boiro,No,No,No,No,225 metros,-985188.625500001,5261271.0347,Bajo,Semiurbana
Ribademar,A Coruña,Boiro,No,No,No,No,235 metros,-984854.666999999,5261240.7568,Bajo,Aislada
A Orixeira,A Coruña,Cabana de Bergantiños,Sí,No,No,No,70 metros,-993303.816300001,5346602.9137,Bajo,Aislada
Navaliños,A Coruña,Cabana de Bergantiños,Sí,No,No,No,100 metros,-994428.143199999,5345380.7852,Bajo,Semiurbana
Area das Vacas,A Coruña,Cabana de Bergantiños,No,No,No,No,40 metros,-996353.970400002,5346740.4131,Bajo,Aislada
Rebordelo,A Coruña,Cabana de Bergantiños,Sí,No,Sí,No,250 metros,-998190.741999999,5346297.3665,Medio,Aislada
San Pedro,A Coruña,Cabana de Bergantiños,No,No,No,No,150 metros,-998669.415800001,5346129.3199,Bajo,Aislada
La Madalena,A Coruña,Cabanas,Sí,Sí,Sí,No,1.100 metros,-909903.253800001,5375124.0555,Alto,Urbana
Camelle,A Coruña,Camariñas,Sí,Sí,Sí,No,300 metros,-1011960.963,5339409.9381,Bajo,Urbana
Arou,A Coruña,Camariñas,Sí,Sí,Sí,Sí,130 metros,-1013664.1512,5340173.2602,Alto,Urbana
Lobeiras,A Coruña,Camariñas,No,No,No,No,240 metros,-1014899.7976,5341593.2057,Bajo,Playa natural
Santa Mariña,A Coruña,Camariñas,No,No,No,No,70 metros,-1016781.097,5341501.5898,Bajo,Semiurbana
Trece,A Coruña,Camariñas,No,No,No,No,1.250 metros,-1019341.4452,5339898.4571,Bajo,Aislada
Area de Reira,A Coruña,Camariñas,No,No,No,No,155 metros,-1021979.7172,5337395.068,Bajo,Aislada
Area Longa,A Coruña,Camariñas,No,No,No,No,270 metros,-1022458.391,5336952.4655,Bajo,Aislada
Balea,A Coruña,Camariñas,No,No,No,No,110 metros,-1022758.9536,5336494.6229,Bajo,Aislada
Pedrosa,A Coruña,Camariñas,No,No,No,No,220 metros,-1023104.044,5336311.4922,Bajo,Aislada
Lago,A Coruña,Camariñas,No,No,No,No,385 metros,-1023950.0722,5331978.4475,Bajo,Aislada
Area da Vila,A Coruña,Camariñas,Sí,No,No,No,250 metros,-1021590.099,5332924.2221,Medio,Semiurbana
Lingude,A Coruña,Camariñas,Sí,Sí,Sí,No,215 metros,-1021144.821,5332924.2221,Medio,Semiurbana
Ariña Blanca,A Coruña,Camariñas,No,No,No,No,140 metros,-1020343.3207,5331932.6866,Bajo,Aislada
Ariño,A Coruña,Camariñas,Sí,Sí,Sí,No,1.160 metros,-1019241.2577,5331764.8988,Alto,Aislada
Leira,A Coruña,Carballo,No,No,No,No,1.000 metros,-961577.761500001,5358848.329,Bajo,Aislada
Pedra do Sal,A Coruña,Carballo,Sí,No,No,Sí,300 metros,-963848.679099999,5358037.5849,Medio,Semiurbana
Baldaio,A Coruña,Carballo,Sí,Sí,Sí,Sí,4.000 metros,-966253.180100001,5357379.8634,Alto,Aislada
Razo,A Coruña,Carballo,Sí,Sí,Sí,Sí,800 metros,-969859.931600001,5356171.6124,Alto,Semiurbana
Els Plans,Valencia/València,"Puig de Santa Maria, el",No,Sí,No,No,1.300 metros,-30345.6931999996,4805730.9451,Bajo,Semiurbana
Puig-Val,Valencia/València,"Puig de Santa Maria, el",No,Sí,Sí,No,830 metros,-30857.7628000006,4803766.7275,Medio,Semiurbana
Corint,Valencia/València,Sagunto/Sagunt,No,Sí,Sí,Sí,1.300 metros,-21751.8284999989,4823368.4052,Medio,Semiurbana
L'Almardà,Valencia/València,Sagunto/Sagunt,No,Sí,Sí,Sí,2.030 metros,-22352.9538000003,4820706.3351,Medio,Semiurbana
Port de Sagunt,Valencia/València,Sagunto/Sagunt,No,Sí,Sí,Sí,1.200 metros,-23210.1138000004,4817220.6749,Alto,Urbana
El Perelló,Valencia/València,Sueca,Sí,Sí,Sí,No,1.250 metros,-30078.5263999999,4760478.3973,Alto,Urbana
Ribeira Grande,A Coruña,Boiro,No,No,Sí,No,330 metros,-989051.411800001,5253507.9387,Bajo,Urbana
Piñeirón,A Coruña,Boiro,Sí,Sí,No,No,85 metros,-988661.7936,5253250.7916,Medio,Urbana
Gabiotea,A Coruña,Boiro,No,No,No,No,120 metros,-988428.022700001,5253281.0439,Bajo,Semiurbana
Carragueiros,A Coruña,Boiro,Sí,Sí,Sí,Sí,950 metros,-987726.709899999,5253144.9096,Alto,Semiurbana
As Fontes,A Coruña,Ferrol,Sí,Sí,No,No,60 metros,-921870.099100001,5397294.5152,Bajo,Aislada
Santa Comba,A Coruña,Ferrol,Sí,Sí,No,No,1.500 metros,-922961.030099999,5397018.0168,Alto,Aislada
O Porto,A Coruña,Ferrol,No,No,No,No,65 metros,-924341.391800001,5397571.0219,Bajo,Semiurbana
Cabaliño,A Coruña,Ferrol,No,No,No,No,200 metros,-924864.593400002,5398323.7764,Bajo,Aislada
Santa Mariña,A Coruña,Carballo,No,No,No,No,250 metros,-971641.043400001,5356997.4885,Bajo,Aislada
Figueiras,A Coruña,Cariño,No,No,No,No,260 metros,-875060.253199998,5420842.5495,Alto,Aislada
A Postiña,A Coruña,Cariño,No,No,No,No,350 metros,-874559.315499999,5420519.146,Bajo,Aislada
Fornos,A Coruña,Cariño,Sí,Sí,Sí,No,400 metros,-874091.773699999,5420981.1545,Alto,Aislada
Mareny de Sant Llorenç,Valencia/València,Cullera,Sí,Sí,No,No,3.100 metros,-26293.6636999995,4752098.7756,Bajo,Aislada
El Dosel,Valencia/València,Cullera,No,Sí,Sí,Sí,1.450 metros,-25035.7534999996,4749441.1735,Medio,Semiurbana
Cap Blanc,Valencia/València,Cullera,No,Sí,Sí,Sí,300 metros,-25302.9202999994,4747631.5315,Alto,Urbana
El Racó,Valencia/València,Cullera,No,Sí,Sí,Sí,1.800 metros,-26115.5524999984,4747487.923,Alto,Urbana
Sant Antoni,Valencia/València,Cullera,No,Sí,Sí,Sí,1.200 metros,-26816.8652999997,4745606.8404,Alto,Urbana
El Marenyet,Valencia/València,Cullera,No,No,No,No,1.800 metros,-26482.9068999998,4742032.3132,Medio,Semiurbana
L'Estany,Valencia/València,Cullera,No,No,No,No,1.300 metros,-25937.441399999,4739850.8939,Bajo,Semiurbana
El Brosquil,Valencia/València,Cullera,No,No,No,No,2.300 metros,-25258.3924999982,4738100.3584,Bajo,Semiurbana / Aislada
Los Pedregales,Valencia/València,Daimús,No,No,No,No,650 metros,-16308.305399999,4719193.7988,Medio,Semiurbana
Daimús,Valencia/València,Daimús,No,Sí,Sí,Sí,1.020 metros,-15896.4233000018,4718563.7101,Alto,Urbana
L'Ahuir,Valencia/València,Gandia,Sí,Sí,No,No,1.760 metros,-20082.0361000001,4725869.4155,Bajo,Aislada
Norte de Gandía,Valencia/València,Gandia,Sí,Sí,Sí,Sí,3.000 metros,-18445.6396000013,4723075.4356,Alto,Urbana
Venecia,Valencia/València,Gandia,Sí,Sí,No,No,100 metros,-16920.5626000017,4720439.7711,Medio,Urbana
Rafalcaid,Valencia/València,Gandia,Sí,Sí,No,No,880 metros,-16653.3957999982,4719766.6406,Medio,Semiurbana
Guardamar,Valencia/València,Guardamar de la Safor,No,Sí,Sí,No,400 metros,-14994.7353999987,4717275.0144,Medio,Urbana
La Pobla de Farnals,Valencia/València,La Pobla de Farnals,Sí,Sí,Sí,No,400 metros,-31369.8324999996,4802972.4842,Alto,Urbana
Massalfassar,Valencia/València,Massalfassar,No,Sí,No,No,450 metros,-33073.0207000002,4800662.3163,Bajo,Aislada
Massamagrell,Valencia/València,Massamagrell,No,No,No,No,300 metros,-32115.6730999984,4801918.404,Medio,Aislada
Meliana,Valencia/València,Meliana,No,Sí,No,No,1.200 metros,-35221.4869000018,4796692.9596,Bajo,Aislada
Miramar,Valencia/València,Miramar,No,Sí,Sí,Sí,1.520 metros,-13781.3530000001,4715714.4799,Alto,Urbana
Terra Nova,Valencia/València,Oliva,No,Sí,Sí,Sí,1.750 metros,-11399.1158999987,4712780.1799,Medio / Bajo,Semiurbana
Pau Pi,Valencia/València,Oliva,No,Sí,Sí,Sí,1.400 metros,-10041.0181000009,4711248.9553,Alto,Urbana
L'Aigua Blanca,Valencia/València,Oliva,No,Sí,No,Sí,1.750 metros,-8738.57999999821,4709803.8057,Medio,Semiurbana
Rabdells,Valencia/València,Oliva,No,No,No,No,977 metros,-7369.35029999912,4708401.778,Medio,Semiurbana
L'Aigua Morta,Valencia/València,Oliva,No,Sí,Sí,Sí,2.000 metros,-5888.80110000074,4706957.0335,Medio,Semiurbana
Les Devesses,Valencia/València,Oliva,No,No,No,No,850 metros,-4430.51570000127,4705669.8106,Medio,Semiurbana
Piles,Valencia/València,Piles,No,Sí,Sí,Sí,1.300 metros,-12579.1024999991,4714225.7534,Alto,Urbana
Puçol,Valencia/València,Puçol,Sí,Sí,Sí,Sí,2.050 metros,-29332.685800001,4809385.9935,Medio,Urbana
Les Palmeres,Valencia/València,Sueca,Sí,Sí,Sí,No,1.500 metros,-29332.685800001,4758839.2956,Alto,Urbana
El Rey,Valencia/València,Sueca,Sí,Sí,Sí,No,790 metros,-28620.2410999984,4757085.4644,Medio,Semiurbana
Bega de Mar,Valencia/València,Sueca,Sí,Sí,Sí,No,950 metros,-27952.3240999989,4755504.4027,Bajo,Semiurbana
Mareny de Vilxes,Valencia/València,Sueca,Sí,Sí,Sí,No,720 metros,-27473.6502999999,4754469.6602,Medio,Urbana
Tavernes,Valencia/València,Tavernes de la Valldigna,No,Sí,Sí,Sí,1.987 metros,-23176.7179999985,4732348.6834,Medio,Semiurbana
Pinedo,Valencia/València,Valencia,Sí,Sí,Sí,No,1.100 metros,-37102.7862999998,4781321.1217,Alto,Urbana
El Saler,Valencia/València,Valencia,Sí,Sí,Sí,Sí,2.700 metros,-36100.9109000005,4776711.2755,Alto,Aislada
Les Devesses,Valencia/València,Valencia,Sí,Sí,No,Sí,4.900 metros,-34553.5698999986,4771556.5142,Bajo,Aislada
El Perellonet,Valencia/València,Valencia,Sí,Sí,Sí,Sí,3.600 metros,-32082.2771999985,4764836.2539,Medio,Urbana
Malvarrosa,Valencia/València,Valencia,Sí,Sí,Sí,Sí,600 metros,-35978.4593999982,4790518.3224,Alto,Urbana
Xeraco,Valencia/València,Xeraco,No,Sí,Sí,Sí,2.700 metros,-21406.7380999997,4728406.157,Medio,Urbana
Oza,A Coruña,A Coruña,Sí,Sí,Sí,Sí,110 metros,-933124.499600001,5364938.8182,Alto,Urbana
San Amaro,A Coruña,A Coruña,Sí,Sí,Sí,Sí,105 metros,-934727.500300001,5370252.1272,Alto,Urbana
As Lapas,A Coruña,A Coruña,Sí,Sí,Sí,Sí,70 metros,-935762.771600001,5370558.4625,Alto,Urbana
Las Amorosas,A Coruña,A Coruña,No,No,No,No,50 metros,-935996.5425,5369823.2748,Medio,Urbana
Matadero,A Coruña,A Coruña,Sí,Sí,Sí,Sí,80 metros,-935473.3409,5369302.5521,Alto,Urbana
Orzán,A Coruña,A Coruña,Sí,Sí,Sí,Sí,700 metros,-935684.847899999,5368598.0914,Alto,Urbana
Riazor,A Coruña,A Coruña,Sí,Sí,Sí,Sí,570 metros,-936341.6329,5368245.8811,Alto,Urbana
Lino,A Coruña,A Coruña,Sí,No,Sí,No,70 metros,-937254.4527,5369057.5162,Medio,Urbana
La Cetárea,A Coruña,A Coruña,Sí,No,No,No,35 metros,-940315.738699999,5369516.9638,Bajo,Urbana
La Cetárea,A Coruña,A Coruña,No,No,No,No,20 metros,-940260.079,5368843.1152,Bajo,Semiurbana
Bens,A Coruña,A Coruña,No,No,Sí,No,60 metros,-941373.273899999,5366898.4171,Bajo,Aislada
Corna,A Coruña,A Pobra do Caramiñal,No,No,Sí,No,820 metros,-996109.067499999,5249046.6761,Medio,Aislada
A Illa,A Coruña,A Pobra do Caramiñal,Sí,Sí,Sí,No,400 metros,-994873.4212,5248955.9604,Alto,Semiurbana
Lombiña,A Coruña,A Pobra do Caramiñal,Sí,Sí,Sí,No,600 metros,-994183.2403,5249303.7084,Alto,Semiurbana
Cabío,A Coruña,A Pobra do Caramiñal,Sí,Sí,Sí,No,130 metros,-993615.510899998,5249303.7084,Alto,Semiurbana
Agronovo,A Coruña,A Pobra do Caramiñal,No,No,No,No,180 metros,-993070.045400001,5249787.5531,Bajo,Aislada
Niñeiriños,A Coruña,A Pobra do Caramiñal,No,No,No,No,250 metros,-993036.649599999,5250241.18,Bajo,Aislada
Arenal,A Coruña,A Pobra do Caramiñal,Sí,No,Sí,No,1.100 metros,-994405.879299998,5251027.5184,Alto,Urbana
San Lázaro,A Coruña,A Pobra do Caramiñal,No,No,No,No,110 metros,-994327.955699999,5253039.0287,Bajo,Urbana
Raposiños,A Coruña,A Pobra do Caramiñal,No,No,No,No,160 metros,-993882.677700002,5253386.9275,Bajo,Semiurbana
La Merced,A Coruña,A Pobra do Caramiñal,No,No,No,No,110 metros,-993225.892700002,5254324.8054,Bajo,Semiurbana
Riveiriña,A Coruña,A Pobra do Caramiñal,No,No,No,No,260 metros,-993036.649599999,5254672.7516,Medio,Semiurbana
Toxal,A Coruña,A Pobra do Caramiñal,No,No,No,No,180 metros,-992825.142499998,5254929.9375,Bajo,Semiurbana
La Poza,A Coruña,A Pobra do Caramiñal,No,No,No,No,100 metros,-992580.239700001,5255081.2266,Bajo,Semiurbana
Campo,A Coruña,A Pobra do Caramiñal,No,No,No,No,50 metros,-992457.788199998,5255141.7429,Bajo,Semiurbana
Conchido,A Coruña,A Pobra do Caramiñal,No,No,No,No,60 metros,-991789.871300001,5255822.5784,Bajo,Urbana
Chanteiro,A Coruña,Ares,Sí,No,Sí,No,350 metros,-924285.732099999,5380059.8734,Medio,Semiurbana
Area do Río,A Coruña,Boiro,No,No,No,No,170 metros,-988862.168699998,5255096.3557,Bajo,Urbana
Corviño,A Coruña,Boiro,No,No,No,No,160 metros,-989307.446600001,5254370.189,Bajo,Urbana
A Retorta,A Coruña,Boiro,Sí,Sí,Sí,No,550 m.,-986936.341499999,5252479.3925,Alto,Semiurbana
Chazo,A Coruña,Boiro,No,Sí,No,No,125 metros,-985978.993900001,5252721.3933,Bajo,Semiurbana
Ladeira do Chazo,A Coruña,Boiro,Sí,Sí,No,No,940 metros,-986346.348200001,5253114.6578,Medio,Semiurbana
Mañóns,A Coruña,Boiro,Sí,Sí,Sí,No,1.300 metros,-985055.042100001,5255928.4905,Medio,Semiurbana
Fontenla,A Coruña,Boiro,No,No,No,No,150 metros,-984264.673700001,5255641.0174,Bajo,Aislada
Portomouro,A Coruña,Boiro,No,No,No,No,160 metros,-983797.1318,5256442.9379,Bajo,Semiurbana
A Concha,A Coruña,Cariño,Sí,No,No,No,894 metros,-876062.128600001,5425155.6799,Medio,Urbana
Cala de O Peiral,A Coruña,Cariño,Sí,No,No,No,40 metros,-875761.566,5425972.3209,Alto,Urbana
San Pedro,A Coruña,Carnota,Sí,No,Sí,No,250 metros,-1017137.3193,5295441.2067,Bajo,Urbana
Quilmas,A Coruña,Carnota,Sí,No,No,No,300 metros,-1017760.7085,5294013.0639,Bajo,Semiurbana
Pedrullo,A Coruña,Carnota,No,No,No,No,100 metros,-1018105.7989,5293633.2753,Bajo,Aislada
Corna Becerra,A Coruña,Carnota,No,No,No,No,165 metros,-1017961.0836,5293314.2648,Bajo,Aislada
Salomba,A Coruña,Carnota,No,No,No,No,200 metros,-1018484.2852,5292691.466,Bajo,Aislada
Area Blanca,A Coruña,Carnota,No,No,No,No,150 metros,-1018283.9101,5292129.4636,Bajo,Aislada
Cons,A Coruña,Carnota,Sí,No,No,No,150 metros,-1015333.9436,5282732.3065,Bajo,Aislada
Mar de Lira,A Coruña,Carnota,Sí,No,Sí,No,400 metros,-1016113.18,5282337.8014,Medio,Aislada
Portocubelo,A Coruña,Carnota,Sí,No,Sí,No,200 metros,-1017170.7152,5282110.2099,Bajo,Urbana
Tras de Punta,A Coruña,Carnota,No,No,No,No,100 metros,-1017371.0903,5282110.2099,Bajo,Urbana
Porto Ancho,A Coruña,Carnota,No,No,No,No,120 metros,-1017593.7292,5281973.6576,Bajo,Urbana
Gabota,A Coruña,Carnota,No,No,Sí,No,150 metros,-1017883.1599,5281852.2795,Bajo,Aislada
Porto da Barca,A Coruña,Carnota,No,No,No,No,150 metros,-1018105.7989,5281837.1073,Bajo,Aislada
Simprón,A Coruña,Carnota,No,No,Sí,No,70 metros,-1017482.4097,5281017.8473,Bajo,Aislada
Ardeleiro,A Coruña,Carnota,No,No,No,No,110 metros,-1016825.6248,5280274.5066,Bajo,Aislada
Susiños,A Coruña,Carnota,No,No,No,No,100 metros,-1016591.8538,5279743.585,Bajo,Aislada
Sureseco,A Coruña,Carnota,No,No,No,No,200 metros,-1016068.6522,5278772.8345,Bajo,Aislada
Porto dos Botes,A Coruña,Carnota,No,No,No,No,60 metros,-1015734.6937,5277711.191,Bajo,Aislada
Lariño,A Coruña,Carnota,Sí,No,Sí,No,1.800 metros,-1015111.3046,5276816.4704,Medio,Aislada
Sonreiras,A Coruña,Cedeira,No,No,No,No,45 metros,-898671.117199998,5412822.4058,Bajo,Aislada
Area Longa,A Coruña,Cedeira,Sí,No,No,No,200 metros,-898047.728100002,5412914.7287,Alto,Semiurbana
A Magdalena,A Coruña,Cedeira,Sí,Sí,Sí,No,1.400 metros,-896444.727400001,5411268.4426,Alto,Urbana
Mi Señora,A Coruña,Cedeira,No,No,No,No,60 metros,-898069.991999999,5411391.5192,Bajo,Aislada
Burbujas,A Coruña,Cedeira,No,No,No,No,80 metros,-898225.839299999,5410960.7581,Bajo,Aislada
Cerdeiras,A Coruña,Cedeira,No,No,No,No,70 metros,-897914.144699998,5410437.718,Bajo,Aislada
Estorde,A Coruña,Cee,Sí,No,No,No,350 metros,-1026376.8371,5303315.093,Medio,Semiurbana
A Concha,A Coruña,Cee,Sí,Sí,No,No,185 metros,-1022981.5926,5304759.8642,Medio,Urbana
Ameixenda,A Coruña,Cee,No,No,No,No,70 metros,-1020844.2584,5301824.931,Medio,Playa natural
Caneliñas,A Coruña,Cee,No,No,No,No,100 metros,-1019152.2021,5298936.5169,Bajo,Semiurbana
Gures,A Coruña,Cee,No,No,No,No,350 metros,-1018339.5698,5298556.5287,Bajo,Aislada
Quenxe,A Coruña,Corcubión,Sí,Sí,No,No,350 metros,-1023048.3843,5302417.9262,Alto,Urbana
Ézaro,A Coruña,Dumbría,Sí,Sí,Sí,Sí,800 metros,-1016324.687,5298161.3573,Alto,Urbana
Río Sandeu,A Coruña,Fene,Sí,Sí,Sí,No,210 metros,-912396.810400002,5377116.461,Bajo,Aislada
Almieiras,A Coruña,Fene,Sí,No,No,No,75 metros,-911428.330899999,5376809.9092,Bajo,Aislada
Río Castro,A Coruña,Fene,No,No,No,No,150 metros,-911205.6919,5376687.2913,Bajo,Semiurbana
Ponzos,A Coruña,Ferrol,Sí,Sí,Sí,No,1.400 metros,-920144.647,5396925.8525,Medio,Aislada
Medote,A Coruña,Ferrol,Sí,Sí,Sí,No,130 metros,-921235.578000002,5397002.656,Medio,Aislada
Sartaña,A Coruña,Ferrol,No,Sí,No,No,110 metros,-921391.425299998,5397033.3776,Bajo,Aislada
Preisal,A Coruña,Ferrol,Sí,Sí,No,No,160 metros,-923784.794300001,5394591.3296,Alto,Semiurbana
Fragata,A Coruña,Ferrol,Sí,Sí,No,Sí,200 metros,-923617.815099999,5394314.9119,Alto,Semiurbana
O Coido,A Coruña,Muxía,No,No,No,No,250 metros,-1026243.2537,5327769.3879,Medio,Urbana
A Cruz,A Coruña,Muxía,Sí,No,No,No,70 metros,-1025530.8089,5327220.52,Medio,Urbana
Lourido,A Coruña,Muxía,No,No,No,No,300 metros,-1026666.2677,5325254.0085,Bajo,Aislada
Arnela,A Coruña,Muxía,No,No,No,No,50 metros,-1028970.5812,5324766.2558,Bajo,Aislada
Centroña,A Coruña,Pontedeume,Sí,No,No,No,20 metros,-912151.907600001,5374694.978,Bajo,Aislada
Paredes,A Coruña,Pontedeume,No,No,No,No,100 metros,-914790.179499999,5371707.3097,Bajo,Aislada
Ber,A Coruña,Pontedeume,Sí,Sí,Sí,No,270 metros,-914133.394499999,5372733.7335,Medio,Semiurbana
As Seiras,A Coruña,Porto do Son,No,Sí,No,No,1.200 metros,-1005482.1686,5262421.6677,Medio,Aislada
Rocas Brancas,Lugo,Ribadeo,Sí,No,No,No,44 metros,-784145.625100002,5396618.6448,Bajo,Aislada
Gabieira,Lugo,Ribadeo,No,No,No,No,45 metros,-785748.625799999,5397094.8211,Bajo,Aislada
Xuncos,Lugo,Ribadeo,Sí,No,No,No,75 metros,-794041.9278,5396895.1313,Bajo,Aislada
Os Marbadás,Lugo,Ribadeo,Sí,Sí,No,No,300 metros,-794242.302900001,5396864.4102,Medio,Aislada
Porqueira,Pontevedra,Vilanova de Arousa,No,No,No,No,80 metros,-982572.617400002,5241565.569,Bajo,Aislada
Castelete,Pontevedra,Vilanova de Arousa,No,No,No,No,200 metros,-983173.742699999,5243272.8546,Bajo,Aislada
Esmelle,A Coruña,Ferrol,Sí,Sí,No,Sí,300 metros,-923584.419300001,5393654.6141,Alto,Aislada
San Xurxo,A Coruña,Ferrol,Sí,Sí,No,Sí,1.800 metros,-924074.225000001,5392349.5129,Alto,Semiurbana
Lobadiz,A Coruña,Ferrol,No,No,No,No,75 metros,-927057.587400001,5389785.9083,Bajo,Aislada
Doniños,A Coruña,Ferrol,Sí,Sí,Sí,Sí,1.900 metros,-926144.7676,5387284.3914,Alto,Aislada
Lumebo,A Coruña,Ferrol,No,No,No,No,180 metros,-926757.024799999,5385934.1599,Bajo,Aislada
Cariño,A Coruña,Ferrol,Sí,Sí,No,No,90 metros,-925799.677099999,5383878.5032,Medio,Aislada
San Cristobal,A Coruña,Ferrol,No,No,No,No,160 metros,-924096.488899998,5383203.6108,Bajo,Aislada
Detrás do Castillo,A Coruña,Ferrol,No,No,No,No,45 metros,-922115.002,5382973.5451,Medio,Aislada
San Felipe,A Coruña,Ferrol,No,No,No,No,220 metros,-921558.4045,5383556.3893,Medio,Semiurbana
A Graña,A Coruña,Ferrol,Sí,Sí,Sí,No,260 metros,-919476.730099998,5385504.582,Medio,Urbana
Do Rostro,A Coruña,Fisterra,No,No,No,No,1.925 metros,-1031397.3461,5306630.794,Medio,Aislada
Arnela,A Coruña,Fisterra,No,No,No,No,370 metros,-1033445.6247,5303163.0248,Bajo,Aislada
Mar de Fora,A Coruña,Fisterra,No,No,No,No,700 metros,-1032332.4298,5298115.7617,Bajo,Aislada
Langosteira,A Coruña,Fisterra,Sí,Sí,No,No,1.970 metros,-1030551.318,5300365.4104,Medio,Semiurbana
Sardiñeiro,A Coruña,Fisterra,Sí,Sí,No,No,370 metros,-1027657.0112,5303132.6114,Bajo,Urbana
Restrelo,A Coruña,Fisterra,No,No,No,No,85 metros,-1027089.2818,5303026.1655,Bajo,Aislada
Caión,A Coruña,A Laracha,Sí,Sí,Sí,Sí,850 metros,-958405.155999999,5360179.3264,Alto,Urbana
Laxe,A Coruña,Laxe,Sí,Sí,Sí,Sí,1.400 metros,-1001675.0421,5344968.3531,Alto,Urbana
Soesto,A Coruña,Laxe,No,Sí,No,No,850 metros,-1004335.5779,5344464.2941,Bajo,Aislada
Arnado,A Coruña,Laxe,No,No,No,No,80 metros,-1005593.4881,5343731.1661,Bajo,Aislada
Traba,A Coruña,Laxe,Sí,Sí,No,No,2.650 metros,-1007296.6763,5340631.2835,Bajo,Aislada
As Torradas,A Coruña,Malpica de Bergantiños,No,No,No,No,500 metros,-972943.4815,5356722.1883,Bajo,Aislada
Riás II,A Coruña,Malpica de Bergantiños,No,No,No,No,200 metros,-973477.815000001,5356768.0711,Bajo,Aislada
Riás III,A Coruña,Malpica de Bergantiños,No,No,No,No,450 metros,-973544.606699999,5356722.1883,Bajo,Aislada
San Miro,A Coruña,Malpica de Bergantiños,No,No,No,No,127 metros,-975971.371599998,5357731.6621,Bajo,Aislada
Reixa Grande,A Coruña,Malpica de Bergantiños,No,No,No,No,48 metros,-976472.309300002,5357624.5915,Bajo,Aislada
Reixa Chica,A Coruña,Malpica de Bergantiños,No,No,No,No,44 metros,-976683.816399999,5357685.7746,Bajo,Aislada
Area Maior,A Coruña,Malpica de Bergantiños,Sí,No,Sí,No,378 metros,-981214.5196,5361326.8908,Alto,Urbana
Canido,A Coruña,Malpica de Bergantiños,Sí,No,Sí,No,135 metros,-981481.6864,5361357.4945,Alto,Urbana
Seaia,A Coruña,Malpica de Bergantiños,Sí,No,No,No,235 metros,-982672.805,5361969.5888,Medio,Aislada
Beo,A Coruña,Malpica de Bergantiños,Sí,No,No,No,316 metros,-984698.819699999,5360745.4404,Bajo,Aislada
Seiruga,A Coruña,Malpica de Bergantiños,No,No,Sí,No,400 metros,-986190.5009,5360255.8262,Medio,Aislada
Barizo,A Coruña,Malpica de Bergantiños,No,No,No,No,210 metros,-987882.557100002,5359659.1438,Bajo,Aislada
Vilela,A Coruña,Mañón,No,No,No,No,270 metros,-855980.092500001,5427297.5902,Bajo,Aislada
Bares,A Coruña,Mañón,Sí,No,Sí,No,1.500 metros,-854221.244600002,5430149.106,Medio,Semiurbana
Esteiro,A Coruña,Mañón,Sí,Sí,Sí,No,1.000 metros,-859865.142700002,5426527.0616,Medio,Aislada
Perbes,A Coruña,Miño,Sí,Sí,Sí,Sí,540 metros,-914489.616900001,5369256.6074,Alto,Semiurbana
Marín,A Coruña,Miño,No,No,No,No,80 metros,-914634.332199998,5368935.0007,Bajo,Aislada
Lago,A Coruña,Miño,No,No,No,No,100 metros,-914088.866700001,5367817.1213,Bajo,Semiurbana
Grande de Miño,A Coruña,Miño,Sí,Sí,Sí,No,1.300 metros,-914155.658399999,5366515.6504,Alto,Urbana
Pequeña de Miño,A Coruña,Miño,Sí,Sí,Sí,No,420 metros,-913999.811099999,5365413.3706,Medio,Urbana
Alameda,A Coruña,Miño,Sí,Sí,Sí,No,450 metros,-913253.9705,5363698.973,Medio,Semiurbana
Bestarruza,A Coruña,Mugardos,Sí,Sí,No,No,300 metros,-919265.223000001,5382528.7676,Bajo,Semiurbana
Ancoradoiro,A Coruña,Muros,No,No,No,No,100 metros,-1014309.8043,5274890.8355,Medio,Semiurbana
Area Maior,A Coruña,Muros,Sí,No,No,No,1.500 metros,-1012695.6716,5274587.6219,Bajo,Aislada
Fogareiro,A Coruña,Muros,Sí,No,No,No,300 metros,-1010747.5806,5274511.82,Bajo,Semiurbana
Goday,A Coruña,Muros,Sí,No,No,No,150 metros,-1010558.3374,5274769.5489,Bajo,Urbana
San Francisco,A Coruña,Muros,Sí,Sí,No,No,820 metros,-1009934.9483,5275375.9976,alto,Urbana
A Bouga,A Coruña,Muros,Sí,No,No,No,200 metros,-1008966.4687,5275512.454,alto,Semiurbana
La Prudencia,A Coruña,Muros,Sí,No,Sí,No,150 metros,-1007964.5933,5277726.3565,Medio,Urbana
Praia da Rocha,A Coruña,Muros,Sí,No,No,No,65 metros,-1008365.3435,5279546.3931,Bajo,Urbana
Ventín,A Coruña,Muros,Sí,No,Sí,No,160 metros,-1004847.6475,5281442.6399,Medio,Semiurbana
Liñares,A Coruña,Muros,Sí,No,No,No,150 metros,-1004268.7862,5281548.841,Bajo,Semiurbana
Bornalle,A Coruña,Muros,No,No,No,No,750 metros,-1003812.3763,5281624.6997,Bajo,Semiurbana
Aldosén,A Coruña,Muros,No,No,No,No,150 metros,-1003111.0635,5280896.4816,Bajo,Semiurbana
Arruso,A Coruña,Muros,No,No,No,No,65 metros,-1003255.7788,5280456.5438,Bajo,Aislada
Salgueiro,A Coruña,Muros,No,No,No,No,100 metros,-1003344.8344,5280244.1674,Bajo,Aislada
Cirqueiros,A Coruña,Muros,No,No,No,No,50 metros,-1003489.5498,5280153.1504,Bajo,Aislada
Cabanas,A Coruña,Muros,Sí,No,No,No,200 metros,-1001819.7574,5278909.3402,Bajo,Semiurbana
Raimundo,A Coruña,Muros,Sí,No,No,No,150 metros,-1001407.8753,5278803.1689,Bajo,Aislada
Fontenla,A Coruña,Muros,No,No,No,No,100 metros,-1000250.1526,5278560.4962,Bajo,Aislada
Somorto,A Coruña,Muros,Sí,No,No,No,100 metros,-999838.270500001,5279045.8479,Bajo,Semiurbana
Agracobo,A Coruña,Muros,No,No,No,No,340 metros,-999726.951000001,5279425.0464,Bajo,Semiurbana
Esteiro,A Coruña,Muros,Sí,No,Sí,No,400 metros,-999281.673,5280244.1674,Alto,Urbana
Uhía,A Coruña,Muros,Sí,No,No,No,50 metros,-998702.811700001,5280001.4574,Bajo,Urbana
Parameán,A Coruña,Muros,Sí,No,No,No,250 metros,-998480.172699999,5279940.7809,Medio,Semiurbana
El Prado,A Coruña,Ribeira,No,No,No,No,300 metros,-1010268.9067,5247036.0176,Medio,Urbana
Ribeira Grande,A Coruña,Ribeira,No,No,No,No,15 metros,-1009801.3649,5247383.6948,Medio,Urbana
Ribeiriña,A Coruña,Ribeira,No,No,No,No,12 metros,-1009500.8023,5247610.4477,Medio,Urbana
As Furnas,A Coruña,Ribeira,No,No,No,No,300 metros,-1008643.6422,5247912.7934,Bajo,Urbana
A Ladeira,A Coruña,Ribeira,No,No,Sí,No,1.350 metros,-1007608.3709,5247519.7459,Medio,Semiurbana
Vilar,A Coruña,Ribeira,No,No,Sí,No,2.900 metros,-1006116.6897,5245857.0339,Bajo,Aislada
Lagoa de Vixan,A Coruña,Ribeira,Sí,No,Sí,No,750 metros,-1005215.0019,5242880.0004,Alto,Aislada
Area Basta,A Coruña,Ribeira,No,No,No,No,125 metros,-1006517.4399,5239632.0256,Bajo,Aislada
Playa de Leis,A Coruña,Muxía,No,No,No,No,400 metros,-1018718.0561,5331261.5532,Bajo,Aislada
Barreira,A Coruña,Muxía,No,No,No,No,200 metros,-1020076.1539,5329461.9336,Medio,Semiurbana
O Lago,A Coruña,Muxía,Sí,No,No,No,550 metros,-1020410.1124,5327967.5981,Medio,Semiurbana
As Raias,A Coruña,Muxía,No,No,No,No,65 metros,-1022168.9603,5326046.661,Bajo,Aislada
O Coto,A Coruña,Muxía,No,No,No,No,100 metros,-1022502.9188,5325818.0043,Bajo,Aislada
Os Muiños,A Coruña,Muxía,Sí,No,No,No,500 metros,-1023159.7038,5325543.6237,Bajo,Semiurbana
Loureiro,A Coruña,Muxía,No,No,No,No,100 metros,-1023538.19,5326168.6135,Bajo,Semiurbana
Barreiros,A Coruña,Muxía,No,No,No,No,300 metros,-1023760.829,5326686.9294,Bajo,Semiurbana
Espiñeirido,A Coruña,Muxía,Sí,Sí,No,No,250 metros,-1025085.531,5327220.52,Bajo,Semiurbana
Moreira,A Coruña,Muxía,No,No,No,No,115 metros,-1031085.6515,5319341.7243,Bajo,Aislada
Nemiña,A Coruña,Muxía,Sí,No,No,No,1.250 metros,-1031219.2349,5313524.5197,Bajo,Aislada
Barquiña,A Coruña,Noia,No,No,No,No,500 metros,-990465.169300001,5281427.4684,Bajo,Urbana
Abruiñeiras,A Coruña,Noia,No,No,No,No,50 metros,-990710.0722,5280380.6945,Bajo,Semiurbana
Testal,A Coruña,Noia,Sí,No,No,No,1.300 metros,-992624.767499998,5279895.2738,Alto,Aislada
Debesa,A Coruña,Noia,No,No,No,No,110 metros,-993726.830400001,5279167.1897,Bajo,Semiurbana
Cabalo,A Coruña,Noia,Sí,No,No,No,150 metros,-994049.6569,5278712.1659,Alto,Semiurbana
Boa,A Coruña,Noia,Sí,No,No,No,400 metros,-994372.4835,5278135.834,Alto,Semiurbana
Canaval,A Coruña,Oleiros,Sí,No,No,No,80 metros,-928783.039500002,5371722.6286,Medio,Aislada
Espiñeiro,A Coruña,Oleiros,Sí,Sí,No,Sí,310 metros,-928738.511700001,5370374.6601,Alto,Semiurbana
Mera,A Coruña,Oleiros,Sí,Sí,Sí,Sí,520 metros,-928270.969799999,5370114.2796,Alto,Urbana
Santa Ana,A Coruña,Oleiros,Sí,No,No,No,100 metros,-928181.9142,5369486.3333,Bajo,Urbana
Portelo,A Coruña,Oleiros,No,No,No,No,60 metros,-928270.969799999,5368689.9746,Bajo,Aislada
Canide,A Coruña,Oleiros,No,No,No,No,95 metros,-928304.365699999,5368261.1943,Bajo,Aislada
As Margaritas,A Coruña,Oleiros,No,No,No,No,120 metros,-929116.998,5367388.3814,Bajo,Aislada
Naval,A Coruña,Oleiros,Sí,Sí,Sí,Sí,180 metros,-929150.393800002,5365887.9473,Medio,Semiurbana
Atalaya,A Coruña,Oleiros,No,No,No,No,32 metros,-929373.0328,5365551.1485,Bajo,Aislada
Santa Cruz,A Coruña,Oleiros,Sí,Sí,Sí,No,280 metros,-929306.241099998,5365030.6652,Medio,Urbana
Bastiagueiro Pequeño,A Coruña,Oleiros,No,No,No,No,200 metros,-930185.665100001,5364403.0623,Bajo,Aislada
Bastiagueiro,A Coruña,Oleiros,Sí,Sí,Sí,Sí,580 metros,-931031.6932,5364066.3173,Alto,Urbana
Santa Cristina,A Coruña,Oleiros,Sí,Sí,Sí,Sí,1.520 metros,-932779.409200002,5363821.4195,Alto,Urbana
O Picón,A Coruña,Ortigueira,Sí,No,No,No,500 metros,-862091.532600001,5425987.7299,Bajo,Semiurbana
Bimbieiro,A Coruña,Ortigueira,Sí,Sí,No,No,140 metros,-867690.902899999,5423091.2874,Medio,Semiurbana
Eirón,A Coruña,Ortigueira,No,No,No,No,400 metros,-867946.937800001,5422659.9801,Bajo,Aislada
San Antonio de Espasante,A Coruña,Ortigueira,Sí,Sí,Sí,No,450 metros,-868570.326900002,5422459.7372,Medio,Urbana
Orbeiro,A Coruña,Ortigueira,No,No,No,No,40 metros,-869705.785700001,5422659.9801,Bajo,Aislada
A Concha,A Coruña,Ortigueira,Sí,Sí,Sí,No,750 metros,-869282.771699999,5422367.3188,Medio,Urbana
Calas de Ladrido,A Coruña,Ortigueira,No,No,No,No,20 metros,-871141.8072,5419487.4105,Bajo,Aislada
Morouzos,A Coruña,Ortigueira,Sí,Sí,Sí,No,2.800 metros,-873112.162099998,5419579.8,Medio,Aislada
Siavo,A Coruña,Outes,Sí,No,Sí,No,240 metros,-995274.171300001,5281852.2795,Bajo,Aislada
Broña,A Coruña,Outes,Sí,No,Sí,No,475 metros,-993960.601300001,5281821.9352,Alto,Semiurbana
Picouso,A Coruña,Outes,No,No,No,No,90 metros,-993559.851199999,5281442.6399,Bajo,Aislada
O Morro,A Coruña,Ponteceso,No,No,No,No,130 metros,-991578.3642,5356706.8941,Bajo,Aislada
Santa Mariña de Brantuas,A Coruña,Ponteceso,No,No,No,No,30 metros,-992580.239700001,5356645.7175,Bajo,Aislada
A Barda,A Coruña,Ponteceso,No,No,No,No,50 metros,-993760.226300001,5355101.1414,Bajo,Aislada
Arnela,A Coruña,Ponteceso,Sí,Sí,No,No,100 metros,-997389.241700001,5352440.7898,Medio,Urbana
O Osmo,A Coruña,Ponteceso,Sí,No,No,Sí,100 metros,-996988.491500001,5352425.5026,Alto,Urbana
A Hermida,A Coruña,Ponteceso,Sí,Sí,Sí,Sí,250 metros,-996498.685699999,5352012.7583,Medio,Aislada
Balarés,A Coruña,Ponteceso,Sí,Sí,No,Sí,350 metros,-995430.018599998,5348803.1491,Alto,Aislada
Barra do Medio,A Coruña,Ponteceso,No,No,No,No,1500 metros,-994628.518300001,5347290.4314,Bajo,Aislada
Rio Sieira,A Coruña,Porto do Son,No,No,No,No,950 metros,-1005971.9744,5258622.0857,Medio,Aislada
Xuño,A Coruña,Porto do Son,No,No,No,No,1.000 metros,-1006394.9885,5256488.3317,Bajo,Aislada
Areas Longas,A Coruña,Porto do Son,No,No,No,No,2.100 metros,-1007252.1485,5255035.8396,Bajo,Aislada
Serans,A Coruña,Porto do Son,No,No,No,No,200 metros,-1008287.4198,5254052.5086,Bajo,Aislada
Recaveira,A Coruña,Porto do Son,No,No,No,No,1.000 metros,-1008699.3019,5251829.0463,Bajo,Aislada
Rio Maior,A Coruña,Porto do Son,No,No,No,No,80 metros,-1005070.2865,5264193.3119,Medio,Aislada
Telleira,A Coruña,Porto do Son,No,No,No,No,150 metros,-995196.247699998,5277438.2163,Bajo,Semiurbana
Ornanda,A Coruña,Porto do Son,Sí,No,No,No,300 metros,-995173.983800001,5276589.0126,Alto,Semiurbana
Gafa,A Coruña,Porto do Son,No,No,No,No,80 metros,-995463.414500002,5276209.9286,Alto,Semiurbana
Coira,A Coruña,Porto do Son,Sí,Sí,No,No,700 metros,-996443.026000001,5274890.8355,Alto,Urbana
Pozo Pequeña,A Coruña,Porto do Son,No,No,No,No,150 metros,-996788.1164,5273784.1531,Medio,Aislada
Pozo,A Coruña,Porto do Son,No,No,No,No,100 metros,-996999.623399999,5273420.3408,Medio,Semiurbana
Aguieira,A Coruña,Porto do Son,Sí,Sí,Sí,No,1.700 metros,-998268.665600002,5272601.8146,Medio,Semiurbana
As Vellas do Pozo,A Coruña,Porto do Son,No,No,No,No,600 metros,-999593.367600001,5272814.0182,Alto,Semiurbana
Cabeiro,A Coruña,Porto do Son,Sí,Sí,No,No,1.200 metros,-1001040.521,5271616.6461,Alto,Semiurbana
Herbas Pitas,A Coruña,Porto do Son,Sí,Sí,No,No,200 metros,-1001162.9724,5271268.0728,Bajo,Semiurbana
Suigrexas,A Coruña,Porto do Son,Sí,No,No,No,400 metros,-1001452.4031,5270616.4268,Medio,Semiurbana
O Son,A Coruña,Porto do Son,Sí,No,No,No,170 metros,-1001897.681,5270449.734,Alto,Urbana
Fonforrón,A Coruña,Porto do Son,No,No,No,No,100 metros,-1002910.6884,5268555.7044,Alto,Semiurbana
Arnela,A Coruña,Porto do Son,Sí,No,Sí,No,280 metros,-1003233.5149,5267889.0968,Medio,Semiurbana
Area Longa,A Coruña,Porto do Son,No,No,No,No,350 metros,-1005014.6268,5264980.8165,Medio,Aislada
A Torre,A Coruña,Rianxo,Sí,Sí,Sí,No,930 metros,-981537.3462,5261180.2013,Medio,Semiurbana
O Pazo,A Coruña,Rianxo,No,No,Sí,No,130 metros,-981192.255800001,5260589.8052,Bajo,Semiurbana
Quenxo,A Coruña,Rianxo,No,No,Sí,No,45 metros,-981515.0823,5258183.189,Bajo,Semiurbana
Tanxil,A Coruña,Rianxo,Sí,Sí,Sí,No,220 metros,-981092.0682,5258046.9838,Alto,Semiurbana
Tronco,A Coruña,Rianxo,No,No,No,No,80 metros,-980568.866599999,5257653.5133,Medio,Semiurbana
Pereira Torta,A Coruña,Rianxo,No,No,No,No,70 metros,-980012.269099999,5257154.1321,Bajo,Semiurbana
O Porrón,A Coruña,Rianxo,No,No,No,No,350 metros,-979700.5746,5257108.7351,Medio,Semiurbana
As Cunchas,A Coruña,Rianxo,No,Sí,Sí,No,130 metros,-979299.8244,5256957.4134,Medio,Aislada
Aceveira,A Coruña,Rianxo,No,No,No,No,150 metros,-978142.1017,5257456.7842,Bajo,Semiurbana
Tres Cruces,A Coruña,Rianxo,No,No,No,No,140 metros,-973845.169399999,5259076.1383,Bajo,Aislada
Espiñeirido,A Coruña,Ribeira,No,No,No,No,300 metros,-1009278.1633,5251042.641,Bajo,Aislada
Valieiros,A Coruña,Ribeira,No,No,No,No,850 metros,-1010613.9972,5248305.8573,Bajo,Aislada
Couso,A Coruña,Ribeira,No,No,No,No,220 metros,-1006138.9536,5239148.7017,Bajo,Aislada
Penisqueira,A Coruña,Ribeira,No,No,No,No,10 metros,-1005281.7936,5239284.634,Bajo,Aislada
Celeiráns,A Coruña,Ribeira,No,No,No,No,200 metros,-1004981.2309,5239224.2194,Bajo,Aislada
Rego das Cargas,A Coruña,Ribeira,No,No,No,No,125 metros,-1003990.4875,5239405.4644,Bajo,Aislada
Tasca,A Coruña,Ribeira,No,No,No,No,400 metros,-1003522.9456,5239692.4429,Bajo,Urbana
O Castro,A Coruña,Ribeira,Sí,Sí,No,No,1.250 metros,-1002754.8411,5240326.8471,Alto,Urbana
As Illas,Lugo,Ribadeo,Sí,Sí,No,Sí,150 metros,-794609.657200001,5396956.5739,Medio,Aislada
O Cadramón,Lugo,Ribadeo,No,No,No,No,55 metros,-795255.3103,5396818.3287,Bajo,Aislada
Esteiro,Lugo,Ribadeo,Sí,Sí,Sí,No,52 metros,-795600.400699999,5396649.3651,Medio,Aislada
As Catedrais,Lugo,Ribadeo,Sí,Sí,No,Sí,880 metros,-796813.783100002,5396634.005,Alto,Aislada
Couso,Pontevedra,Cangas,No,No,No,No,100 metros,-985622.771499999,5206927.5448,Bajo,Aislada
Melide,Pontevedra,Cangas,Sí,Sí,Sí,Sí,275 metros,-987047.660999998,5198742.7306,Medio,Aislada
O Vao,Pontevedra,A Illa de Arousa,No,No,No,No,100 metros,-986112.577199999,5243378.6258,Medio,Aislada
Riasón,Pontevedra,A Illa de Arousa,No,No,No,No,250 metros,-986502.195500001,5244481.7392,Bajo,Aislada
Ximeliño,Pontevedra,A Illa de Arousa,No,No,No,No,250 metros,-986223.896699999,5244738.6472,Bajo,Aislada
Moure Davella,Pontevedra,A Illa de Arousa,No,No,No,No,700 metros,-986212.764800001,5245237.3708,Bajo,Semiurbana
Castiñeiras,A Coruña,Ribeira,Sí,No,No,No,480 metros,-1001574.8545,5240870.6562,Medio,Urbana
Mosqueiros,A Coruña,Ribeira,Sí,No,No,No,330 metros,-1000873.5417,5241444.7109,Medio,Urbana
A Ameixida,A Coruña,Ribeira,Sí,Sí,No,No,150 metros,-1000528.4513,5241943.2604,Medio,Urbana
Área Secada,A Coruña,Ribeira,No,No,No,No,80 metros,-1000105.4372,5242774.2348,Medio,Semiurbana
Touro,A Coruña,Ribeira,No,No,No,No,10 metros,-1000060.9094,5242955.548,Medio,Urbana
Gavoteira de Fontan,A Coruña,Ribeira,No,Sí,No,No,300 metros,-1000172.2289,5243348.4053,Medio,Urbana
Carolinas,A Coruña,Ribeira,No,No,No,No,400 metros,-1000751.0903,5245932.6054,Medio,Urbana
Coroso,A Coruña,Ribeira,Sí,Sí,Sí,Sí,1.700 metros,-999693.555100001,5246537.1988,Alto,Urbana
Río Azor,A Coruña,Ribeira,Sí,Sí,Sí,No,140 metros,-998357.7212,5246703.4688,Medio,Semiurbana
Insuela,A Coruña,Ribeira,No,No,No,No,80 metros,-997745.464000002,5247141.8311,Medio,Semiurbana
A Cambra,A Coruña,Ribeira,No,No,No,No,200 metros,-997344.7139,5247837.2061,Medio,Urbana
	O Baluarte,A Coruña,Ribeira,Sí,No,No,No,90 metros,-997222.262400001,5248048.8521,Medio,Urbana
Cruces,A Coruña,Ribeira,No,No,No,No,200 metros,-997133.206799999,5248517.5138,Bajo,Urbana
A Corna,A Coruña,Ribeira,Sí,Sí,No,No,600 metros,-996687.9289,5248955.9604,Alto,Urbana
Sada,A Coruña,Sada,Sí,Sí,Sí,No,410 metros,-918330.1393,5365199.0536,Alto,Urbana
Morazón,A Coruña,Sada,No,No,No,No,125 metros,-918430.3268,5367648.6854,Bajo,Aislada
Lobos,A Coruña,Sada,No,No,No,No,70 metros,-919654.841200002,5368781.8586,Bajo,Aislada
Arnela,A Coruña,Sada,No,No,No,No,130 metros,-919354.2786,5368322.4474,Bajo,Aislada
Armenteiro,A Coruña,Sada,No,No,No,No,25 metros,-919677.105099998,5369241.2925,Bajo,Aislada
Lourido,A Coruña,Sada,No,No,No,No,80 metros,-920066.7234,5370053.0147,Bajo,Aislada
San Pedro,A Coruña,Sada,Sí,Sí,Sí,No,260 metros,-922627.071600001,5370405.2936,Alto,Semiurbana
Cirro,A Coruña,Sada,Sí,Sí,Sí,No,280 metros,-923417.440000001,5370650.365,Alto,Semiurbana
Villarrube,A Coruña,Valdoviño,Sí,Sí,Sí,No,1.650 metros,-899082.999299999,5410253.1226,Alto,Aislada
Graxal,A Coruña,Valdoviño,No,No,No,No,100 metros,-901053.3543,5412083.856,Bajo,Aislada
Baleo,A Coruña,Valdoviño,Sí,Sí,Sí,No,400 metros,-901955.042199999,5410837.6872,Alto,Semiurbana
Porto Carrizo,A Coruña,Valdoviño,No,No,No,No,200 metros,-902700.882800002,5410360.8028,Alto,Aislada
Pantín,A Coruña,Valdoviño,Sí,Sí,Sí,No,950 metros,-903212.952399999,5409668.5951,Alto,Semiurbana
Rosella,A Coruña,Valdoviño,No,No,No,No,150 metros,-904793.689199999,5409037.9621,Bajo,Aislada
Prados,A Coruña,Valdoviño,No,No,No,No,100 metros,-905350.286699999,5408961.0586,Bajo,Aislada
A Frouxeira,A Coruña,Valdoviño,Sí,Sí,Sí,No,3.000 metros,-909179.677200001,5405316.5654,Alto,Semiurbana
Praia do Portiño,A Coruña,Valdoviño,No,No,No,No,200 metros,-911851.344900001,5405577.9369,Bajo,Aislada
Mourillar,A Coruña,Valdoviño,No,Sí,No,No,130 metros,-912107.379799999,5405255.0673,Medio,Aislada
Cano Grande,A Coruña,Valdoviño,No,Sí,No,No,85 metros,-911829.081,5404932.2089,Medio,Aislada
Cortello,A Coruña,Valdoviño,No,No,No,No,90 metros,-911873.608800001,5404593.9885,Bajo,Aislada
O Rego,A Coruña,Valdoviño,No,No,No,No,180 metros,-911840.213,5404471.0023,Bajo,Aislada
Meirás,A Coruña,Valdoviño,Sí,Sí,Sí,No,240 metros,-911973.796399999,5404040.5635,Alto,Urbana
Campelo,A Coruña,Valdoviño,No,Sí,No,No,400 metros,-914756.783599999,5400889.7465,Medio,Aislada
Os Bloques,Lugo,Ribadeo,Sí,Sí,Sí,No,100 metros,-784156.756999999,5392856.1774,Medio,Semiurbana
O Cargadoiro,Lugo,Ribadeo,Sí,No,No,No,35 metros,-783288.465,5395267.052,Bajo,Semiurbana
Os Castros,Lugo,Ribadeo,Sí,Sí,No,Sí,100 metros,-794542.865499999,5397018.0168,Alto,Aislada
San Miguel,Lugo,Barreiros,Sí,Sí,Sí,No,1.200 metros,-798483.5755,5396879.7707,Medio,Semiurbana
As Pasadas,Lugo,Barreiros,Sí,Sí,Sí,No,275 metros,-799574.506499998,5397740.0023,Medio,Semiurbana
Lóngara,Lugo,Barreiros,Sí,Sí,Sí,No,400 metros,-800453.930500001,5397755.3643,Alto,Semiurbana
Fontela,Lugo,Barreiros,Sí,Sí,No,Sí,700 metros,-801277.694699999,5397832.1747,Alto,Semiurbana
Coto,Lugo,Barreiros,Sí,Sí,Sí,Sí,1.900 metros,-802880.6954,5398077.9723,Medio,Semiurbana
Acantilado,Lugo,Barreiros,Sí,Sí,Sí,Sí,800 metros,-804338.980700001,5398369.8654,Medio,Semiurbana
San Bartolo,Lugo,Barreiros,Sí,Sí,No,No,250 metros,-805218.4047,5398753.9493,Medio,Semiurbana
Altar,Lugo,Barreiros,Sí,Sí,Sí,No,1.100 metros,-806231.412099998,5398584.9504,Medio,Semiurbana
Anguieira,Lugo,Barreiros,Sí,Sí,Sí,No,250 metros,-806398.3913,5398185.5108,Medio,Semiurbana
A Rapadoira,Lugo,Foz,Sí,Sí,Sí,Sí,270 metros,-806843.669300001,5399445.3405,Alto,Urbana
Llás,Lugo,Foz,Sí,Sí,Sí,Sí,770 metros,-808324.218499999,5400551.6738,Medio,Semiurbana
Peizás,Lugo,Foz,Sí,Sí,Sí,Sí,295 metros,-810305.705400001,5401888.6698,Medio,Semiurbana
Pampillosa,Lugo,Foz,Sí,Sí,Sí,No,275 metros,-812042.289500002,5402718.6266,Bajo,Semiurbana
As Insuas,Lugo,Foz,No,No,No,No,35 metros,-812465.303599998,5404040.5635,Bajo,Aislada
Area da Fame,Lugo,Foz,Sí,No,Sí,Sí,265 metros,-814736.2212,5406931.037,Medio,Semiurbana
Xuncos,Lugo,Foz,Sí,No,No,No,100 metros,-814947.7282,5407223.2096,Bajo,Aislada
Orxal,Lugo,Foz,No,No,No,No,94 metros,-815047.9157,5407376.9884,Bajo,Aislada
Gralleira,Lugo,Foz,No,No,No,No,110 metros,-815693.568799999,5407884.4765,Bajo,Aislada
San Pedro de Cangas,Lugo,Foz,No,No,No,No,275 metros,-816216.770399999,5407869.0976,Bajo,Semiurbana
Area Brava,Lugo,Foz,No,No,No,No,165 metros,-817185.25,5409791.6505,Bajo,Aislada
Areoura,Lugo,Foz,Sí,Sí,Sí,Sí,150 metros,-817530.340399999,5409945.472,Alto,Semiurbana
O Cantiño,Lugo,Burela,Sí,No,No,No,100 metros,-817508.076499999,5410314.654,Alto,Semiurbana
Perdouro,Lugo,Burela,No,No,No,No,270 metros,-818231.653200001,5411299.2116,Bajo,Aislada
O Portelo,Lugo,Burela,Sí,No,Sí,Sí,460 metros,-818944.097899999,5413530.238,Alto,Urbana
Ril,Lugo,Burela,Sí,No,Sí,Sí,96 metros,-819834.6538,5414730.5993,Medio,Aislada
A Marosa,Lugo,Burela,Sí,Sí,Sí,Sí,250 metros,-820847.661200002,5415130.7544,Medio,Semiurbana
Rueta,Lugo,Cervo,Sí,No,Sí,No,250 metros,-824376.489100002,5416439.0747,Bajo,Aislada
Caosa,Lugo,Cervo,Sí,Sí,Sí,No,120 metros,-828250.407299999,5418332.6194,Bajo,Urbana
Cubelas,Lugo,Cervo,Sí,Sí,Sí,No,250 metros,-828061.1642,5418779.1215,Alto,Urbana
O Torno,Lugo,Cervo,Sí,Sí,Sí,Sí,650 metros,-828306.0671,5418609.7561,Alto,Urbana
Lago,Lugo,Xove,Sí,Sí,Sí,No,700 metros,-832602.999400001,5420472.9464,Bajo,Aislada
Morás,Lugo,Xove,Sí,Sí,Sí,No,80 metros,-831946.214400001,5422105.4718,Medio,Semiurbana
Sucastro,Lugo,Xove,No,No,No,No,100 metros,-835252.403299998,5422536.7532,Bajo,Aislada
Portocelo,Lugo,Xove,Sí,Sí,Sí,No,350 metros,-836788.612300001,5422351.9159,Medio,Semiurbana
Muiñelo,Lugo,Xove,No,No,No,No,120 metros,-840606.8708,5421689.6125,Bajo,Aislada
Esteiro,Lugo,Xove,Sí,Sí,Sí,Sí,400 metros,-841419.5031,5420719.3469,Medio,Semiurbana
Portonovo,Lugo,Viveiro,No,No,No,No,175 metros,-843089.295499999,5420688.5465,Bajo,Aislada
Area,Lugo,Viveiro,Sí,Sí,Sí,Sí,1.150 metros,-843757.212400001,5417532.0491,Medio,Semiurbana
Covas,Lugo,Viveiro,Sí,Sí,Sí,No,1.500 metros,-846506.803800002,5414653.6484,Alto,Urbana
Seiramar,Lugo,Viveiro,Sí,No,No,No,150 metros,-847397.3598,5415207.7093,Medio,Urbana
Sacido,Lugo,Viveiro,Sí,No,No,No,130 metros,-847564.339000002,5415792.5874,Bajo,Semiurbana
Abrela,Lugo,O Vicedo,Sí,Sí,Sí,Sí,900 metros,-847464.151500002,5419287.2364,Medio,Semiurbana
Os Monxes,Lugo,O Vicedo,No,No,No,No,140 metros,-847363.9639,5420857.95,Bajo,Aislada
San Román,Lugo,O Vicedo,Sí,No,Sí,No,1.000 metros,-848900.172899999,5421982.2523,Bajo,Semiurbana
Xilloy,Lugo,O Vicedo,Sí,Sí,Sí,Sí,550 metros,-851816.7436,5425741.1887,Medio,Semiurbana
Vicedo Vello,Lugo,O Vicedo,Sí,No,No,No,130 metros,-854232.376499999,5425540.8789,Alto,Aislada
Vidreiro,Lugo,O Vicedo,Sí,No,No,No,190 metros,-854332.563999999,5425201.9029,Medio,Semiurbana
Fomento,Lugo,O Vicedo,No,No,No,No,400 metros,-854210.112599999,5424462.3622,Bajo,Urbana
Os Castelos,Lugo,O Vicedo,Sí,No,No,No,340 metros,-854866.897599999,5423969.3681,Bajo,Semiurbana
Arealonga,Lugo,O Vicedo,Sí,No,Sí,No,1.300 metros,-855991.2245,5423784.502,Bajo,Semiurbana
Barra,Pontevedra,Cangas,No,No,No,No,775 metros,-985400.1325,5200156.5135,Medio,Aislada
Viñó,Pontevedra,Cangas,No,No,No,No,300 metros,-984565.236299999,5200021.1422,Medio,Aislada
Nerga,Pontevedra,Cangas,Sí,Sí,Sí,Sí,791 metros,-983808.263799999,5199720.324,Medio,Aislada
Dos Castros,Pontevedra,Cangas,No,No,No,No,175 metros,-982761.860599998,5198727.6915,Bajo,Aislada
Temperáns,Pontevedra,Cangas,No,No,No,No,93 metros,-981971.492199998,5199254.0745,Bajo,Aislada
Liméns,Pontevedra,Cangas,Sí,Sí,Sí,Sí,385 metros,-981136.596000001,5199976.0188,Alto,Semiurbana
Santa Marta,Pontevedra,Cangas,Sí,No,Sí,No,190 metros,-980780.373599999,5199780.4868,Alto,Semiurbana
O Porto,Pontevedra,Cangas,No,No,Sí,No,72 metros,-980591.1305,5199494.7165,Medio,Semiurbana
Areamilla,Pontevedra,Cangas,Sí,Sí,Sí,Sí,135 metros,-979043.7896,5198487.0689,Medio,Semiurbana
A Congorza,Pontevedra,Cangas,No,No,No,No,59 metros,-978598.511599999,5198381.7985,Bajo,Semiurbana
Rodeira,Pontevedra,Cangas,Sí,Sí,Sí,Sí,980 metros,-976405.5176,5200306.9283,Alto,Urbana
Os Alemáns,Pontevedra,Cangas,No,No,No,No,150 metros,-975526.093699999,5199840.6501,Bajo,Semiurbana
Canabal,Pontevedra,Moaña,Sí,No,Sí,No,350 metros,-974991.7601,5200367.0949,Medio,Semiurbana
Niño do Corvo,Pontevedra,Moaña,Sí,No,No,No,200 metros,-974401.766800001,5200773.2295,Bajo,Aislada
Videira,Pontevedra,Moaña,Sí,No,No,No,450 metros,-974212.523699999,5201179.3815,Medio,Semiurbana
O Con,Pontevedra,Moaña,Sí,Sí,Sí,Sí,350 metros,-972999.141199999,5201660.7693,Alto,Urbana
Mosqueira,Pontevedra,Moaña,Sí,No,No,No,100 metros,-972509.335499998,5202262.5384,Medio,Urbana
Xunqueira,Pontevedra,Moaña,Sí,Sí,Sí,No,500 metros,-971641.043400001,5203992.8374,Alto,Urbana
Ensenada de Meira,Pontevedra,Moaña,No,No,No,No,200 metros,-970628.0361,5204007.8849,Bajo,Urbana
Vilarello,Pontevedra,Valga,No,No,Sí,No,70 metros,-969080.6952,5267328.577,Bajo,Aislada
Playa Fluvial,Pontevedra,Catoira,Sí,No,No,No,200 metros,-971229.1613,5263042.4623,Bajo,Semiurbana
Bamio,Pontevedra,Vilagarcía de Arousa,Sí,Sí,No,Sí,167 metros,-975347.982500002,5256246.2341,Bajo,Semiurbana
Carril,Pontevedra,Vilagarcía de Arousa,No,No,No,No,150 metros,-976839.663699999,5253250.7916,Bajo,Urbana
Compostela,Pontevedra,Vilagarcía de Arousa,Sí,Sí,Sí,Sí,900 metros,-976127.218899999,5252434.0181,Alto,Urbana
A Concha,Pontevedra,Vilagarcía de Arousa,Sí,No,Sí,No,450 metros,-976093.823100001,5251602.1918,Alto,Urbana
Canelas,Pontevedra,Vilagarcía de Arousa,No,No,Sí,No,140 metros,-977908.330800001,5250195.8164,Bajo,Semiurbana
Bouzas,Pontevedra,Vilagarcía de Arousa,No,No,No,No,120 metros,-978175.497499999,5249848.0354,Bajo,Semiurbana
Illa Cortegada,Pontevedra,Vilagarcía de Arousa,No,No,No,No,1.500 metros,-977251.5458,5253961.7448,Bajo,Aislada
O Rial,Pontevedra,Vilanova de Arousa,No,No,No,No,100 metros,-979912.081599999,5248275.621,Bajo,Aislada
Aduana,Pontevedra,Vilanova de Arousa,No,No,No,No,200 metros,-980179.248399999,5248033.7344,Bajo,Aislada
Catro Cordas,Pontevedra,Vilanova de Arousa,No,No,No,No,200 metros,-980390.755399998,5247670.9161,Bajo,Aislada
Pozo de Mar,Pontevedra,Vilanova de Arousa,No,No,No,No,100 metros,-981047.540399998,5247716.2676,Bajo,Semiurbana
As Sinas,Pontevedra,Vilanova de Arousa,No,No,No,No,800 metros,-981548.478100002,5247761.6193,Medio,Semiurbana
Campamento,Pontevedra,Vilanova de Arousa,Sí,Sí,No,No,400 metros,-982227.526999999,5248003.499,Alto,Semiurbana
Bornal,Pontevedra,Vilanova de Arousa,Sí,Sí,No,No,400 metros,-982739.596700002,5247595.3307,Medio,Semiurbana
A Braña,Pontevedra,Vilanova de Arousa,Sí,No,No,No,250 metros,-982951.103700001,5247020.9015,Medio,Semiurbana
A Igrexa,Pontevedra,Vilanova de Arousa,No,No,No,No,250 metros,-982962.2357,5246612.7757,Bajo,Urbana
Ariño,Pontevedra,Vilanova de Arousa,No,No,No,No,100 metros,-983485.4373,5244874.6601,Bajo,Aislada
Con da Mina,Pontevedra,Vilanova de Arousa,Sí,Sí,No,No,200 metros,-983440.909499999,5245086.2397,Medio,Aislada
Terrón,Pontevedra,Vilanova de Arousa,Sí,Sí,No,No,500 metros,-983585.6248,5244587.524,Alto,Aislada
As Brañas,Pontevedra,Vilanova de Arousa,Sí,No,No,No,150 metros,-982683.936900001,5242562.7071,Bajo,Aislada
As Patiñas,Pontevedra,Vilanova de Arousa,Sí,No,No,No,200 metros,-982550.353500001,5242139.6659,Bajo,Aislada
As Casiñas,Pontevedra,Vilanova de Arousa,No,No,No,No,50 metros,-982661.673,5241807.2897,Bajo,Aislada
Pasaxe,Pontevedra,Vilanova de Arousa,Sí,Sí,No,No,500 metros,-983418.645599999,5243967.9443,Alto,Semiurbana
Cabalgada,Pontevedra,Vilanova de Arousa,No,No,No,No,100 metros,-983262.798300002,5243484.3982,Bajo,Aislada
Roza da Vila,Pontevedra,Vilanova de Arousa,No,No,No,No,120 metros,-982839.784200002,5242789.3441,Bajo,Aislada
Cabodeiro,Pontevedra,A Illa de Arousa,No,No,No,No,300 metros,-986012.389699999,5245887.2624,Bajo,Semiurbana
A Cruz,Pontevedra,A Illa de Arousa,No,No,No,No,300 metros,-986012.389699999,5246265.127,Bajo,Aislada
Lagartiño,Pontevedra,A Illa de Arousa,No,No,No,No,150 metros,-986335.216200002,5246340.7017,Bajo,Aislada
Chumbadeiro,Pontevedra,A Illa de Arousa,No,No,No,No,100 metros,-986680.306600001,5246083.7501,Bajo,Aislada
Castriño,Pontevedra,O Grove,No,No,No,No,50 metros,-994840.0253,5232882.8349,Bajo,Aislada
Pateiro,Pontevedra,O Grove,No,No,No,No,100 metros,-994929.080899999,5232596.0634,Bajo,Aislada
Castiñeira,Pontevedra,O Grove,No,No,No,No,400 metros,-994817.761399999,5231358.5179,Bajo,Aislada
Barreiro,Pontevedra,O Grove,No,No,No,No,100 metros,-995140.587900002,5230935.9785,Medio,Aislada
Ouriceira,Pontevedra,Poio,Sí,No,Sí,No,100 metros,-971006.522300001,5224283.4741,Medio,Semiurbana
Chancelas,Pontevedra,Poio,Sí,No,Sí,No,215 metros,-970527.848499998,5224524.753,Alto,Semiurbana
A Canteira,Pontevedra,Poio,Sí,No,Sí,No,50 metros,-969347.861900002,5225203.3828,Alto,Urbana
Padrón,Pontevedra,Poio,No,No,Sí,No,340 metros,-968880.320099998,5226304.3748,Bajo,Urbana
Pinela,Pontevedra,Poio,No,No,No,No,100 metros,-968145.611400001,5226485.3721,Bajo,Semiurbana
Campelo,Pontevedra,Poio,Sí,No,Sí,No,80 metros,-966787.513599999,5225308.9518,Medio,Semiurbana
Cabeceira,Pontevedra,Poio,Sí,No,Sí,Sí,150 metros,-966486.951000001,5224419.1927,Alto,Aislada
Lourido,Pontevedra,Poio,Sí,Sí,Sí,No,700 metros,-965863.561900001,5224192.9961,Alto,Semiurbana
O Naval,Pontevedra,A Illa de Arousa,No,No,No,No,200 metros,-987815.765500002,5246068.6355,Bajo,Urbana
As Ruvás,Pontevedra,A Illa de Arousa,No,No,No,No,50 metros,-987915.953000002,5246491.853,Bajo,Aislada
O Naso,Pontevedra,A Illa de Arousa,No,No,No,No,100 metros,-988472.5504,5247187.18,Bajo,Aislada
Escarragadoira,Pontevedra,A Illa de Arousa,No,No,No,No,100 metros,-988884.432599999,5246824.3943,Bajo,Aislada
Area da Secada,Pontevedra,A Illa de Arousa,Sí,No,No,Sí,400 metros,-989307.446600001,5246401.1619,Medio,Aislada
Gradín,Pontevedra,A Illa de Arousa,No,No,No,No,50 metros,-987581.9945,5245539.6404,Bajo,Semiurbana
Camboa,Pontevedra,A Illa de Arousa,No,No,No,No,100 metros,-987248.035999998,5244632.8607,Bajo,Semiurbana
Poza do Sal,Pontevedra,A Illa de Arousa,No,No,No,No,300 metros,-987559.730599999,5244194.6151,Bajo,Aislada
Mallón,Pontevedra,A Illa de Arousa,No,No,Sí,No,200 metros,-987682.182100002,5243605.2824,Bajo,Aislada
Espiñeiro,Pontevedra,A Illa de Arousa,No,No,No,No,300 metros,-987637.654300001,5242880.0004,Bajo,Aislada
Con Cerrado,Pontevedra,A Illa de Arousa,No,No,No,No,100 metros,-987927.084899999,5242849.7816,Medio,Aislada
Rebelló,Pontevedra,A Illa de Arousa,No,No,No,No,150 metros,-988439.154599998,5241172.7859,Bajo,Aislada
Loutreira,Pontevedra,A Illa de Arousa,No,No,No,No,50 metros,-988327.835099999,5240659.1712,Bajo,Aislada
As Margaritas,Pontevedra,A Illa de Arousa,No,No,No,No,200 metros,-988094.064199999,5240719.595,Bajo,Aislada
Lombreira,Pontevedra,A Illa de Arousa,No,No,No,No,250 metros,-987181.244399998,5240296.6365,Bajo,Aislada
Arnelas,Pontevedra,A Illa de Arousa,No,No,No,No,600 metros,-987014.265099999,5240553.4304,Medio,Aislada
Salinas,Pontevedra,A Illa de Arousa,No,No,No,No,400 metros,-987147.848499998,5241625.9986,Medio,Aislada
Labanqueiro,Pontevedra,A Illa de Arousa,No,No,No,No,600 metros,-987158.980500001,5242215.2076,Medio,Aislada
Camaxe,Pontevedra,A Illa de Arousa,Sí,Sí,No,Sí,100 metros,-986491.063499998,5243106.6451,Medio,Aislada
A Mouta,Pontevedra,Cambados,No,No,No,No,375 metros,-981548.478100002,5237245.8543,Bajo,Urbana
Espiñeiro,Pontevedra,Cambados,No,No,No,No,80 metros,-981069.804299999,5235947.3056,Bajo,Aislada
Illote de Beiró,Pontevedra,Cambados,No,No,No,No,120 metros,-983708.076200001,5233577.1599,Bajo,Aislada
Seiñas,Pontevedra,Cambados,No,No,No,No,300 metros,-982628.277199998,5232973.3961,Bajo,Aislada
A Fontiña,Pontevedra,Cambados,No,No,No,No,300 metros,-982516.957699999,5232460.2273,Bajo,Aislada
Bico da Ran,Pontevedra,Cambados,No,No,No,No,100 metros,-982884.311999999,5231781.0762,Bajo,Aislada
Ganchino,Pontevedra,Cambados,No,No,No,No,150 metros,-982594.881299999,5231660.3433,Bajo,Aislada
O Bao,Pontevedra,O Grove,No,No,No,No,650 metros,-987682.182100002,5229246.0099,Bajo,Aislada
Guernal,Pontevedra,O Grove,No,No,No,No,1.000 metros,-987225.7722,5230920.8882,Bajo,Aislada
Villamarín,Pontevedra,O Grove,No,No,No,No,500 metros,-986257.292599998,5231615.0689,Bajo,Aislada
Graña,Pontevedra,O Grove,No,No,No,No,150 metros,-986257.292599998,5233516.7817,Bajo,Urbana
A Vía Sur,Pontevedra,O Grove,Sí,No,No,No,200 metros,-986012.389699999,5234256.4402,Bajo,Urbana
Foxos,Pontevedra,Sanxenxo,Sí,Sí,Sí,Sí,350 metros,-987860.293200001,5225143.0582,Alto,Semiurbana
Fontenla,Pontevedra,Sanxenxo,No,No,No,No,100 metros,-988027.272500001,5224554.9133,Medio,Aislada
Pociñas,Pontevedra,Sanxenxo,No,No,No,No,30 metros,-987593.126499999,5223197.7954,Bajo,Aislada
Major,Pontevedra,Sanxenxo,Sí,Sí,Sí,Sí,700 metros,-987092.1888,5223016.8611,Alto,Aislada
Pragueira,Pontevedra,Sanxenxo,Sí,Sí,Sí,Sí,300 metros,-986635.7788,5222534.3864,Alto,Aislada
Bascuas,Pontevedra,Sanxenxo,Sí,Sí,Sí,Sí,200 metros,-986168.237,5221735.3419,Alto,Aislada
Os Frades,Pontevedra,Baiona,No,Sí,No,No,30 metros,-985389.000599999,5179812.3222,Bajo,Aislada
Concheira,Pontevedra,Baiona,Sí,Sí,Sí,No,65 metros,-985377.8686,5179317.0323,Bajo,Urbana
Portecelo,Pontevedra,O Rosal,No,No,No,No,50 metros,-988962.356199998,5153941.6698,Bajo,Semiurbana
Area Grande,Pontevedra,A Guarda,Sí,Sí,Sí,Sí,100 metros,-988105.1961,5147522.3581,Alto,Semiurbana
Fedorento,Pontevedra,A Guarda,Sí,No,Sí,No,30 metros,-988105.1961,5147223.1948,Medio,Semiurbana
O Carreiro,Pontevedra,A Guarda,Sí,No,No,No,20 metros,-988116.3281,5145667.6965,Bajo,Urbana
O Muiño,Pontevedra,A Guarda,Sí,Sí,Sí,Sí,400 metros,-987526.334800001,5141839.8567,Alto,Aislada
A Armona,Pontevedra,A Guarda,Sí,Sí,Sí,No,550 metros,-986235.028700002,5143170.4552,Medio,Aislada
Vía Norte,Pontevedra,O Grove,No,No,No,No,150 metros,-985021.646200001,5235086.738,Bajo,Semiurbana
A Ponte,Pontevedra,O Grove,Sí,No,No,No,500 metros,-985478.0561,5233969.627,Bajo,Urbana
A Piscina,Pontevedra,O Grove,No,No,No,No,200 metros,-984453.9168,5234784.8031,Bajo,Urbana
Playa de San Marcial,Pontevedra,O Grove,No,No,No,No,250 metros,-984420.521000002,5235630.2453,Bajo,Aislada
Playa de Mourisca,Pontevedra,O Grove,No,No,No,No,300 metros,-984576.368299998,5235781.225,Bajo,Aislada
Rons,Pontevedra,O Grove,No,No,No,No,500 metros,-987949.3488,5236052.9947,Bajo,Semiurbana
Conroibo,Pontevedra,O Grove,No,No,No,No,300 metros,-988416.890700001,5235811.4213,Bajo,Semiurbana
Porto dos Padroneses,Pontevedra,O Grove,No,No,No,No,50 metros,-988984.620099999,5235675.5389,Bajo,Urbana
Lauxiñas,Pontevedra,O Grove,No,No,No,No,200 metros,-989641.405099999,5234981.0597,Bajo,Urbana
Porto Meloxo,Pontevedra,O Grove,Sí,No,No,No,100 metros,-989207.259100001,5234981.0597,Bajo,Urbana
Lobaxeira,Pontevedra,O Grove,No,No,No,No,150 metros,-988895.5645,5234543.2621,Medio,Semiurbana
Moreira,Pontevedra,O Grove,No,No,No,No,300 metros,-989596.877300002,5233803.5812,Bajo,Aislada
Area Das Pipas,Pontevedra,O Grove,Sí,Sí,Sí,No,400 metros,-990287.0581,5233154.5212,Alto,Aislada
Mexilloeira,Pontevedra,O Grove,No,No,Sí,No,1.300 metros,-991533.836399999,5232475.3201,Medio,Aislada
Piñeirón,Pontevedra,O Grove,No,No,No,No,250 metros,-992569.107700001,5232596.0634,Bajo,Aislada
Areagrande,Pontevedra,O Grove,Sí,Sí,Sí,No,350 metros,-993036.649599999,5232716.8083,Alto,Aislada
Barcela,Pontevedra,O Grove,Sí,No,No,No,200 metros,-993593.247000001,5232913.0219,Medio,Aislada
Barreiriño,Pontevedra,O Grove,No,No,No,No,50 metros,-993760.226300001,5232777.1812,Medio,Aislada
Carreiro,Pontevedra,O Grove,Sí,No,No,No,325 metros,-994283.427900001,5232852.648,Alto,Aislada
Aguieira,Pontevedra,O Grove,No,No,No,No,100 metros,-995329.831099998,5230739.8059,Medio,Aislada
Con do Corvo,Pontevedra,O Grove,No,No,No,No,150 metros,-995118.324000001,5230453.0995,Bajo,Aislada
Canelas,Pontevedra,O Grove,No,No,No,No,250 metros,-994138.712499999,5229336.5363,Bajo,Aislada
Abelleira,Pontevedra,O Grove,No,No,No,No,50 metros,-993827.017999999,5228914.0873,Bajo,Aislada
A Barrosa,Pontevedra,O Grove,Sí,No,Sí,No,130 metros,-993481.927499998,5229064.9598,Medio,Semiurbana
Farruco,Pontevedra,O Grove,No,No,No,No,200 metros,-993392.8719,5229261.0976,Medio,Semiurbana
Buraco da Alondra,Pontevedra,O Grove,Sí,No,No,No,250 metros,-993136.837099999,5229517.5916,Medio,Urbana
Espiño,Pontevedra,O Grove,No,No,No,No,130 metros,-992903.066199999,5230030.6006,Medio,Semiurbana
Portiño,Pontevedra,O Grove,No,No,No,No,100 metros,-992724.954999998,5230106.0454,Medio,Semiurbana
Seixeliño,Pontevedra,O Grove,No,No,Sí,No,150 metros,-992446.656300001,5230392.7413,Medio,Semiurbana
Area da Cruz,Pontevedra,O Grove,Sí,Sí,Sí,No,650 metros,-991945.718600001,5230513.458,Medio,Semiurbana
Sobre do Pozo,Pontevedra,O Grove,No,No,No,No,100 metros,-991222.141899999,5230272.0262,Medio,Semiurbana
Raeiros,Pontevedra,O Grove,Sí,Sí,Sí,No,670 metros,-990598.752700001,5230332.3836,Alto,Semiurbana
A Lanzada,Pontevedra,O Grove,Sí,Sí,Sí,No,2.400 metros,-987904.820999999,5227933.475,Alto,Aislada
Lapa,Pontevedra,Sanxenxo,Sí,Sí,No,Sí,450 metros,-987626.522300001,5226063.0505,Medio,Semiurbana
Areagorda,Pontevedra,Sanxenxo,Sí,Sí,Sí,Sí,300 metros,-987849.1613,5225640.7479,Alto,Semiurbana
Nosa Señora,Pontevedra,Sanxenxo,Sí,No,No,Sí,70 metros,-988116.3281,5225505.0117,Alto,Aislada
Montalvo,Pontevedra,Sanxenxo,Sí,Sí,Sí,Sí,1.000 metros,-985233.153299998,5220785.6222,Alto,Aislada
Paxariñas,Pontevedra,Sanxenxo,Sí,Sí,No,Sí,150 metros,-984487.3127,5219760.6348,Alto,Semiurbana
Canelas,Pontevedra,Sanxenxo,Sí,Sí,Sí,Sí,400 metros,-983162.6107,5219444.117,Alto,Semiurbana
Caneliñas,Pontevedra,Sanxenxo,Sí,Sí,Sí,Sí,100 metros,-982461.297899999,5219851.0704,Alto,Urbana
Baltar,Pontevedra,Sanxenxo,Sí,Sí,Sí,Sí,650 metros,-982093.943599999,5220876.0676,Alto,Urbana
Silgar,Pontevedra,Sanxenxo,Sí,Sí,Sí,Sí,750 metros,-980936.220899999,5221222.7829,Alto,Urbana
Os Barcos,Pontevedra,Sanxenxo,No,No,No,No,150 metros,-980301.6998,5220996.6628,Bajo,Urbana
Panadeira,Pontevedra,Sanxenxo,Sí,Sí,Sí,Sí,80 metros,-980023.401099999,5221162.4837,Alto,Urbana
Lavapanos,Pontevedra,Sanxenxo,No,No,No,No,100 metros,-979778.498199999,5221252.9327,Medio,Urbana
Carabuxeira,Pontevedra,Sanxenxo,No,No,No,No,100 metros,-979566.9912,5221177.5585,Bajo,Urbana
Barreiros,Pontevedra,Sanxenxo,No,No,No,No,100 metros,-978787.754700001,5220740.3998,Medio,Semiurbana
Nanín,Pontevedra,Sanxenxo,Sí,No,Sí,No,375 metros,-978264.553100001,5220755.4739,Alto,Urbana
Areas,Pontevedra,Sanxenxo,Sí,Sí,Sí,Sí,700 metros,-977284.941599999,5220227.8947,Alto,Semiurbana
Dos Mortos,Pontevedra,Sanxenxo,No,No,Sí,No,100 metros,-977073.434599999,5219670.2001,Alto,Semiurbana
Agra,Pontevedra,Sanxenxo,No,No,No,Sí,200 metros,-976160.614799999,5220258.0413,Medio,Urbana
Pampaído,Pontevedra,Sanxenxo,Sí,No,No,No,80 metros,-975080.815699998,5220680.1036,Bajo,Semiurbana
Santa Mariña,Pontevedra,Sanxenxo,Sí,No,Sí,No,100 metros,-974958.364300001,5221283.0825,Medio,Aislada
Xiorto,Pontevedra,Poio,Sí,No,Sí,No,300 metros,-974635.537700001,5221509.2095,Alto,Urbana
Raxó,Pontevedra,Poio,Sí,No,Sí,No,200 metros,-974468.558499999,5221569.511,Alto,Urbana
Sinás,Pontevedra,Poio,Sí,No,Sí,No,80 metros,-974078.940299999,5221569.511,Medio,Urbana
Porteira,Pontevedra,Poio,No,No,No,No,50 metros,-973455.551100001,5222413.7716,Bajo,Urbana
Fonte Maior,Pontevedra,Poio,Sí,No,Sí,No,70 metros,-973622.530400001,5222127.3176,Bajo,Semiurbana
Laño,Pontevedra,Poio,Sí,Sí,Sí,No,585 metros,-972832.162,5223167.6394,Medio,Semiurbana
Covelo,Pontevedra,Poio,Sí,No,Sí,No,60 metros,-971930.474100001,5223695.3827,Alto,Urbana
Area da Barca,Pontevedra,Poio,Sí,No,Sí,No,100 metros,-971563.119800001,5223755.6981,Alto,Semiurbana
Portocelo,Pontevedra,Marín,Sí,Sí,Sí,Sí,210 metros,-970149.362300001,5219549.6218,Alto,Aislada
Mogor,Pontevedra,Marín,Sí,Sí,Sí,Sí,350 metros,-970783.883400001,5218811.1132,Alto,Aislada
A Testada,Pontevedra,Cangas,No,No,No,No,100 metros,-982439.034000002,5202488.2117,Bajo,Semiurbana
Arneles,Pontevedra,Cangas,Sí,No,Sí,No,450 metros,-982995.631499998,5202683.7995,Alto,Semiurbana
Pinténs,Pontevedra,Cangas,Sí,No,No,No,200 metros,-983318.458000001,5203586.565,Medio,Aislada
San Xián,Pontevedra,Cangas,No,No,No,No,180 metros,-983719.2082,5204007.8849,Medio,Aislada
Pipín,Pontevedra,Cangas,No,No,No,No,90 metros,-983763.736000001,5204098.1702,Alto,Aislada
Castiñeiras,Pontevedra,Cangas,No,No,No,No,150 metros,-983886.187399998,5204218.5519,Alto,Aislada
Area Brava,Pontevedra,Cangas,Sí,Sí,Sí,Sí,800 metros,-984531.840500001,5204730.1913,Alto,Aislada
Estrepeiros,Pontevedra,Cangas,No,No,No,No,165 metros,-984954.854499999,5205241.8582,Medio,Aislada
Alada,Pontevedra,Cangas,No,No,No,No,70 metros,-984910.326699998,5205663.2518,Bajo,Semiurbana
Rabáns,Pontevedra,Cangas,No,No,No,No,100 metros,-985121.833799999,5205949.2081,Bajo,Aislada
O Portal,Pontevedra,Cangas,No,No,No,No,96 metros,-985355.604699999,5206445.8895,Bajo,Aislada
Borna,Pontevedra,Moaña,Sí,No,Sí,No,500 metros,-968268.062899999,5203240.4947,Bajo,Semiurbana
O Porto,Pontevedra,Moaña,Sí,No,No,No,80 metros,-966687.326099999,5203571.5182,Medio,Urbana
Pousada,Pontevedra,Vilaboa,No,No,No,No,300 metros,-964115.845899999,5208041.4666,Bajo,Semiurbana
Aguete,Pontevedra,Marín,Sí,Sí,Sí,Sí,750 metros,-971952.738000002,5217243.8575,Alto,Semiurbana
Loira,Pontevedra,Marín,Sí,Sí,Sí,Sí,330 metros,-972999.141199999,5216249.3875,Alto,Urbana
Ribeira,Pontevedra,Marín,No,No,No,No,100 metros,-974034.412500001,5213688.355,Bajo,Aislada
O Santo,Pontevedra,Marín,Sí,Sí,Sí,Sí,300 metros,-974201.3917,5213432.2899,Bajo,Aislada
A Dreira,Pontevedra,Marín,No,No,No,No,100 metros,-969436.9175,5222353.4648,Bajo,Aislada
Area da Isla,Pontevedra,Marín,No,No,No,No,200 metros,-969303.334100001,5223212.8734,Bajo,Aislada
Lapamán,Pontevedra,Bueu,Sí,No,No,Sí,400 metros,-974312.711199999,5212453.2811,Alto,Semiurbana
Muiño Vello,Pontevedra,Bueu,No,No,No,No,150 metros,-974557.614100002,5212061.7059,Alto,Aislada
Covelo,Pontevedra,Bueu,No,No,No,No,100 metros,-974858.1767,5211986.4048,Bajo,Aislada
Portomaior,Pontevedra,Bueu,Sí,Sí,Sí,Sí,400 metros,-975815.524300002,5211459.3142,Alto,Semiurbana
Agrelo,Pontevedra,Bueu,Sí,Sí,Sí,No,550 metros,-976216.274500001,5211082.8388,Alto,Semiurbana
Loureiro,Pontevedra,Bueu,Sí,No,Sí,No,300 metros,-976750.608100001,5210751.5529,Alto,Urbana
Petís,Pontevedra,Bueu,No,No,No,No,50 metros,-977251.5458,5210480.5093,Bajo,Urbana
Pescadoira,Pontevedra,Bueu,No,No,No,No,100 metros,-977418.524999999,5210344.9905,Bajo,Urbana
Bueu,Pontevedra,Bueu,No,No,No,No,200 metros,-977641.164000001,5210239.5883,Bajo,Urbana
Banda do Río,Pontevedra,Bueu,Sí,Sí,Sí,No,310 metros,-978476.060199998,5210104.0729,Medio,Urbana
Robaleira Pequeña,Pontevedra,Bueu,No,No,No,No,50 metros,-978988.129799999,5210299.818,Bajo,Semiurbana
Robaleira Grande,Pontevedra,Bueu,No,No,No,No,50 metros,-979177.373,5210405.2208,Bajo,Semiurbana
Beluso,Pontevedra,Bueu,Sí,No,Sí,No,300 metros,-979622.650899999,5210887.0775,Alto,Urbana
Sartaxens,Pontevedra,Bueu,No,No,No,No,50 metros,-980479.811000001,5211835.8045,Bajo,Aislada
Tulla,Pontevedra,Bueu,Sí,Sí,No,No,500 metros,-981069.804299999,5211700.2663,Alto,Aislada
Cornide,Pontevedra,Bueu,No,No,No,No,75 metros,-981626.401799999,5211670.1469,Bajo,Aislada
Mourisca,Pontevedra,Bueu,Sí,Sí,No,No,300 metros,-982027.151900001,5211609.9085,Medio,Aislada
Pedrón,Pontevedra,Bueu,No,No,No,No,50 metros,-982505.8257,5212152.068,Bajo,Aislada
Encoradoira,Pontevedra,Bueu,No,No,No,No,100 metros,-982594.881299999,5211097.8975,Bajo,Aislada
Lagos,Pontevedra,Bueu,Sí,Sí,Sí,Sí,250 metros,-982416.770100001,5209712.5948,Alto,Aislada
Area de Bon,Pontevedra,Bueu,Sí,Sí,Sí,Sí,250 metros,-981715.457400002,5208176.9525,Alto,Aislada
Pereiro,Pontevedra,Bueu,No,No,No,No,100 metros,-994717.573899999,5215782.3241,Bajo,Aislada
Canexol,Pontevedra,Bueu,No,No,No,No,150 metros,-994506.066799998,5216520.5962,Bajo,Aislada
Area dos Cans,Pontevedra,Bueu,No,No,Sí,No,270 metros,-994361.351500001,5217168.5152,Medio,Semiurbana
Melide,Pontevedra,Bueu,No,No,No,No,300 metros,-993559.851199999,5219579.7662,Bajo,Aislada
Fontiñas,Pontevedra,Bueu,No,No,No,No,100 metros,-995185.115699999,5216098.7194,Bajo,Aislada
Liñeiros,Pontevedra,Bueu,No,No,No,No,200 metros,-995674.921500001,5217982.2437,Bajo,Aislada
Onza Norte,Pontevedra,Bueu,No,No,No,No,100 metros,-994606.2544,5213311.791,Bajo,Aislada
Onza Sur,Pontevedra,Bueu,No,No,No,No,100 metros,-994650.782200001,5212679.1972,Bajo,Aislada
Lagüelas,Pontevedra,Cangas,No,No,No,No,100 metros,-981804.512899999,5206340.5306,Bajo,Aislada
Menduiña,Pontevedra,Cangas,Sí,Sí,Sí,Sí,250 metros,-981915.832400002,5205302.0562,Alto,Semiurbana
Francón,Pontevedra,Cangas,Sí,Sí,Sí,No,200 metros,-981815.644900002,5204609.803,Alto,Semiurbana
Areacova,Pontevedra,Cangas,Sí,No,Sí,No,250 metros,-981993.756099999,5204143.3132,Alto,Semiurbana
Cova de Balea,Pontevedra,Cangas,No,No,No,No,15 metros,-982060.547800001,5203842.3641,Bajo,Semiurbana
Con Do Sestadelo,Pontevedra,Cangas,No,No,No,No,50 metros,-982038.2839,5203541.4246,Bajo,Semiurbana
San Cibrán,Pontevedra,Cangas,Sí,No,Sí,No,200 metros,-981581.874000002,5202969.6659,Bajo,Urbana
Os Picos,Pontevedra,Cangas,Sí,No,Sí,No,120 metros,-981615.2698,5202698.8449,Bajo,Urbana
Vilariño,Pontevedra,Cangas,Sí,No,Sí,No,633 metros,-981993.756099999,5202307.6726,Medio,Urbana
Deilán,Pontevedra,Vilaboa,Sí,Sí,No,No,100 metros,-962735.484200001,5209381.3568,Medio,Semiurbana
Cobas,Pontevedra,Vilaboa,No,No,No,No,50 metros,-962490.581300002,5209742.7079,Bajo,Semiurbana
Fontaíña,Pontevedra,Pontevedra,Sí,Sí,Sí,No,150 metros,-957826.294599999,5212905.1187,Medio,Semiurbana
Matilde,Pontevedra,Soutomaior,Sí,No,No,No,150 metros,-958705.718600001,5212724.3811,Bajo,Semiurbana
Río Tamuxe,Pontevedra,O Rosal,No,No,No,No,300 metros,-982416.770100001,5147971.1207,Bajo,Semiurbana
Goián,Pontevedra,Tomiño,Sí,Sí,Sí,No,350 metros,-974368.370999999,5151846.3149,Medio,Aislada
Paramós,Pontevedra,Tui,Sí,Sí,No,No,100 metros,-959618.538400002,5169041.8329,Medio,Aislada
Ribeira,Pontevedra,Tui,No,No,No,No,700 metros,-953551.626200002,5169026.8407,Medio,Semiurbana
S'Estanyol,Illes Balears,Sant Josep de sa Talaia,No,Sí,Sí,No,40 metros,144604.0185,4717060.2477,Alto,Semiurbana
Pinet,Illes Balears,Sant Josep de sa Talaia,Sí,Sí,Sí,No,80 metros,144258.928100001,4717131.8361,Alto,Urbana
Punta Xinxó,Illes Balears,Sant Josep de sa Talaia,No,No,Sí,No,170 metros,143847.046,4717446.831,Alto,Urbana
Caló de S'Oli,Illes Balears,Sant Josep de sa Talaia,No,No,No,No,70 metros,143257.052700002,4717561.3771,Bajo,Semiurbana
Es Port d'Es Torrent,Illes Balears,Sant Josep de sa Talaia,Sí,Sí,Sí,No,110 metros,141186.510200001,4716859.8029,Alto,Semiurbana
Cala Bassa,Illes Balears,Sant Josep de sa Talaia,Sí,Sí,Sí,No,220 metros,138025.036600001,4717017.2949,Alto,Aislada
Cala Roig,Illes Balears,Sant Josep de sa Talaia,No,No,No,No,80 metros,137034.293200001,4717776.1544,Bajo,Aislada
Cala Conta,Illes Balears,Sant Josep de sa Talaia,Sí,Sí,Sí,No,120 metros,136321.8484,4716430.2916,Alto,Aislada
Muxeira,Pontevedra,Soutomaior,Sí,No,No,No,150 metros,-958928.3576,5212272.5521,Medio,Semiurbana
Da Punta,Pontevedra,Redondela,Sí,Sí,Sí,No,2.400 metros,-959529.482799999,5207138.2767,Alto,Semiurbana
Rande,Pontevedra,Redondela,No,No,Sí,No,100 metros,-963804.151299998,5203646.7524,Bajo,Semiurbana
A Meda,Pontevedra,Redondela,Sí,No,No,No,90 metros,-965507.339499999,5201389.9856,Bajo,Urbana
Arealonga,Pontevedra,Redondela,Sí,Sí,Sí,No,180 metros,-965819.0341,5200728.1026,Medio,Urbana
A Punta,Pontevedra,Vigo,Sí,Sí,Sí,Sí,50 metros,-968134.479499999,5200021.1422,Alto,Semiurbana
Alcabre,Pontevedra,Vigo,Sí,Sí,Sí,Sí,600 metros,-975793.260400001,5194502.6455,Alto,Urbana
A Mourisca,Pontevedra,Vigo,No,No,No,No,130 metros,-976383.253699999,5194607.8729,Medio,Semiurbana
O Tombo do Gato,Pontevedra,Vigo,Sí,No,No,Sí,200 metros,-976973.247000001,5193991.5575,Alto,Semiurbana
As Fontes,Pontevedra,Vigo,Sí,Sí,Sí,No,150 metros,-976572.4969,5194397.4193,Alto,Semiurbana
Samil,Pontevedra,Vigo,Sí,Sí,Sí,Sí,1.250 metros,-976973.247000001,5192383.3132,Alto,Semiurbana
A Calzoa,Pontevedra,Vigo,Sí,Sí,Sí,No,270 metros,-977496.4487,5191466.5855,Alto,Urbana
Fechiño,Pontevedra,Vigo,No,No,No,No,100 metros,-977852.671,5191120.9571,Medio,Semiurbana
Fontaíña,Pontevedra,Vigo,Sí,Sí,Sí,Sí,250 metros,-978153.2337,5190910.5807,Alto,Semiurbana
O Vao,Pontevedra,Vigo,Sí,Sí,Sí,Sí,650 metros,-978765.490899999,5190670.1563,Alto,Urbana
Toralla,Pontevedra,Vigo,No,No,Sí,No,300 metros,-979633.782900002,5191015.7683,Medio,Semiurbana
Canido,Pontevedra,Vigo,Sí,Sí,Sí,Sí,300 metros,-979333.2203,5190024.0458,Alto,Urbana
Xunqueiro,Pontevedra,Vigo,Sí,No,Sí,No,600 metros,-979978.873300001,5189753.594,Medio,Urbana
Buraca,Pontevedra,Vigo,No,No,Sí,No,130 metros,-980980.7487,5189468.1254,Bajo,Semiurbana
Canto de Area,Pontevedra,Vigo,No,No,No,No,120 metros,-980969.616799999,5188326.337,Bajo,Aislada
A Noiva,Pontevedra,Vigo,No,No,No,No,70 metros,-981125.4641,5187394.9797,Bajo,Aislada
Muíños de Fortiñón,Pontevedra,Vigo,Sí,No,Sí,Sí,120 metros,-981158.859900001,5187169.6651,Alto,Semiurbana
O Portiño,Pontevedra,Vigo,Sí,No,Sí,No,130 metros,-981426.026700001,5186178.344,Bajo,Semiurbana
Figueiras,Pontevedra,Vigo,No,No,No,No,300 metros,-990765.732000001,5195524.904,Medio,Aislada
Rodas,Pontevedra,Vigo,No,No,Sí,Sí,1.300 metros,-990854.787599999,5193871.3055,Alto,Aislada
San Martiño,Pontevedra,Vigo,No,No,No,No,500 metros,-991300.065499999,5191271.2288,Alto,Aislada
Patos,Pontevedra,Nigrán,Sí,Sí,Sí,No,1.700 metros,-982594.881299999,5184090.9001,Alto,Urbana
Portocelo,Pontevedra,Nigrán,No,No,No,No,70 metros,-983997.506900001,5183235.0304,Bajo,Aislada
Arribas Blancas,Pontevedra,Nigrán,No,No,No,No,50 metros,-983385.249699999,5183280.0743,Bajo,Aislada
Area Fofa,Pontevedra,Nigrán,Sí,Sí,Sí,No,130 metros,-982828.6523,5183174.9723,Medio,Semiurbana
Madorra,Pontevedra,Nigrán,Sí,No,Sí,No,350 metros,-982539.2216,5182904.7154,Alto,Urbana
Panxón,Pontevedra,Nigrán,Sí,Sí,Sí,No,1.100 metros,-981971.492199998,5182364.2246,Alto,Urbana
América,Pontevedra,Nigrán,Sí,Sí,Sí,No,1.300 metros,-981782.2491,5180292.628,Alto,Urbana
Ladeira,Pontevedra,Baiona,Sí,Sí,Sí,No,1.650 metros,-982806.3884,5177981.379,Alto,Semiurbana
Santa Marta,Pontevedra,Baiona,Sí,No,Sí,No,210 metros,-983852.7916,5178161.4561,Alto,Urbana
Ribeira,Pontevedra,Baiona,Sí,Sí,Sí,No,175 metros,-985088.437899999,5179196.9659,Alto,Urbana
Barbeira,Pontevedra,Baiona,Sí,Sí,Sí,No,220 metros,-985010.5143,5179557.1696,Alto,Semiurbana
O Codesal,Pontevedra,A Guarda,No,No,No,No,300 metros,-985656.167300001,5143723.6799,Medio,Aislada
Sa Figuera Borda,Illes Balears,Sant Josep de sa Talaia,No,No,No,No,75 metros,135787.514899999,4715285.0172,Bajo,Aislada
Cala Codolá,Illes Balears,Sant Josep de sa Talaia,No,Sí,No,No,80 metros,135720.723200001,4714698.1141,Medio,Semiurbana
Talamanca,Illes Balears,Eivissa,Sí,Sí,Sí,No,980 metros,162036.650800001,4709832.4206,Alto,Urbana
Cala Rotja,Illes Balears,Santa Eulalia del Río,No,No,No,No,40 metros,164162.853100002,4709603.5042,Bajo,Aislada
Caló d'Es Morts,Illes Balears,Formentera,No,No,No,No,30 metros,169216.758000001,4672757.9673,Alto,Semiurbana
Caló de S'Olí,Illes Balears,Formentera,No,No,No,No,1.000 metros,156348.224800002,4682713.1121,Bajo,Semiurbana
Sa Calobra,Illes Balears,Escorca,No,No,Sí,No,50 metros,311683.442299999,4844284.5704,Alto,Semiurbana
Cala Fotuda,Illes Balears,Escorca,No,No,No,No,100 metros,308933.8508,4844096.071,Bajo,Aislada
Cala Tuent,Illes Balears,Escorca,No,No,No,No,180 metros,309011.774500001,4842675.1902,Medio,Aislada
Puerto de Sóller,Illes Balears,Sóller,Sí,No,Sí,No,610 metros,300028.2916,4835733.1882,Alto,Urbana
En Repic,Illes Balears,Sóller,No,No,Sí,No,400 metros,299638.6734,4835544.8506,Alto,Urbana
Llucalcari,Illes Balears,Deyá,No,No,No,No,50 metros,295386.268800002,4832198.8286,Bajo,Aislada
Cala Boquer,Illes Balears,Pollença,No,No,No,No,80 metros,351713.931200001,4859463.244,Bajo,Aislada
Cala Castell,Illes Balears,Pollença,No,No,No,No,200 metros,337409.376600001,4855905.9307,Bajo,Aislada
Torrent de Pareis,Illes Balears,Escorca,No,No,No,No,25 metros,312362.4912,4844429.5724,Alto,Semiurbana
Sa Cova,Illes Balears,Valldemossa,No,No,No,No,20 metros,285690.341200002,4823310.5266,Bajo,Aislada
S'Argamassa,Illes Balears,Santa Eulalia del Río,Sí,Sí,No,No,200 metros,174682.545000002,4720482.7384,Medio,Semiurbana
Pont de Baix,Illes Balears,Sant Josep de sa Talaia,No,No,No,No,300 metros,152073.556400001,4700679.7876,Medio,Aislada
Es Canal de S'Olla,Illes Balears,Sant Josep de sa Talaia,No,No,No,No,21 metros,153275.806899998,4698092.803,Bajo,Aislada
Ses Salines,Illes Balears,Sant Josep de sa Talaia,Sí,Sí,Sí,No,780 metros,154578.244899999,4699064.6316,Alto,Aislada
Es Cavallet,Illes Balears,Sant Josep de sa Talaia,Sí,Sí,Sí,No,1.160 metros,156125.5858,4699178.9705,Alto,Aislada
En Bossa,Illes Balears,Sant Josep de sa Talaia,Sí,Sí,Sí,No,2.000 metros,156860.294500001,4705870.0345,Alto,Urbana
Es Vivé,Illes Balears,Eivissa,No,No,No,No,150 metros,157672.926800001,4706928.4268,Alto,Urbana
Ses Figueretes,Illes Balears,Eivissa,Sí,No,Sí,No,745 metros,158340.843699999,4707944.0149,Alto,Urbana
Cala Gat,Illes Balears,Santa Eulalia del Río,No,No,No,No,90 metros,175116.691,4720439.7711,Bajo,Semiurbana
Es Caná,Illes Balears,Santa Eulalia del Río,Sí,No,Sí,Sí,370 metros,175773.476,4722029.6823,Alto,Semiurbana
Cala Nova,Illes Balears,Santa Eulalia del Río,No,No,No,No,400 metros,176074.038600001,4722674.312,Alto,Aislada
Cala Llenya,Illes Balears,Santa Eulalia del Río,Sí,Sí,Sí,Sí,220 metros,176419.129000001,4723906.385,Medio,Aislada
Cala Mastella,Illes Balears,Santa Eulalia del Río,No,Sí,No,No,50 metros,177432.136399999,4724923.6745,Medio,Aislada
Cala Boix,Illes Balears,Santa Eulalia del Río,No,No,No,No,160 metros,178857.025899999,4725926.7359,Bajo,Aislada
Canal d'En Martí,Illes Balears,Santa Eulalia del Río,No,No,Sí,No,170 metros,179001.7412,4727632.1685,Medio,Aislada
Es Figueral,Illes Balears,Santa Eulalia del Río,Sí,Sí,Sí,Sí,410 metros,177465.532200001,4729237.5439,Alto,Semiurbana
Cala de S'Aigua Blanca,Illes Balears,Santa Eulalia del Río,No,No,No,No,300 metros,176908.934799999,4730241.0328,Medio,Aislada
Cala San Vicente,Illes Balears,Sant Joan de Labritja,Sí,Sí,Sí,Sí,45 metros,177287.421,4732549.4349,Alto,Urbana
Sa Font de N'Alis,Illes Balears,Santanyí,No,Sí,No,Sí,75 metros,354908.800500002,4772247.502,Alto,Aislada
Caló de Sa Torre,Illes Balears,Santanyí,No,No,No,No,35 metros,357235.377900001,4772708.187,Alto,Semiurbana
Cala Egos,Illes Balears,Santanyí,No,No,No,No,20 metros,357179.718199998,4773082.509,Alto,Semiurbana
Cala D'Or,Illes Balears,Santanyí,No,No,No,No,40 metros,359573.087200001,4774968.7281,Alto,Semiurbana
Cala Gran,Illes Balears,Santanyí,No,Sí,No,Sí,40 metros,359829.122000001,4775256.7317,Alto,Urbana
Cala Ferrera,Illes Balears,Felanitx,No,Sí,No,Sí,60 metros,360530.434799999,4776207.2018,Alto,Semiurbana
Cala Mitjana,Illes Balears,Felanitx,No,No,No,Sí,20 metros,361454.386599999,4778137.2208,Medio,Aislada
Cala Llentia,Illes Balears,Sant Josep de sa Talaia,No,No,No,No,30 metros,136622.4111,4714469.088,Bajo,Aislada
Cala Corral,Illes Balears,Sant Josep de sa Talaia,No,No,No,No,50 metros,136755.994399998,4713867.919,Bajo,Aislada
Cala Tarida,Illes Balears,Sant Josep de sa Talaia,Sí,Sí,Sí,No,31 metros,137524.098900001,4713180.9123,Medio,Semiurbana
Caló d'Es Serral,Illes Balears,Sant Josep de sa Talaia,No,Sí,No,No,50 metros,137635.418400001,4713009.1679,Alto,Urbana
Caló d'En Calders,Illes Balears,Sant Joan de Labritja,No,No,No,No,30 metros,163060.790100001,4735934.1318,Bajo,Aislada
Port de Benirrás,Illes Balears,Sant Joan de Labritja,Sí,Sí,Sí,Sí,150 metros,161836.275699999,4734499.7999,Alto,Aislada
Port de Sant Miquel,Illes Balears,Sant Joan de Labritja,Sí,Sí,Sí,No,115 metros,160333.4626,4733151.7134,Alto,Urbana
Caló d'Es Moltons,Illes Balears,Sant Joan de Labritja,No,No,No,No,25 metros,160032.899999999,4733280.7777,Medio,Aislada
S'Illa d'En Bosc,Illes Balears,Sant Joan de Labritja,No,No,No,No,45 metros,160010.636100002,4733983.4902,Medio,Aislada
Cala d'Es Portixol,Illes Balears,Sant Joan de Labritja,No,No,No,No,40 metros,155658.044,4732320.0049,Bajo,Aislada
Magalluf,Illes Balears,Calvià,Sí,Sí,Sí,No,950 metros,282462.0759,4794773.7983,Alto,Urbana
Cala Major,Illes Balears,Palma de Mallorca,Sí,Sí,Sí,Sí,200 metros,290165.3847,4801066.5572,Alto,Urbana
Caló Santanyí,Illes Balears,Santanyí,Sí,No,Sí,Sí,70 metros,351313.181000002,4768634.7362,Alto,Semiurbana
Hondarribia,Gipuzkoa,Hondarribia,Sí,Sí,Sí,No,700 metros,-199740.5623,5369777.3275,Alto,Semiurbana
Los Frailes,Gipuzkoa,Hondarribia,No,No,No,No,62 metros,-199384.34,5371768.5855,Bajo,Aislada
La Zurriola,Gipuzkoa,Donostia/San Sebastián,Sí,Sí,Sí,No,800 metros,-220000.7097,5361724.7462,Alto,Urbana
La Concha,Gipuzkoa,Donostia/San Sebastián,Sí,Sí,Sí,No,1.350 metros,-221692.765900001,5360072.2276,Alto,Urbana
Playa de la Isla,Gipuzkoa,Donostia/San Sebastián,Sí,Sí,No,No,21 metros,-222594.4538,5360929.0524,Alto,Semiurbana
Cala Molí,Illes Balears,Sant Josep de sa Talaia,No,Sí,No,No,100 metros,137268.064100001,4711649.6273,Bajo,Semiurbana
Caló d'En Real,Illes Balears,Sant Josep de sa Talaia,No,No,No,No,50 metros,137023.161200002,4711420.67,Bajo,Aislada
Cala Vedella,Illes Balears,Sant Josep de sa Talaia,Sí,Sí,Sí,No,200 metros,136255.056699999,4709288.7526,Medio,Semiurbana
Caló de S'Oratge,Illes Balears,Sant Josep de sa Talaia,No,No,No,No,21 metros,135253.181299999,4708172.8939,Bajo,Aislada
Cala Carbó,Illes Balears,Sant Josep de sa Talaia,Sí,Sí,Sí,No,60 metros,135152.993799999,4707257.409,Medio,Aislada
Cala Truja,Illes Balears,Sant Josep de sa Talaia,No,No,No,No,12 metros,135587.139800001,4706628.061,Bajo,Aislada
Cala D'Hort,Illes Balears,Sant Josep de sa Talaia,Sí,Sí,Sí,No,200 metros,136199.397,4706013.0541,Alto,Aislada
Cala Llentrisca,Illes Balears,Sant Josep de sa Talaia,No,No,No,No,120 metros,139516.717799999,4701966.3786,Bajo,Aislada
Cala d'Es Cubells,Illes Balears,Sant Josep de sa Talaia,No,No,No,No,720 metros,141286.697700001,4704282.6529,Bajo,Aislada
Les Ovelles,Illes Balears,Sant Josep de sa Talaia,No,No,No,No,71 metros,142945.358100001,4704082.4602,Bajo,Aislada
Sa Caixota,Illes Balears,Sant Josep de sa Talaia,No,No,No,No,290 metros,144214.4003,4704096.7595,Bajo,Aislada
Es Cuco,Illes Balears,Sant Josep de sa Talaia,No,No,No,No,110 metros,144759.865800001,4703338.9218,Bajo,Aislada
Cala de Porroig,Illes Balears,Sant Josep de sa Talaia,No,No,No,No,80 metros,145104.9562,4703124.4497,Medio,Semiurbana
Es Xarco,Illes Balears,Sant Josep de sa Talaia,Sí,Sí,No,No,125 metros,145873.060699999,4702824.1964,Bajo,Aislada
Jondal,Illes Balears,Sant Josep de sa Talaia,Sí,Sí,Sí,No,480 metros,146641.165199999,4702681.2217,Medio,Aislada
Sa Caleta,Illes Balears,Sant Josep de sa Talaia,No,No,No,No,90 metros,148288.693700001,4702795.6013,Medio,Aislada
Es Codolá,Illes Balears,Sant Josep de sa Talaia,No,No,Sí,No,3.160 metros,150748.854400001,4702481.0606,Bajo,Aislada
S'Estanyol,Illes Balears,Santa Eulalia del Río,No,Sí,No,No,70 metros,164953.221500002,4710318.885,Medio,Aislada
Cala Espart,Illes Balears,Santa Eulalia del Río,No,No,No,No,35 metros,166021.888599999,4711635.3173,Bajo,Aislada
Cala Olivera,Illes Balears,Santa Eulalia del Río,No,Sí,No,No,20 metros,167268.666900001,4712222.0433,Medio,Aislada
Cala Llonga,Illes Balears,Santa Eulalia del Río,Sí,Sí,Sí,Sí,200 metros,169183.362100001,4714869.8871,Alto,Urbana
Caló de S'Algar,Illes Balears,Santa Eulalia del Río,No,Sí,No,No,110 metros,170452.404300001,4717976.6173,Alto,Semiurbana
Santa Eulària,Illes Balears,Santa Eulalia del Río,Sí,Sí,Sí,Sí,300 metros,170441.272399999,4718592.3497,Alto,Urbana
Ses Roquetes,Illes Balears,Santa Eulalia del Río,No,No,No,No,450 metros,170853.1545,4719294.0437,Medio,Urbana
Es Riu de Sta Eulària,Illes Balears,Santa Eulalia del Río,Sí,Sí,Sí,No,430 metros,172200.120299999,4719995.7864,Alto,Urbana
Es Niu Blau,Illes Balears,Santa Eulalia del Río,Sí,Sí,Sí,No,170 metros,173246.523499999,4720353.8371,Alto,Semiurbana
Cala Pada,Illes Balears,Santa Eulalia del Río,Sí,Sí,No,No,195 metros,173825.3849,4720726.2232,Alto,Semiurbana
Cala d'Es Jonc,Illes Balears,Sant Joan de Labritja,No,No,No,No,40 metros,178144.581099998,4734370.72,Bajo,Aislada
Caló d'En Serra,Illes Balears,Sant Joan de Labritja,No,Sí,No,No,40 metros,171142.585099999,4737110.4357,Bajo,Aislada
Port de Portinatx,Illes Balears,Sant Joan de Labritja,Sí,Sí,No,No,40 metros,169272.4177,4737999.9271,Alto,Semiurbana
S'Arenal Gran,Illes Balears,Sant Joan de Labritja,Sí,Sí,Sí,Sí,180 metros,168916.195300002,4737426.0527,Alto,Urbana
S'Arenal Petit de Portinatx,Illes Balears,Sant Joan de Labritja,Sí,Sí,No,No,55 metros,168682.424400002,4737239.5505,Alto,Urbana
Cala Xuclá,Illes Balears,Sant Joan de Labritja,No,No,No,No,30 metros,167981.1116,4736378.8159,Medio,Aislada
S'Illot d'En Renclí,Illes Balears,Sant Joan de Labritja,No,Sí,No,No,30 metros,167491.305799998,4736077.5761,Bajo,Aislada
Cala Xarraca,Illes Balears,Sant Joan de Labritja,Sí,Sí,No,No,90 metros,166623.013799999,4735762.0012,Medio,Semiurbana
Cala es Murtar,Illes Balears,Maó,No,No,No,No,60 metros,477939.101799998,4852059.6575,Bajo,Urbana
Cala Tamarells,Illes Balears,Maó,No,No,No,No,110 metros,474532.725400001,4860232.9529,Bajo,Aislada
Cala Sant Esteve,Illes Balears,Es Castell,No,No,No,No,20 metros,479007.7689,4846300.2875,Alto,Urbana
Cala Alcaufar,Illes Balears,Sant Lluís,No,No,No,No,30 metros,477827.782299999,4841109.5563,Medio,Semiurbana
Punta Prima,Illes Balears,Sant Lluís,No,Sí,Sí,Sí,120 metros,476569.872000001,4838949.9655,Alto,Semiurbana
Binibeca Nou,Illes Balears,Sant Lluís,No,No,Sí,Sí,90 metros,471972.377099998,4839326.7731,Alto,Semiurbana
Cales Coves,Illes Balears,Alaior,No,No,No,No,20 metros,461319.101799998,4846300.2875,Medio,Aislada
Cala'n Porter,Illes Balears,Alaior,No,Sí,Sí,Sí,120 metros,459972.136,4847272.038,Alto,Semiurbana
Son Bou,Illes Balears,Alaior,Sí,No,Sí,Sí,2.300 metros,452613.917599998,4851754.9221,Alto,Semiurbana
Sant Tomas,Illes Balears,Es Migjorn Gran,Sí,No,Sí,No,750 metros,449864.326200001,4853423.8256,Alto,Urbana
Sant Adeodato,Illes Balears,Es Migjorn Gran,No,Sí,No,No,490 metros,449096.221700002,4853830.2097,Alto,Urbana
Es Alocs,Illes Balears,Ferreries,No,No,No,No,60 metros,443886.469500002,4873545.286,Bajo,Aislada
Cala Galdana,Illes Balears,Ferreries,Sí,Sí,Sí,Sí,450 metros,440802.919599999,4856994.7688,Alto,Semiurbana
Son Xoriguer,Illes Balears,Ciutadella de Menorca,No,Sí,No,No,130 metros,427756.2753,4855165.5888,Alto,Urbana
Cala'n Bosch,Illes Balears,Ciutadella de Menorca,Sí,Sí,Sí,No,80 metros,427188.545899998,4855267.2011,Alto,Urbana
Cala Blanca,Illes Balears,Ciutadella de Menorca,Sí,Sí,No,No,40 metros,427010.434700001,4861249.641,Alto,Semiurbana
Cala Santandria,Illes Balears,Ciutadella de Menorca,Sí,Sí,Sí,No,110 metros,427366.657099999,4862687.7061,Alto,Semiurbana
Cala'n Blanes,Illes Balears,Ciutadella de Menorca,Sí,Sí,Sí,No,30 metros,424494.6142,4866044.002,Alto,Urbana
Cala En Forcat,Illes Balears,Ciutadella de Menorca,No,No,No,No,25 metros,422958.405299999,4865884.1526,Alto,Urbana
Cales Piques,Illes Balears,Ciutadella de Menorca,Sí,Sí,No,No,20 metros,422824.821899999,4866465.4353,Alto,Urbana
Cala Carbó,Illes Balears,Ciutadella de Menorca,No,No,No,No,220 metros,437585.786400001,4874388.8085,Bajo,Aislada
Cala del Pilar,Illes Balears,Ciutadella de Menorca,No,No,No,No,250 metros,442862.330200002,4873327.1453,Bajo,Aislada
Ses Estanques,Illes Balears,Campos,No,No,No,No,500 metros,332756.221900001,4768404.4844,Alto,Semiurbana
Cala Galiota,Illes Balears,Ses Salines,No,No,No,No,50 metros,333279.423500001,4766821.6454,Medio,Urbana
Playeta d'Es Delfí,Illes Balears,Ses Salines,No,No,No,No,30 metros,335093.931200001,4766433.1684,Bajo,Aislada
Es Carbó,Illes Balears,Ses Salines,No,No,No,No,1.500 metros,335806.3759,4765641.8728,Medio,Aislada
Cala en Tugores,Illes Balears,Santanyí,No,No,No,No,200 metros,337342.584899999,4763253.9757,Bajo,Aislada
Es Caragol,Illes Balears,Santanyí,No,No,No,No,500 metros,338689.550700001,4761815.7567,Medio,Aislada
Cala Marmols,Illes Balears,Santanyí,No,No,No,No,40 metros,343932.698800001,4763124.5276,Bajo,Aislada
Cala s'Almonia,Illes Balears,Santanyí,No,No,No,No,30 metros,347183.227899998,4766605.823,Bajo,Semiurbana
Caló d'Es Moro,Illes Balears,Santanyí,No,No,No,No,30 metros,347472.658599999,4766692.1514,Bajo,Semiurbana
Caló Antena,Illes Balears,Manacor,Sí,No,No,No,40 metros,365038.874200001,4788758.9582,Alto,Semiurbana
Caló Bota,Illes Balears,Manacor,No,No,No,No,20 metros,365795.846700002,4789984.7121,Bajo,Aislada
Cala Virgili,Illes Balears,Manacor,No,No,No,No,25 metros,365829.242600001,4791023.1149,Bajo,Aislada
Cala Pilota,Illes Balears,Manacor,No,No,No,No,30 metros,365818.110599998,4791253.8857,Bajo,Aislada
Cala Magraner,Illes Balears,Manacor,No,No,No,No,60 metros,365940.562100001,4791600.0518,Bajo,Aislada
Cala Sequer,Illes Balears,Manacor,No,No,No,No,25 metros,366419.2359,4792739.5997,Bajo,Aislada
Cala Falco,Illes Balears,Manacor,No,No,No,No,20 metros,367365.4516,4794110.1137,Bajo,Aislada
Cala Petita,Illes Balears,Manacor,No,No,No,No,20 metros,373387.835999999,4800431.3288,Bajo,Aislada
Cala Morlanda,Illes Balears,Manacor,No,No,No,No,15 metros,375235.739599999,4801889.5266,Bajo,Semiurbana
Cala Calderer,Illes Balears,Es Mercadal,No,No,No,No,90 metros,447081.3389,4873981.5817,Bajo,Aislada
Cala Pregonda,Illes Balears,Es Mercadal,No,No,No,No,200 metros,449808.6664,4874156.1054,Alto,Aislada
Caló d'Es Porcs,Illes Balears,Sant Joan de Labritja,No,No,No,No,80 metros,165342.839699998,4736192.3331,Bajo,Aislada
Cala Salada,Illes Balears,Sant Antoni de Portmany,Sí,Sí,Sí,No,75 metros,144414.775400002,4723318.9827,Medio,Aislada
Cala Gració,Illes Balears,Sant Antoni de Portmany,Sí,Sí,Sí,No,50 metros,143657.802900001,4720511.3834,Alto,Semiurbana
Caló des Moro,Illes Balears,Sant Antoni de Portmany,Sí,Sí,Sí,No,45 metros,143869.309900001,4720096.0393,Alto,Urbana
Es Puetó,Illes Balears,Sant Antoni de Portmany,Sí,Sí,Sí,No,130 metros,144325.719799999,4719537.5,Alto,Urbana
San Antonio,Illes Balears,Sant Antoni de Portmany,Sí,Sí,Sí,No,270 metros,145450.046700001,4717761.8358,Alto,Urbana
Sa Torreta,Illes Balears,Formentera,No,No,No,No,250 metros,158218.392299999,4691478.2599,Alto,Aislada
Es Racó de S'Alga,Illes Balears,Formentera,No,No,No,No,1.000 metros,158941.969000001,4690407.1941,Medio,Aislada
Cala de Bosch,Illes Balears,Formentera,No,No,No,No,150 metros,158763.857799999,4691821.0248,Bajo,Aislada
Ses Illetes,Illes Balears,Formentera,No,No,No,No,450 metros,159565.358100001,4686566.5642,Alto,Semiurbana
Cavall d'en Borràs,Illes Balears,Formentera,No,No,No,No,500 metros,159465.170600001,4685824.3046,Alto,Semiurbana
Cala Savina,Illes Balears,Formentera,No,No,No,No,70 metros,159031.024500001,4684240.0467,Medio,Aislada
Caló d'es Moro,Illes Balears,Formentera,No,No,No,No,30 metros,155457.668900002,4683226.8216,Bajo,Semiurbana
Caló d'en Trull,Illes Balears,Formentera,No,No,No,No,40 metros,154600.5088,4679645.6639,Bajo,Semiurbana
Cala Saona,Illes Balears,Formentera,No,No,No,No,140 metros,154667.300500002,4677805.6377,Alto,Semiurbana
Es Migjorn,Illes Balears,Formentera,No,No,No,No,3.500 metros,163083.054000001,4676636.1811,Medio,Semiurbana
Els Arenals,Illes Balears,Formentera,No,Sí,Sí,No,2.800 metros,167213.007100001,4674597.0836,Alto,Aislada
Cala Codolá,Illes Balears,Formentera,No,No,No,No,50 metros,175495.177200001,4672943.2896,Bajo,Aislada
Platja de ses Canyes,Illes Balears,Formentera,No,No,No,No,85 metros,161079.303199999,4683469.4156,Medio,Semiurbana
Cala en Baster,Illes Balears,Formentera,No,No,No,No,250 metros,164752.8464,4678932.4361,Bajo,Semiurbana
Es Pujols,Illes Balears,Formentera,No,No,Sí,No,690 metros,161313.074099999,4683155.4715,Alto,Semiurbana
Sa Roqueta,Illes Balears,Formentera,No,No,No,No,560 metros,160878.928100001,4683769.0985,Medio,Semiurbana
Ses Salines,Illes Balears,Formentera,No,No,No,No,4.730 metros,160533.837699998,4684411.3059,Bajo,Aislada
Platja de Llevant,Illes Balears,Formentera,No,No,No,No,1.450 metros,160044.0319,4685952.7687,Alto,Aislada
Estany d'Es Peix,Illes Balears,Formentera,No,No,No,No,1.000 metros,157928.961599998,4681956.8648,Medio,Semiurbana
Tramuntana,Illes Balears,Formentera,No,No,No,No,2.000 metros,166467.166499998,4677235.1544,Bajo,Semiurbana
Pas d'En Adolf,Illes Balears,Formentera,No,No,No,No,700 metros,159799.129000001,4687465.9128,Medio,Aislada
Es Caló,Illes Balears,Formentera,No,Sí,No,No,100 metros,169495.056699999,4675252.9726,Alto,Semiurbana
Cala En Cucó,Illes Balears,Andratx,No,No,No,No,20 metros,258706.496599998,4805485.3968,Bajo,Aislada
Cala Basset,Illes Balears,Andratx,No,No,No,No,40 metros,262124.004999999,4807392.1653,Bajo,Aislada
Es Descarregador,Illes Balears,Andratx,No,No,No,No,50 metros,261411.560199998,4805716.5009,Bajo,Semiurbana
Sant Elm,Illes Balears,Andratx,Sí,Sí,Sí,Sí,200 metros,262034.9494,4804792.1165,Alto,Semiurbana
Cala Conills,Illes Balears,Andratx,No,No,No,No,54 metros,261968.157699998,4804127.768,Bajo,Semiurbana
Cala Egos,Illes Balears,Andratx,No,No,No,No,55 metros,263348.519400001,4801514.1287,Bajo,Aislada
Cala Marmassén,Illes Balears,Andratx,No,No,No,No,100 metros,264606.4296,4798958.9088,Medio,Semiurbana
Cala Llamp,Illes Balears,Andratx,Sí,Sí,No,No,80 metros,265875.471799999,4798424.8492,Bajo,Semiurbana
Camp de Mar,Illes Balears,Andratx,Sí,Sí,Sí,No,180 metros,269727.126200002,4798973.3433,Alto,Semiurbana
S'Algar,Illes Balears,Andratx,No,No,Sí,No,48 metros,261077.601799998,4806120.9459,Bajo,Urbana
Cala Fonoll,Illes Balears,Andratx,No,Sí,Sí,No,63 metros,264873.5964,4798525.8853,Bajo,Urbana
Cala Fornells,Illes Balears,Calvià,No,No,No,No,100 metros,271396.9186,4798006.2817,Medio,Semiurbana
Peguera,Illes Balears,Calvià,Sí,Sí,Sí,No,600 metros,273155.7665,4798497.0177,Alto,Urbana
Cala de Santa Ponça,Illes Balears,Calvià,Sí,Sí,Sí,No,560 metros,276072.337200001,4795884.8469,Alto,Urbana
Cala Vinyes,Illes Balears,Calvià,No,No,No,No,60 metros,282050.193799999,4792811.7274,Alto,Urbana
C'an Pere Antoni,Illes Balears,Palma de Mallorca,Sí,Sí,No,No,750 metros,296354.748399999,4802553.7267,Medio,Urbana
Ciudad Jardín,Illes Balears,Palma de Mallorca,Sí,No,Sí,No,450 metros,299360.374600001,4801109.8697,Alto,Urbana
Cala Gamba,Illes Balears,Palma de Mallorca,No,No,No,No,100 metros,299594.145599999,4800503.5118,Bajo,Urbana
Caló de son Caios,Illes Balears,Palma de Mallorca,No,No,No,No,70 metros,302020.910500001,4798569.1868,Bajo,Urbana
Cala Estancia,Illes Balears,Palma de Mallorca,Sí,Sí,Sí,Sí,220 metros,302443.9245,4798468.1502,Alto,Urbana
Playa de Palma,Illes Balears,Palma de Mallorca,Sí,Sí,Sí,Sí,4.600 metros,304514.467099998,4797039.3136,Alto,Urbana
Cala de Santa María,Illes Balears,Palma de Mallorca,No,No,No,No,45 metros,328559.4771,4744084.9995,Bajo,Aislada
Caló d'Es Palangres,Illes Balears,Palma de Mallorca,No,No,No,No,15 metros,328336.838100001,4742922.2378,Bajo,Aislada
Cala Ganduf,Illes Balears,Palma de Mallorca,No,No,No,No,80 metros,327524.205800001,4742922.2378,Bajo,Aislada
Cala Donzell,Illes Balears,Palma de Mallorca,No,No,No,No,50 metros,326411.010899998,4743338.5198,Bajo,Aislada
Cas Pages,Illes Balears,Palma de Mallorca,No,No,No,No,270 metros,326934.212499999,4742319.3771,Bajo,Aislada
Espalmador,Illes Balears,Palma de Mallorca,No,No,No,No,140 metros,326177.239999998,4742218.9038,Bajo,Aislada
Platjes d'es Burrí,Illes Balears,Palma de Mallorca,No,No,No,No,115 metros,329104.942600001,4742061.0192,Bajo,Aislada
Caló d'es Macs,Illes Balears,Palma de Mallorca,No,No,No,No,25 metros,329249.657900002,4743022.7181,Bajo,Aislada
Platjes de S'Olla,Illes Balears,Palma de Mallorca,No,No,No,No,125 metros,329839.6512,4743252.3911,Bajo,Aislada
El Arenal,Illes Balears,Llucmajor,Sí,Sí,Sí,No,210 metros,306161.995499998,4793835.9959,Alto,Urbana
Cala Blava,Illes Balears,Llucmajor,No,No,No,No,30 metros,304670.314399999,4791672.1713,Medio,Urbana
Cala Vella,Illes Balears,Llucmajor,No,No,No,No,100 metros,305393.890999999,4785918.6688,Bajo,Aislada
Cala Beltrán,Illes Balears,Llucmajor,No,No,No,No,20 metros,315457.173,4773716.0088,Bajo,Aislada
Cala Pi,Illes Balears,Llucmajor,No,Sí,No,No,45 metros,315735.471700002,4774047.1723,Medio,Semiurbana
S'Arenal de Sa Rápita,Illes Balears,Campos,Sí,Sí,Sí,No,1.400 metros,329750.595600002,4773456.845,Alto,Aislada
Ses Covetes,Illes Balears,Campos,No,Sí,Sí,No,200 metros,330808.130800001,4772521.0312,Alto,Aislada
Es Trenc,Illes Balears,Campos,No,Sí,No,No,3.000 metros,332066.041000001,4771354.985,Alto,Aislada
Es Port,Illes Balears,Ses Salines,Sí,No,Sí,Sí,160 metros,333724.701400001,4767195.7485,Alto,Urbana
Es Dolç,Illes Balears,Ses Salines,No,Sí,No,No,900 metros,334503.937899999,4767037.4724,Alto,Aislada
Es Marques,Illes Balears,Ses Salines,Sí,Sí,No,No,410 metros,332366.603700001,4767828.8778,Alto,Aislada
Cala Llombards,Illes Balears,Santanyí,No,No,No,Sí,55 metros,349353.958000001,4768131.0671,Alto,Aislada
Cala Santanyi,Illes Balears,Santanyí,Sí,No,Sí,No,70 metros,350244.513900001,4769095.2557,Alto,Semiurbana
S'Amarador,Illes Balears,Santanyí,No,No,No,Sí,145 metros,354608.2379,4771844.42,Alto,Aislada
S'Enclusa,Illes Balears,Maó,No,No,No,No,180 metros,469400.8968,4865956.8111,Bajo,Aislada
Cala Caldés,Illes Balears,Maó,No,No,No,No,120 metros,469679.195599999,4865535.3993,Bajo,Aislada
Capifort,Illes Balears,Maó,No,No,No,No,180 metros,473642.169399999,4864823.3994,Bajo,Aislada
Cala d'En Tortuga,Illes Balears,Maó,No,No,No,No,180 metros,473708.961100001,4864213.1545,Bajo,Aislada
Cala Morella Nou,Illes Balears,Maó,No,No,No,No,250 metros,474031.787599999,4863399.5528,Bajo,Aislada
Cala de Sa Torreta,Illes Balears,Maó,No,No,No,No,250 metros,473642.169399999,4860596.0438,Bajo,Aislada
Es grau,Illes Balears,Maó,No,Sí,No,No,590 metros,474844.4199,4858650.0315,Medio,Semiurbana
Cala Macar de Binillautí,Illes Balears,Maó,No,No,No,No,160 metros,476714.587400001,4855005.9145,Bajo,Aislada
Cala Mesquida,Illes Balears,Maó,No,No,No,No,300 metros,477237.789000001,4853815.6957,Medio,Urbana
Ondarreta,Gipuzkoa,Donostia/San Sebastián,Sí,Sí,Sí,No,600 metros,-222794.828899998,5360286.4264,Alto,Urbana
Agiti,Gipuzkoa,Donostia/San Sebastián,No,No,No,No,360 metros,-230676.248799998,5358924.818,Bajo,Aislada
Palma Nova,Illes Balears,Calvià,Sí,Sí,Sí,No,1.800 metros,282584.527399998,4795596.251,Alto,Urbana
Oratori de Portals,Illes Balears,Calvià,Sí,Sí,Sí,No,250 metros,286469.577599999,4798150.6134,Alto,Semiurbana
Cala Varques,Illes Balears,Manacor,No,No,No,No,70 metros,366886.777800001,4793489.7526,Bajo,Aislada
Cala Mandia,Illes Balears,Manacor,Sí,Sí,No,No,80 metros,368901.660500001,4796490.9253,Alto,Urbana
Es Macar Petit,Illes Balears,Es Mercadal,No,No,No,No,100 metros,456287.4608,4873777.9747,Bajo,Aislada
Tirant,Illes Balears,Es Mercadal,No,Sí,No,No,500 metros,456988.773600001,4872338.301,Alto,Semiurbana
Platja Gran,Illes Balears,Es Mercadal,No,No,No,No,1.700 metros,459092.712000001,4871829.3755,Bajo,Semiurbana
Cala Pudent,Illes Balears,Es Mercadal,No,No,No,No,200 metros,463022.289999999,4871989.3207,Bajo,Aislada
Arenal de S'Olla de Son Saura,Illes Balears,Es Mercadal,No,Sí,No,No,330 metros,463333.9846,4870680.754,Alto,Semiurbana
Arenal d'en Castell,Illes Balears,Es Mercadal,No,Sí,Sí,No,650 metros,465627.166099999,4869096.1655,Alto,Semiurbana
Cala Roja,Murcia,Cartagena,No,No,No,No,70 metros,-76854.9763999991,4527639.6816,Bajo,Urbana
Cala Fría,Murcia,Cartagena,No,No,No,No,80 metros,-76799.3167000003,4527766.1908,Medio,Urbana
Amadores,Las Palmas,Mogán,No,Sí,No,No,488 metros,-1750387.6732,3222548.4667,Alto,Urbana
Tauro,Las Palmas,Mogán,No,No,No,No,440 metros,-1750799.5553,3223278.3174,Medio,Semiurbana
Antilla,Gipuzkoa,Orio,Sí,Sí,Sí,No,220 metros,-236854.480599999,5356049.2666,Medio,Semiurbana
Oribarzar,Gipuzkoa,Orio,No,No,No,No,200 metros,-237244.0988,5355376.3936,Bajo,Aislada
Llevant,Barcelona,Barcelona,Sí,Sí,Sí,No,375 metros,246850.970800001,5072130.2869,Alto,Semiurbana
Platja de les Salines,Barcelona,Cubelles,Sí,Sí,No,No,450 metros,184378.472600002,5041294.7457,Medio,Semiurbana
Les Gavines,Barcelona,Cubelles,No,Sí,No,No,250 metros,183421.125,5041161.6001,Medio,Semiurbana
Playa de la Punta de la Tordera,Barcelona,Malgrat de Mar,Sí,No,No,No,1.045 metros,309034.038400002,5108634.8843,Bajo,Aislada
Platja de l'Astillero,Barcelona,Malgrat de Mar,Sí,Sí,Sí,Sí,1.000 metros,304147.1127,5106817.5297,Medio,Urbana
De Ponent,Barcelona,Mataró,Sí,Sí,Sí,No,180 metros,271808.800700001,5090744.45,Bajo,SemiUrbana
Playa dels Pescadors,Barcelona,Pineda de Mar,Sí,Sí,Sí,No,1.100 metros,299460.562199999,5104330.3972,Alto,Urbana
Playa de La Riera,Barcelona,Pineda de Mar,Sí,No,No,Sí,580 metros,298492.082600001,5103943.2369,Alto,Urbana
Playa de Poblenou,Barcelona,Pineda de Mar,Sí,Sí,Sí,No,650 metros,297590.394699998,5103600.7619,Alto,Urbana
El Fórum,Barcelona,Sant Adrià de Besòs,Sí,Sí,Sí,No,460 metros,248453.971500002,5074178.609,Bajo,Urbana
La Roca Grossa,Barcelona,Sant Pol de Mar,Sí,Sí,No,No,749 metros,293783.268199999,5102037.4445,Medio,Aislada
Platja de Llevant,Barcelona,Santa Susanna,Sí,Sí,Sí,No,815 metros,303200.897100002,5106132.387,Medio,Semiurbana
Platja de les “Caletes”,Barcelona,Santa Susanna,Sí,Sí,Sí,No,445 metros,302354.868900001,5105536.6505,Medio,Semiurbana
S'Adarró,Barcelona,Vilanova i la Geltrú,Sí,Sí,Sí,Sí,780 metros,191157.829599999,5043617.6912,Alto,Urbana
Puntalillo,Cádiz,Rota,Sí,Sí,Sí,Sí,1.200 metros,-709517.0385,4386645.7092,Alto,Semiurbana
Playa de la Caracola,Castellón/Castelló,Benicarló,Sí,Sí,Sí,Sí,800 metros,46498.1512999982,4924225.9694,Alto,Urbana
Fondalet,Castellón/Castelló,Benicarló,No,No,No,No,1.500 metros,49503.7776000015,4929226.4906,Bajo,Semiurbana
Grao - Malvarrosa,Castellón/Castelló,Borriana/Burriana,No,Sí,Sí,Sí,1.050 metros,-6445.3984999992,4847562.1312,Alto,Urbana
Playa El Bovalar,Castellón/Castelló,Nules,Sí,No,Sí,No,1.188 metros,-12022.504999999,4841066.07,Medio,Urbana
Playa del Rajadell,Castellón/Castelló,Nules,No,No,No,No,1.035 metros,-13336.0749999993,4839167.3528,Bajo,Aislada
Cala del Retor,Castellón/Castelló,Oropesa del Mar/Orpesa,Sí,No,No,No,125 metros,15028.1312999986,4877298.0575,Bajo,Semiurbana
Playa Portonegro,Castellón/Castelló,Peníscola/Peñíscola,No,No,No,No,54 metros,42368.1981999986,4914948.1078,Bajo,Semiurbana
Playa del Campas,Castellón/Castelló,Torreblanca,No,No,No,No,2.000 metros,27061.7681999989,4895194.1866,Bajo,Aislada
Cala Puntal II,Castellón/Castelló,Vinaròs,Sí,No,No,No,100 metros,50783.9516999982,4930952.4068,Alto,Urbana
Cala de las Rocas,Castellón/Castelló,Vinaròs,No,No,No,No,50 metros,51774.6952,4932810.2991,Medio,Urbana
Cala Fondo de Bola,Castellón/Castelló,Vinaròs,No,No,No,No,60 metros,51830.3548999988,4932912.7129,Medio,Urbana
Cala dels Pinets,Castellón/Castelló,Vinaròs,No,No,No,No,80 metros,51963.9382999986,4933059.02,Medio,Urbana
Cala del Saldonar,Castellón/Castelló,Vinaròs,Sí,No,No,No,50 metros,54702.3977999985,4937229.6906,Medio,Urbana
Cala del Pinar o del Faralló,Castellón/Castelló,Vinaròs,Sí,No,No,No,90 metros,55303.5229999982,4938064.0372,Alto,Urbana
Cala del Pastor,Castellón/Castelló,Vinaròs,Sí,No,No,No,70 metros,55915.7802000009,4939147.3297,Alto,Urbana
Playa de les Cales,Castellón/Castelló,Vinaròs,No,No,No,No,80 metros,56138.4191999994,4939498.6935,Medio,Urbana
Cala de La Foradada,Castellón/Castelló,Vinaròs,Sí,No,No,No,100 metros,56272.0025999993,4939645.0988,Medio,Urbana
Cala de la Roca Plana,Castellón/Castelló,Vinaròs,Sí,No,No,No,100 metros,56294.2664999999,4940069.6865,Medio,Urbana
Cala Marçal,Illes Balears,Felanitx,Sí,No,No,Sí,90 metros,362634.373199999,4780543.0618,Alto,Semiurbana
Cala Murada,Illes Balears,Manacor,Sí,Sí,Sí,No,70 metros,364793.971299998,4786509.7288,Alto,Semiurbana
Cala Tropicana,Illes Balears,Manacor,Sí,No,Sí,No,60 metros,364771.707400002,4787317.0865,Alto,Semiurbana
Cala Domingos,Illes Balears,Manacor,Sí,No,No,No,85 metros,364905.290800001,4787533.354,Alto,Semiurbana
Cala Estany,Illes Balears,Manacor,Sí,No,Sí,No,100 metros,368445.250599999,4795928.137,Alto,Semiurbana
Porto Cristo,Illes Balears,Manacor,Sí,Sí,Sí,No,200 metros,371439.744899999,4799550.7379,Alto,Urbana
Cala Moreia,Illes Balears,Sant Llorenç des Cardassar,Sí,No,Sí,No,350 metros,375625.357799999,4803463.4635,Alto,Urbana
Sa Coma,Illes Balears,Sant Llorenç des Cardassar,Sí,Sí,Sí,Sí,890 metros,376003.844099998,4804402.1675,Alto,Semiurbana
Cala Millor,Illes Balears,Sant Llorenç des Cardassar,Sí,Sí,Sí,Sí,1.750 metros,376827.6083,4806727.6441,Alto,Urbana
Cala Bona,Illes Balears,Son Servera,Sí,No,No,No,470 metros,377517.789099999,4809617.1878,Alto,Urbana
Port Roig,Illes Balears,Son Servera,No,No,No,No,160 metros,377573.448899999,4810657.6278,Medio,Semiurbana
Port Vell,Illes Balears,Son Servera,No,No,No,No,250 metros,378241.365800001,4812276.3052,Medio,Semiurbana
Es Ribell,Illes Balears,Son Servera,Sí,No,Sí,Sí,500 metros,378998.338399999,4813215.8364,Alto,Aislada
Canyamel,Illes Balears,Capdepera,Sí,Sí,Sí,No,300 metros,383139.4234,4816280.7673,Alto,Semiurbana
Sa Font de Sa Cala,Illes Balears,Capdepera,Sí,Sí,No,No,100 metros,384274.882199999,4819838.4222,Alto,Semiurbana
Son Moll,Illes Balears,Capdepera,Sí,Sí,Sí,No,140 metros,384742.4241,4823093.4847,Alto,Urbana
Cala Agulla,Illes Balears,Capdepera,Sí,Sí,No,No,520 metros,384397.333700001,4825495.6779,Alto,Aislada
Cala Mesquida,Illes Balears,Capdepera,No,No,No,No,300 metros,382259.999400001,4828839.4514,Alto,Semiurbana
Cala Torta,Illes Balears,Artà,No,No,No,No,130 metros,380501.151500002,4829722.6263,Medio,Aislada
Cala Mitjana,Illes Balears,Artà,No,No,No,No,80 metros,380022.477699999,4829968.7709,Medio,Aislada
Son Serra de Marina,Illes Balears,Santa Margalida,No,No,No,Sí,450 metros,358916.302200001,4827883.9732,Alto,Semiurbana
Muro,Illes Balears,Muro,Sí,Sí,Sí,Sí,4.200 metros,349454.145500001,4833835.4869,Alto,Semiurbana
Alcudia,Illes Balears,Alcúdia,Sí,Sí,Sí,No,3.400 metros,347917.936500002,4842472.2237,Alto,Urbana
Alcanada,Illes Balears,Alcúdia,No,No,No,No,700 metros,352392.980099998,4842544.7113,Medio,Aislada
Coll Baix,Illes Balears,Alcúdia,No,No,No,No,220 metros,354819.745000001,4845908.7134,Bajo,Aislada
Sant Joan,Illes Balears,Alcúdia,No,Sí,Sí,No,110 metros,349031.1314,4846372.8029,Medio,Aislada
Sant Pere,Illes Balears,Alcúdia,Sí,Sí,No,No,110 metros,349298.2982,4846256.7785,Alto,Semiurbana
Sa Marina d'Alcudia,Illes Balears,Alcúdia,No,No,No,No,400 metros,345090.421500001,4845473.6491,Bajo,Aislada
Cap des Bou,Illes Balears,Alcúdia,No,No,No,No,2.400 metros,343810.247299999,4846793.4028,Bajo,Aislada
Platja d'Albercuix,Illes Balears,Pollença,Sí,No,Sí,No,1.450 metros,343476.288800001,4852727.2057,Alto,Urbana
Port de Pollença,Illes Balears,Pollença,Sí,Sí,Sí,No,2.400 metros,342786.107999999,4849317.3753,Alto,Urbana
Cala Formentor,Illes Balears,Pollença,Sí,Sí,No,Sí,840 metros,349476.409400001,4855470.4288,Alto,Aislada
Cala Sant Vicens,Illes Balears,Pollença,Sí,Sí,Sí,Sí,175 metros,340047.648499999,4854541.4219,Alto,Urbana
Racó de Mortix,Illes Balears,Escorca,No,No,No,No,100 metros,315646.416099999,4845981.2259,Bajo,Aislada
Cala Codolar,Illes Balears,Escorca,No,No,No,No,200 metros,314544.3532,4845198.1182,Bajo,Aislada
Cala Capellans,Illes Balears,Escorca,No,No,No,No,150 metros,313308.706799999,4845328.6319,Bajo,Aislada
Cala Teix,Illes Balears,Escorca,No,No,No,No,175 metros,312785.505199999,4845328.6319,Bajo,Aislada
Cala Deià,Illes Balears,Deyá,No,No,No,No,40 metros,294039.302999999,4831141.6612,Medio,Aislada
Caló de S'Estaca,Illes Balears,Valldemossa,No,No,No,No,30 metros,290143.1208,4827739.2118,Bajo,Aislada
Sa Font Figuera,Illes Balears,Valldemossa,No,No,No,No,40 metros,289196.905099999,4826523.2986,Bajo,Aislada
Port de Valldemossa,Illes Balears,Valldemossa,No,No,No,No,90 metros,288128.238000002,4825075.976,Medio,Semiurbana
Punta Galera,Illes Balears,Banyalbufar,No,No,No,No,50 metros,280536.2487,4821559.8564,Medio,Aislada
Cala Banyalbufar,Illes Balears,Banyalbufar,No,No,No,No,100 metros,280079.838799998,4821067.9878,Medio,Aislada
Cala Ca's Xirimié,Illes Balears,Estellencs,No,No,No,No,40 metros,272933.127500001,4815109.6214,Bajo,Aislada
Cala de son Pruaga,Illes Balears,Estellencs,No,No,No,No,60 metros,272165.022999998,4814632.5273,Bajo,Aislada
Cala Anguila,Illes Balears,Manacor,Sí,Sí,No,No,50 metros,369324.674600001,4796851.7037,Alto,Urbana
Cala Moreia,Illes Balears,Manacor,Sí,Sí,Sí,No,350 metros,375514.0383,4802885.8433,Alto,Urbana
Cala Nau,Illes Balears,Sant Llorenç des Cardassar,Sí,Sí,Sí,No,200 metros,378797.963300001,4805427.6216,Alto,Urbana
Sant Llorenç,Illes Balears,Sant Llorenç des Cardassar,Sí,Sí,Sí,No,500 metros,377796.087900002,4805600.9482,Alto,Urbana
Cala Millor,Illes Balears,Son Servera,Sí,Sí,Sí,Sí,1.800 metros,377217.226500001,4808677.9945,Alto,Urbana
Es Torrent d'Es Morts,Illes Balears,Son Servera,No,No,No,No,10 metros,381870.381200001,4812782.1957,Bajo,Semiurbana
Cala Rotja,Illes Balears,Capdepera,No,No,No,No,30 metros,382593.957899999,4814690.3557,Bajo,Semiurbana
Cala Auberdans,Illes Balears,Capdepera,No,Sí,No,No,45 metros,382549.430100001,4814892.7576,Bajo,Semiurbana
Cala Gat,Illes Balears,Capdepera,Sí,Sí,No,No,40 metros,386278.633099999,4824323.4512,Medio,Semiurbana
Cala Moltó,Illes Balears,Capdepera,No,No,No,No,100 metros,384263.750300001,4826364.0828,Bajo,Aislada
Cala Estreta,Illes Balears,Artà,No,No,No,No,40 metros,379933.4221,4830316.2796,Bajo,Aislada
Cala Dèntol,Illes Balears,Artà,No,No,No,No,10 metros,379688.519200001,4830678.2806,Bajo,Aislada
Cala es Matzoc,Illes Balears,Artà,No,No,No,No,80 metros,378931.546700001,4831011.3332,Bajo,Aislada
Sa Font Salada,Illes Balears,Artà,No,No,No,No,40 metros,376783.080499999,4831648.5083,Bajo,Aislada
S'Arenalet d'Aubarca,Illes Balears,Artà,No,No,No,No,130 metros,376226.482999999,4831880.2184,Bajo,Aislada
Es Caló,Illes Balears,Artà,No,No,No,No,25 metros,371016.730900001,4833285.0762,Bajo,Aislada
Cala Mata,Illes Balears,Artà,No,No,No,No,250 metros,369614.105300002,4830562.4389,Bajo,Semiurbana
Caló d'En Sureda,Illes Balears,Artà,No,No,Sí,No,80 metros,370137.306899998,4830808.6042,Bajo,Semiurbana
Caló D'Es Cans,Illes Balears,Artà,No,No,No,No,100 metros,367465.6391,4829389.6168,Bajo,Aislada
Cala Estret,Illes Balears,Artà,No,No,No,No,440 metros,365651.1314,4828187.9791,Bajo,Semiurbana
Caló d'Es Parral,Illes Balears,Artà,No,No,No,No,130 metros,365306.041000001,4828173.5024,Bajo,Semiurbana
Sa Cánova,Illes Balears,Artà,No,No,No,No,1.800 metros,363469.269400001,4827333.8909,Bajo,Aislada
Es Dolç,Illes Balears,Santa Margalida,No,No,No,No,100 metros,358259.517200001,4828159.0257,Bajo,Semiurbana
Son Real,Illes Balears,Santa Margalida,No,No,No,No,300 metros,357558.204399999,4828405.1318,Bajo,Aislada
Cala Serralot,Illes Balears,Santa Margalida,No,No,No,No,40 metros,356945.9472,4828998.7067,Bajo,Aislada
S'Arenal d'En Casat,Illes Balears,Santa Margalida,No,No,No,No,500 metros,355877.280099999,4829433.0522,Bajo,Aislada
Son Bauló,Illes Balears,Santa Margalida,Sí,Sí,Sí,Sí,160 metros,353439.383299999,4830750.6824,Alto,Urbana
Ca'n Picafort,Illes Balears,Santa Margalida,Sí,Sí,Sí,Sí,1.300 metros,352660.1468,4831271.9908,Alto,Urbana
Cala En Feliu,Illes Balears,Pollença,No,No,No,No,42 metros,352148.077199999,4855760.7612,Bajo,Aislada
Cala Murta,Illes Balears,Pollença,No,No,No,No,85 metros,354107.3002,4857299.6649,Bajo,Aislada
Cala en gossalba,Illes Balears,Pollença,No,No,No,No,37 metros,355020.120000001,4857677.1683,Bajo,Aislada
Cala Figuera,Illes Balears,Pollença,No,No,No,No,45 metros,353227.876200002,4858954.9784,Medio,Aislada
Port D'Es Canonge,Illes Balears,Banyalbufar,No,No,No,No,70 metros,283964.8891,4822355.5775,Bajo,Aislada
Son Bunyola,Illes Balears,Banyalbufar,No,No,No,No,90 metros,283441.6875,4822268.7685,Bajo,Aislada
Es Corral Fals,Illes Balears,Banyalbufar,No,No,No,No,90 metros,282784.9025,4822254.3004,Bajo,Aislada
Cala Estellencs,Illes Balears,Estellencs,No,Sí,No,No,80 metros,275137.253400002,4816439.8223,Bajo,Aislada
Cala Blanca,Illes Balears,Andratx,No,No,No,No,137 metros,269315.244100001,4799088.8195,Bajo,Aislada
Caló En Timo,Illes Balears,Llucmajor,No,No,No,No,40 metros,323817.266800001,4772808.9646,Bajo,Aislada
Racó de S'Arena,Illes Balears,Llucmajor,No,No,No,No,120 metros,324474.051800001,4773183.2904,Bajo,Aislada
Es Perengons Petits,Illes Balears,Campos,No,No,No,No,200 metros,333001.1248,4769498.2276,Alto,Aislada
Binimel-La,Illes Balears,Es Mercadal,No,No,No,No,300 metros,451177.896200001,4873428.9437,Medio,Aislada
Es Macar Gran,Illes Balears,Es Mercadal,No,No,No,No,450 metros,455908.9745,4874214.2807,Bajo,Aislada
Na Macaret,Illes Balears,Es Mercadal,No,No,No,No,50 metros,467686.576699998,4867918.7912,Medio,Urbana
S'Arenal d'En Mongofre,Illes Balears,Maó,No,No,No,No,150 metros,468777.5077,4866872.3535,Medio,Aislada
Zarautz,Gipuzkoa,Zarautz,Sí,Sí,Sí,No,2.500 metros,-241106.8851,5356049.2666,Alto,Urbana
Malkorbe,Gipuzkoa,Getaria,Sí,Sí,Sí,No,420 metros,-245181.1785,5358236.4401,Alto,Urbana
Gaztetape,Gipuzkoa,Getaria,No,Sí,Sí,No,210 metros,-245570.796700001,5358343.5178,Medio,Semiurbana
Orruaga,Gipuzkoa,Getaria,No,No,No,No,310 metros,-249478.110800002,5358267.0336,Bajo,Aislada
Santiago,Gipuzkoa,Zumaia,Sí,Sí,No,No,250 metros,-250212.819499999,5357838.734,Alto,Semiurbana
Itzurun,Gipuzkoa,Zumaia,Sí,Sí,Sí,No,450 metros,-251682.236699998,5357777.5499,Alto,Urbana
Algorri,Gipuzkoa,Zumaia,No,No,No,No,25 metros,-252405.8134,5357639.8873,Bajo,Aislada
Sakoneta,Gipuzkoa,Deba,No,No,No,No,500 metros,-257070.100099999,5357379.8634,Bajo,Aislada
Aitzuri,Gipuzkoa,Deba,No,No,No,No,1.600 metros,-254821.446400002,5356951.6045,Bajo,Aislada
Mendata,Gipuzkoa,Deba,No,No,No,No,220 metros,-258060.843600001,5357211.6165,Bajo,Aislada
Itxaspe,Gipuzkoa,Deba,No,No,No,No,750 metros,-259096.114799999,5357318.6823,Bajo,Aislada
Lapari,Gipuzkoa,Deba,Sí,No,No,No,350 metros,-261378.1644,5357609.2958,Medio,Semiurbana
Deba,Gipuzkoa,Deba,Sí,Sí,Sí,No,420 metros,-261912.497900002,5357441.0448,Alto,Urbana
Ondarbeltz,Gipuzkoa,Mutriku,Sí,Sí,Sí,No,150 metros,-262324.380100001,5357792.8459,Bajo,Semiurbana
Alkolea,Gipuzkoa,Mutriku,No,No,No,No,700 metros,-263938.512699999,5358878.9245,Bajo,Aislada
Mutriku,Gipuzkoa,Mutriku,Sí,Sí,Sí,No,120 metros,-264996.047800001,5359383.7648,Alto,Urbana
Burumendi,Gipuzkoa,Mutriku,No,No,No,No,80 metros,-265073.971500002,5359659.1438,Medio,Aislada
Siete Playas,Gipuzkoa,Mutriku,No,No,No,No,180 metros,-266576.784600001,5360714.8388,Bajo,Aislada
Saturrarán,Gipuzkoa,Mutriku,Sí,Sí,Sí,No,300 metros,-268335.632599998,5361020.8598,Medio,Aislada
La Arena,Bizkaia,Zierbena,Sí,Sí,Sí,No,960 metros,-346637.762400001,5365199.0536,Alto,Semiurbana
Gorrondatxe,Bizkaia,Getxo,Sí,Sí,No,No,844 metros,-335884.299600001,5369899.8542,Medio,Aislada
Barinatxe,Bizkaia,Getxo,Sí,Sí,Sí,No,752 metros,-334637.521299999,5370359.3434,Alto,Aislada
Arrietara- Atxabiribil,Bizkaia,Sopela,Sí,Sí,Sí,No,826 metros,-333468.6666,5371293.7083,Alto,Semiurbana
Meñakoz,Bizkaia,Sopela,No,No,No,No,400 metros,-332500.187100001,5372228.1673,Bajo,Aislada
Barrika,Bizkaia,Barrika,Sí,No,No,No,600 metros,-331253.408799998,5373469.1516,Medio,Aislada
Muriola,Bizkaia,Barrika,Sí,No,No,No,80 metros,-329450.033,5375078.082,Medio,Aislada
Rafal,Murcia,Águilas,No,No,No,No,300 metros,-164919.825599998,4502410.6096,Bajo,Aislada
Playa Rambla Elena,Murcia,Águilas,No,No,No,No,265 metros,-164474.547600001,4503139.813,Bajo,Aislada
Cala Junquera,Murcia,Lorca,No,No,No,No,40 metros,-161168.358800001,4508133.4145,Bajo,Aislada
Playa del Pelo,Murcia,Lorca,No,No,No,No,20 metros,-160567.2335,4508414.0245,Bajo,Aislada
Amoladeras,Murcia,Cartagena,No,Sí,No,No,1.000 metros,-78791.9356000014,4528595.567,Alto,Urbana
Marchamalo,Murcia,Cartagena,No,Sí,Sí,No,1.600 metros,-79459.8524999991,4529706.1908,Alto,Urbana
Galúa,Murcia,Cartagena,No,Sí,Sí,No,2.000 metros,-80161.1653000005,4531295.01,Alto,Urbana
Calnegre,Murcia,Cartagena,No,No,No,No,600 metros,-80662.1030000001,4532293.4183,Alto,Urbana
Cala del Pino,Murcia,Cartagena,Sí,Sí,Sí,No,150 metros,-81541.5269999988,4532434.0469,Alto,Urbana
Gollerón,Murcia,Cartagena,No,No,No,No,250 metros,-81730.7701000012,4532082.479,Medio,Urbana
Las Coloradas,Las Palmas,Arucas,No,No,No,No,170 metros,-1729826.9633,3267822.8024,Bajo,Aislada
Los Charcones,Las Palmas,Arucas,Sí,No,No,Sí,175 metros,-1729515.2687,3267999.5572,Alto,Semiurbana
Mogán,Las Palmas,Mogán,Sí,No,Sí,No,209 metros,-1754718.0014,3226047.0708,Alto,Urbana
Veneguera,Las Palmas,Mogán,No,No,No,No,370 metros,-1757912.8708,3229609.5196,Medio,Aislada
Plentzia,Bizkaia,Plentzia,Sí,Sí,Sí,No,356 metros,-327880.428199999,5374848.2177,Alto,Urbana
Gorliz,Bizkaia,Gorliz,Sí,Sí,Sí,No,842 metros,-327813.636500001,5375491.852,Alto,Semiurbana
Armintza,Bizkaia,Lemoiz,Sí,No,Sí,No,200 metros,-322114.078600001,5377974.8598,Bajo,Semiurbana
Bakio,Bizkaia,Bakio,Sí,Sí,Sí,No,982 metros,-312306.8314,5377668.2797,Alto,Urbana
Arribolas,Bizkaia,Bermeo,No,No,No,No,260 metros,-305917.092599999,5380489.1991,Bajo,Aislada
Aritxatxu,Bizkaia,Bermeo,Sí,Sí,No,No,75 metros,-303813.154300001,5376978.5114,Alto,Aislada
Laidatxu,Bizkaia,Mundaka,Sí,Sí,Sí,No,55 metros,-300562.625100002,5373744.9484,Alto,Urbana
Kanalape,Bizkaia,Gautegiz Arteaga,Sí,No,No,No,300 metros,-298380.763099998,5370619.7307,Bajo,Aislada
Toña,Bizkaia,Sukarrieta,Sí,Sí,Sí,No,120 metros,-300028.2916,5372090.2904,Alto,Urbana
San Antonio,Bizkaia,Busturia,Sí,Sí,Sí,No,190 metros,-299460.562199999,5371033.3021,Alto,Semiurbana
Laida,Bizkaia,Ibarrangelu,Sí,Sí,Sí,No,700 metros,-299026.416200001,5373208.6844,Alto,Semiurbana
Laga,Bizkaia,Ibarrangelu,Sí,Sí,Sí,No,574 metros,-295998.526000001,5374388.5063,Alto,Aislada
Lapatza,Bizkaia,Ea,No,No,No,No,140 metros,-289118.9815,5371538.8032,Bajo,Aislada
Ea,Bizkaia,Ea,Sí,Sí,Sí,No,50 metros,-287671.8281,5370420.6103,Alto,Urbana
Ogella,Bizkaia,Ispaster,Sí,Sí,No,No,450 metros,-283241.312399998,5368904.3721,Alto,Aislada
Isuntza,Bizkaia,Lekeitio,Sí,Sí,Sí,No,300 metros,-278365.5187,5367357.7578,Alto,Urbana
Karraspio,Bizkaia,Mendexa,Sí,Sí,Sí,No,462 metros,-277541.7544,5367311.8227,Alto,Semiurbana
Arrigorri,Bizkaia,Ondarroa,Sí,Sí,Sí,No,180 metros,-269203.924600001,5361235.0804,Alto,Semiurbana
Karraspio Txiki,Bizkaia,Mendexa,Sí,Sí,No,No,130 metros,-277975.9005,5367158.7074,Bajo,Semiurbana
Bedarona,Bizkaia,Ea,No,No,No,No,70 metros,-284287.715599999,5369807.959,Bajo,Aislada
La Carolina,Murcia,Águilas,No,No,No,Sí,500 metros,-181250.394900002,4491618.7156,Alto,Aislada
La Higuerica,Murcia,Águilas,No,No,No,Sí,225 metros,-181016.624000002,4492221.0875,Alto,Aislada
Calarreona,Murcia,Águilas,No,Sí,Sí,Sí,490 metros,-180170.595800001,4492823.4939,Alto,Aislada
Cala de las Tortugas,Murcia,Águilas,No,No,No,No,100 metros,-179736.4498,4492781.4644,Bajo,Aislada
Cueva de las Palomas,Murcia,Águilas,No,No,No,No,70 metros,-179502.6789,4493033.6438,Bajo,Aislada
La Herradura,Murcia,Águilas,No,No,No,No,35 metros,-179335.699700002,4493201.7668,Bajo,Aislada
Matalentisco,Murcia,Águilas,No,No,No,Sí,285 metros,-179313.435800001,4493467.9669,Alto,Aislada
La Cañada del Negro,Murcia,Águilas,No,No,No,No,375 metros,-178734.5744,4494028.4104,Bajo,Aislada
La Casica Verde,Murcia,Águilas,No,No,No,Sí,350 metros,-178344.9562,4494364.6909,Medio,Semiurbana
Poniente,Murcia,Águilas,No,Sí,Sí,Sí,1.100 metros,-177354.212699998,4495009.2585,Alto,Urbana
La Colonia,Murcia,Águilas,Sí,Sí,Sí,Sí,575 metros,-176497.052700002,4495443.6633,Alto,Urbana
Levante,Murcia,Águilas,Sí,Sí,Sí,Sí,350 metros,-175495.177200001,4495976.1841,Alto,Urbana
Las Delicias,Murcia,Águilas,Sí,Sí,Sí,Sí,800 metros,-174626.885200001,4496074.283,Alto,Urbana
Cocedor,Murcia,Águilas,No,No,Sí,No,180 metros,-173858.780699998,4495892.1001,Medio,Urbana
El Hornillo,Murcia,Águilas,No,Sí,Sí,No,350 metros,-173691.8015,4496522.7467,Alto,Urbana
Playa del Cigarro,Murcia,Águilas,No,No,No,No,270 metros,-172445.023200002,4496634.8656,Medio,Urbana
Todo Sol,Murcia,Águilas,No,No,No,No,48 metros,-170552.591800001,4498120.5543,Medio,Semiurbana
El Arroz,Murcia,Águilas,No,Sí,No,No,190 metros,-169817.883200001,4498989.6395,Alto,Aislada
El Pino,Murcia,Águilas,No,No,No,No,100 metros,-169595.244199999,4499073.7484,Bajo,Aislada
La Cola,Murcia,Águilas,No,No,No,No,950 metros,-168582.236900002,4499550.3778,Alto,Semiurbana
Cala de Canalicas,Murcia,Águilas,No,No,No,No,40 metros,-167758.472600002,4499452.2465,Alto,Urbana
Calabardina,Murcia,Águilas,No,Sí,Sí,No,420 metros,-167324.3266,4499508.3214,Alto,Urbana
La Ensenada de la Fuente,Murcia,Águilas,No,No,No,No,150 metros,-165220.3882,4499956.9319,Bajo,Aislada
Playa de Cope,Murcia,Águilas,No,No,No,No,250 metros,-165209.256299999,4500279.3825,Bajo,Aislada
Sombrerico,Murcia,Águilas,No,No,No,No,200 metros,-165120.2007,4500966.3755,Bajo,Aislada
El Charco,Murcia,Águilas,No,No,No,No,100 metros,-164975.485399999,4501919.8281,Bajo,Aislada
El Pozo,Murcia,Águilas,No,No,No,No,15 metros,-164363.2282,4503392.2414,Bajo,Aislada
El Saladar,Murcia,Águilas,No,No,No,No,250 metros,-164062.6655,4504093.4633,Bajo,Aislada
Pozo de Huertas,Murcia,Águilas,No,No,No,No,75 metros,-163929.0821,4504514.2189,Bajo,Aislada
Las Pulgas,Murcia,Águilas,No,No,No,No,100 metros,-163773.234900001,4504696.5516,Bajo,Aislada
La Galera,Murcia,Águilas,No,No,No,No,300 metros,-163494.936099999,4505215.5158,Bajo,Aislada
Punta de Algas (Playas de la Llana),Murcia,San Pedro del Pinatar,No,No,No,No,1.260 metros,-83734.5210000016,4550506.5279,Bajo,Aislada
Barraca Quemada (Playas de la Llana),Murcia,San Pedro del Pinatar,No,Sí,No,No,700 metros,-84235.4587000012,4552746.6587,Medio,Aislada
Las Salinas (Playas de la Llana),Murcia,San Pedro del Pinatar,Sí,Sí,No,No,1.200 metros,-84402.4378999993,4553521.659,Medio,Aislada
Torre Derribada,Murcia,San Pedro del Pinatar,No,Sí,Sí,No,2.210 metros,-84502.625500001,4555170.4881,Medio,Aislada
El Mojón,Murcia,San Pedro del Pinatar,No,Sí,Sí,Sí,465 metros,-84881.1116999984,4557482.1075,Medio,Urbana
La Puntica,Murcia,San Pedro del Pinatar,No,Sí,Sí,No,520 metros,-87652.9670999981,4553211.652,Alto,Urbana
Villananitos,Murcia,San Pedro del Pinatar,No,Sí,Sí,No,840 metros,-86907.1264999993,4553972.5949,Alto,Urbana
Calnegre,Murcia,Lorca,No,Sí,No,Sí,190 metros,-157617.267000001,4510027.6779,Medio,Aislada
La Mota,Murcia,San Pedro del Pinatar,No,Sí,Sí,No,2.700 metros,-86072.2303000018,4553465.2934,Medio,Semiurbana
La Concha,Murcia,Los Alcázares,No,Sí,Sí,No,200 metros,-94755.1506000012,4542156.0746,Medio / Bajo,Urbana
Carrión,Murcia,Los Alcázares,No,Sí,Sí,No,200 metros,-94532.5115999989,4542451.6762,Alto,Urbana
Manzanares,Murcia,Los Alcázares,No,Sí,Sí,No,400 metros,-94454.5879000016,4542733.2093,Alto,Urbana
El Espejo,Murcia,Los Alcázares,No,Sí,Sí,No,800 metros,-94276.4767999984,4543324.4536,Alto,Urbana
Pudrimel,Murcia,San Javier,No,No,No,No,1.300 metros,-82977.5483999997,4546985.2843,Bajo,Semiurbana
Veneciola,Murcia,San Javier,No,Sí,No,No,1.500 metros,-83756.7848999985,4547576.77,Medio / Bajo,Semiurbana
Playa Chica,Murcia,San Javier,No,Sí,No,No,1.750 metros,-83222.4512999989,4545788.3327,Bajo,Semiurbana
Mistral,Murcia,San Javier,No,Sí,No,No,300 metros,-82343.0273000002,4542141.9986,Medio / Bajo,Semiurbana
Matasgordas,Murcia,San Javier,No,Sí,No,No,2.200 metros,-82387.5551000014,4540861.157,Medio / Bajo,Semiurbana
Antillas,Murcia,San Javier,No,No,No,No,450 metros,-82799.4373000003,4538299.9459,Medio,Urbana
El Galán,Murcia,San Javier,No,No,No,No,600 metros,-82510.0066,4535837.836,Medio / Bajo,Semiurbana
Lebeche,Murcia,San Javier,No,No,No,No,1.500 metros,-82120.3883999996,4534993.8178,Medio,Urbana
Las Palmeras,Murcia,Los Alcázares,No,Sí,Sí,No,1.100 metros,-93608.559799999,4544478.8844,Alto,Urbana
Los Narejos,Murcia,Los Alcázares,No,Sí,Sí,No,1.000 metros,-92617.816300001,4544774.5519,Alto,Urbana
Las Salinas,Murcia,Los Alcázares,No,Sí,No,No,1.000 metros,-91727.260400001,4545464.4753,Bajo,Semiurbana
Pedrucho,Murcia,San Javier,No,Sí,Sí,No,2.800 metros,-82075.8605999984,4536386.4845,Alto,Urbana
El Arenal,Murcia,San Javier,No,Sí,Sí,No,1.800 metros,-82376.4232000001,4537624.5665,Medio,Urbana
Estacio,Murcia,San Javier,No,No,Sí,No,2.000 metros,-82198.311999999,4541452.2951,Bajo,Semiurbana
Caleta del Estacio,Murcia,San Javier,No,No,No,No,500 metros,-81830.9576999992,4542803.5938,Bajo,Semiurbana
Ensenada del Esparto,Murcia,San Javier,No,No,Sí,Sí,2.100 metros,-82220.5758999996,4544366.2514,Bajo,Semiurbana
Playa Aliseos,Murcia,San Javier,No,No,No,No,800 metros,-81641.7144999988,4533404.4356,Medio / Bajo,Semiurbana
Playa de la Isla,Murcia,San Javier,No,No,No,No,300 metros,-81597.1867999993,4532757.4997,Medio,Urbana
La Hita,Murcia,San Javier,No,No,No,No,500 metros,-90536.1418999992,4546886.7066,Medio,Aislada
Barnuevo,Murcia,San Javier,No,Sí,Sí,No,300 metros,-89400.6831,4550703.7527,Alto,Urbana
El Pescador,Murcia,San Javier,No,Sí,Sí,No,230 metros,-89400.6831,4550971.421,Medio,Urbana
Colón,Murcia,San Javier,No,Sí,Sí,No,985 metros,-89044.4607000016,4551802.6454,Alto,Urbana
Castillico,Murcia,San Javier,Sí,Sí,Sí,No,450 metros,-88209.5645000003,4553070.7427,Alto,Urbana
Playa Larga,Murcia,Lorca,No,No,No,No,600 metros,-163238.901299998,4506071.1615,Bajo,Aislada
Cala Blanca,Murcia,Lorca,No,No,No,No,75 metros,-162771.3594,4506688.392,Medio,Aislada
Los Hierros,Murcia,Lorca,No,No,No,No,380 metros,-162459.664900001,4507179.3967,Bajo,Aislada
Cala Leña,Murcia,Lorca,No,No,No,No,55 metros,-162159.102200001,4507488.04,Bajo,Aislada
Cala de la Gruta,Murcia,Lorca,No,No,No,No,40 metros,-161402.129700001,4507993.1123,Bajo,Aislada
Playa Baja Mar,Murcia,Lorca,No,No,No,No,300 metros,-160455.914000001,4508694.642,Bajo,Aislada
Cala Honda,Murcia,Lorca,No,No,No,No,100 metros,-159498.566399999,4509185.7407,Bajo,Aislada
Siscal,Murcia,Lorca,No,No,No,No,155 metros,-158574.614599999,4509578.6363,Medio,Aislada
San Pedro,Murcia,Lorca,No,No,No,No,30 metros,-158396.503400002,4509466.3789,Bajo,Aislada
Baño de las Mujeres,Murcia,Lorca,No,No,No,No,40 metros,-157917.829599999,4509817.1872,Medio,Aislada
Puntas de Calnegre,Murcia,Lorca,No,Sí,No,No,1.100 metros,-156014.2663,4510490.7721,Medio,Semiurbana
Parazuelos,Murcia,Lorca,No,No,No,No,450 metros,-155624.6481,4511220.538,Bajo,Aislada
Parazuelos,Murcia,Mazarrón,No,No,No,No,900 metros,-155101.4465,4512146.8524,Bajo,Aislada
El Palomarico,Murcia,Mazarrón,No,No,No,No,90 metros,-154611.640799999,4512638.1131,Bajo,Aislada
Minas,Murcia,Mazarrón,No,No,No,No,115 metros,-154055.043299999,4512974.9908,Medio,Aislada
Percheles,Murcia,Mazarrón,No,No,No,Sí,290 metros,-153787.876499999,4513227.6563,Alto,Aislada
Ballenato,Murcia,Mazarrón,No,No,No,No,200 metros,-153119.959600002,4513452.2529,Bajo,Aislada
Las Chapas,Murcia,Mazarrón,No,No,No,No,210 metros,-152875.056699999,4513550.5154,Bajo,Aislada
Las Covaticas,Murcia,Mazarrón,No,No,No,No,1.958 metros,-152374.118999999,4514477.036,Bajo,Aislada
Cabezo de la Pelea,Murcia,Mazarrón,No,No,No,No,1.750 metros,-150915.833700001,4516049.5012,Bajo,Aislada
Jondón del Fondón,Murcia,Mazarrón,No,No,No,No,150 metros,-150281.312600002,4516540.945,Bajo,Aislada
Cala Leño,Murcia,Mazarrón,No,No,No,No,100 metros,-149190.3816,4517102.6233,Bajo,Aislada
Barranco Ancho,Murcia,Mazarrón,No,No,No,No,80 metros,-149568.867800001,4516849.8644,Bajo,Aislada
Cala Desnuda,Murcia,Mazarrón,No,No,No,No,30 metros,-149290.5691,4517046.4542,Bajo,Aislada
La Grúa,Murcia,Mazarrón,No,No,No,No,85 metros,-149023.4023,4517074.5387,Bajo,Aislada
Playa de La Puñeta,Murcia,Mazarrón,No,No,No,No,197 metros,-148177.374200001,4517467.7304,Medio,Aislada
Cueva Lobos,Murcia,Mazarrón,No,No,No,No,90 metros,-147910.207400002,4517706.4612,Medio,Aislada
Piedra Mala,Murcia,Mazarrón,No,No,No,No,315 metros,-147075.3112,4517931.1539,Bajo,Semiurbana
El Rincón,Murcia,Mazarrón,No,No,No,No,90 metros,-146774.748599999,4517790.7204,Medio,Semiurbana
Bolnuevo,Murcia,Mazarrón,No,Sí,Sí,No,1.600 metros,-145472.310600001,4517734.5475,Alto,Urbana
El Castellar,Murcia,Mazarrón,Sí,Sí,Sí,Sí,1.170 metros,-143813.650199998,4517523.9019,Alto,Urbana
Nares,Murcia,Mazarrón,No,Sí,Sí,Sí,400 metros,-142934.226199999,4517327.3031,Alto,Urbana
La Pava,Murcia,Mazarrón,No,Sí,Sí,No,100 metros,-142522.344099998,4517369.4311,Alto,Urbana
Junta de Los Mares,Murcia,Mazarrón,No,Sí,Sí,No,400 metros,-142177.253600001,4517425.602,Alto,Urbana
Bahía,Murcia,Mazarrón,No,Sí,Sí,Sí,190 metros,-141921.218800001,4517243.0476,Alto,Urbana
La Ermita,Murcia,Mazarrón,No,Sí,Sí,No,100 metros,-141665.184,4517355.3884,Alto,Urbana
La Isla,Murcia,Mazarrón,No,Sí,Sí,No,600 metros,-140963.871199999,4517425.602,Alto,Urbana
Puerto de Mazarrón,Murcia,Mazarrón,No,Sí,Sí,Sí,420 metros,-139906.335999999,4518492.9069,Alto,Urbana
Playa del Rihuete,Murcia,Mazarrón,No,Sí,Sí,Sí,600 metros,-139550.113699999,4518928.2862,Alto,Urbana
Gachero,Murcia,Mazarrón,No,No,No,No,350 metros,-139115.967599999,4519040.6451,Bajo,Urbana
El Alamillo,Murcia,Mazarrón,No,Sí,No,Sí,600 metros,-138559.370200001,4519785.0532,Medio,Urbana
Negra,Murcia,Mazarrón,No,No,No,No,140 metros,-137924.849100001,4519967.652,Medio,Aislada
La Raja,Murcia,Mazarrón,No,No,No,No,500 metros,-137423.911400001,4519714.8238,Bajo,Aislada
El Mojón,Murcia,Mazarrón,No,Sí,No,Sí,465 metros,-136733.730500001,4519728.8696,Medio,Aislada
El Cabezo del Mojón,Murcia,Cartagena,No,No,No,No,100 metros,-136243.924800001,4519447.9562,Bajo,Semiurbana
El Corral,Murcia,Cartagena,No,No,No,No,320 metros,-135553.743900001,4519616.5034,Medio,Urbana
Cala del Contrabando,Murcia,Cartagena,No,No,No,No,46 metros,-135141.8618,4519616.5034,Medio,Urbana
Maestro Romero,Murcia,Cartagena,No,No,No,No,30 metros,-134830.167199999,4519405.8198,Medio,Urbana
La Caleta,Murcia,Cartagena,No,No,No,No,30 metros,-134629.792199999,4519391.7744,Medio,Urbana
Isla Plana,Murcia,Cartagena,No,Sí,No,Sí,800 metros,-134084.326699998,4519433.9107,Alto,Urbana
La Calera,Murcia,Cartagena,No,No,No,No,1.100 metros,-132848.680300001,4518942.331,Bajo,Aislada
San Ginés,Murcia,Cartagena,No,Sí,No,Sí,800 metros,-131312.471299998,4518296.2899,Medio,Urbana
La Chapineta,Murcia,Cartagena,No,Sí,Sí,Sí,750 metros,-130655.686299998,4517846.8936,Medio,Urbana
Cala Cerrada,Murcia,Cartagena,No,No,No,No,85 metros,-128273.449200001,4514799.9337,Bajo,Aislada
Cala Salitrona,Murcia,Cartagena,No,No,No,No,20 metros,-125445.9342,4515881.0115,Bajo,Aislada
Pozo de la Avispa,Murcia,Cartagena,No,No,No,No,45 metros,-125379.142499998,4516569.0282,Bajo,Aislada
Cala Bolete Grande,Murcia,Cartagena,No,No,No,No,100 metros,-124688.961599998,4517762.6339,Bajo,Aislada
Cala El Bolete,Murcia,Cartagena,No,No,No,No,60 metros,-123976.516899999,4518240.1143,Bajo,Aislada
Cala Aguilar,Murcia,Cartagena,No,No,No,No,80 metros,-122707.4747,4518675.4831,Bajo,Aislada
El Portús,Murcia,Cartagena,No,Sí,No,No,130 metros,-119501.4734,4520824.5042,Alto,Semiurbana
La Morena,Murcia,Cartagena,No,No,No,No,140 metros,-118944.8759,4520529.5144,Alto,Semiurbana
Cala del Gallito,Murcia,Cartagena,No,No,No,No,400 metros,-113234.186000001,4519419.8653,Bajo,Aislada
Fatares,Murcia,Cartagena,No,No,No,No,400 metros,-114647.943599999,4520094.0684,Bajo,Aislada
Parajola,Murcia,Cartagena,No,No,No,No,250 metros,-112722.1164,4520318.8124,Bajo,Aislada
Cala Cortina,Murcia,Cartagena,No,Sí,Sí,Sí,210 metros,-108514.239599999,4520445.2331,Alto,Aislada
El Gorguel,Murcia,Cartagena,No,No,No,No,500 metros,-97582.6656000018,4519911.4674,Bajo,Aislada
Cala del Barco,Murcia,Cartagena,Sí,Sí,No,No,40 metros,-88242.9604000002,4521330.2204,Alto,Semiurbana
Las Mulas,Murcia,Cartagena,No,No,No,No,180 metros,-87107.5014999993,4522313.6275,Bajo,Aislada
Parreño,Murcia,Cartagena,No,No,No,No,300 metros,-85504.5009000003,4522664.8667,Bajo,Aislada
Negrete,Murcia,Cartagena,No,No,No,No,600 metros,-84747.5282999985,4522791.3157,Bajo,Aislada
Larga,Murcia,Cartagena,No,No,No,No,600 metros,-83934.8960999995,4522749.1659,Bajo,Aislada
Las Cañas,Murcia,Cartagena,No,No,No,No,300 metros,-83311.5069000013,4522889.666,Bajo,Aislada
Calblanque,Murcia,Cartagena,No,No,No,No,300 metros,-81229.8324000016,4523578.1439,Bajo,Aislada
Cala Arturo,Murcia,Cartagena,No,No,No,No,80 metros,-80907.0058999993,4523760.8089,Bajo,Aislada
Cala Magre,Murcia,Cartagena,No,No,No,No,100 metros,-80617.5751999989,4523831.0656,Bajo,Aislada
Cala de los Dentones,Murcia,Cartagena,No,No,No,No,50 metros,-80150.0333999991,4524140.2003,Bajo,Aislada
Cala Reona,Murcia,Cartagena,No,Sí,No,No,200 metros,-79493.248399999,4525643.8499,Medio,Semiurbana
El Descargador,Murcia,Cartagena,No,No,No,No,300 metros,-78970.0467999987,4525953.0383,Bajo,Urbana
Cala Flores,Murcia,Cartagena,No,No,No,No,130 metros,-78836.4633999988,4526177.9083,Alto,Urbana
Cala Medina,Murcia,Cartagena,No,No,No,No,20 metros,-78357.7895999998,4526880.6584,Bajo,Urbana
Cala Avellan,Murcia,Cartagena,No,No,No,No,30 metros,-78335.5256999992,4526950.936,Bajo,Urbana
La Barra,Murcia,Cartagena,No,No,No,No,30 metros,-77834.5879999995,4527471.005,Bajo,Urbana
Las Melvas,Murcia,Cartagena,No,No,No,No,20 metros,-77723.2685000002,4527386.6677,Medio,Semiurbana
Cala Botella,Murcia,Cartagena,No,No,No,No,40 metros,-77367.0461000018,4527358.5554,Bajo,Urbana
Cala del Muerto,Murcia,Cartagena,No,No,No,No,50 metros,-77010.8236999996,4527583.4557,Bajo,Urbana
Cala Túnez,Murcia,Cartagena,No,No,No,No,25 metros,-77010.8236999996,4527948.929,Medio,Urbana
Las Escalerillas,Murcia,Cartagena,No,No,No,No,30 metros,-77188.9349000007,4527878.6447,Alto,Urbana
La Galera,Murcia,Cartagena,No,No,Sí,No,20 metros,-77355.9142000005,4527808.3609,Alto,Urbana
Levante,Murcia,Cartagena,No,Sí,Sí,Sí,1.000 metros,-78057.2269000001,4527836.4744,Alto,Urbana
Bahía de las palmeras,Murcia,Cartagena,No,No,Sí,No,150 metros,-81263.2283000015,4531787.1712,Medio,Urbana
Isla del Ciervo,Murcia,Cartagena,No,No,No,No,100 metros,-81207.568500001,4531660.6132,Bajo,Aislada
Cavannas,Murcia,Cartagena,Sí,Sí,Sí,No,1.200 metros,-80895.8740000017,4531590.3039,Alto,Urbana
La Gola,Murcia,Cartagena,No,Sí,Sí,No,200 metros,-80472.8599000014,4530226.397,Bajo,Urbana
Puerto Bello,Murcia,Cartagena,Sí,No,Sí,No,500 metros,-80127.7694999985,4529931.1417,Alto,Urbana
El Vivero,Murcia,Cartagena,No,Sí,No,No,500 metros,-80406.0681999996,4529101.6594,Medio,Semiurbana
Los Alemanes,Murcia,Cartagena,No,No,No,No,200 metros,-80584.1794000007,4528511.2206,Alto,Urbana
Paraíso,Murcia,Cartagena,No,Sí,No,No,1.200 metros,-80806.8183999993,4528131.6705,Alto,Semiurbana
Honda,Murcia,Cartagena,No,Sí,Sí,No,1.000 metros,-81485.8673,4527653.7381,Alto,Urbana
Loma del Castillo,Murcia,Cartagena,No,No, ,No,600 metros,-83645.4653999992,4528328.4725,Bajo,Aislada
Lo Poyo,Murcia,Cartagena,No,No,No,No,2.500 metros,-89990.6763999984,4531773.1091,Bajo,Aislada
El Arenal,Murcia,Cartagena,No,No,No,No,200 metros,-88677.1064000018,4530774.7505,Medio,Urbana
Mar de Cristal,Murcia,Cartagena,No,Sí,Sí,No,900 metros,-84357.9101000018,4528932.9592,Alto,Urbana
Islas Menores,Murcia,Cartagena,No,Sí,Sí,No,900 metros,-85504.5009000003,4529593.7172,Alto,Urbana
Los Nietos,Murcia,Cartagena,Sí,Sí,Sí,No,2.000 metros,-87541.6475999989,4530184.2172,Alto,Urbana
Perla de Levante,Murcia,Cartagena,No,Sí,Sí,No,800 metros,-91549.1491999999,4533305.9862,Medio,Urbana
Los Urrutias,Murcia,Cartagena,No,Sí,Sí,No,1.500 metros,-92194.8022999987,4534403.0457,Alto,Urbana
Punta Brava,Murcia,Cartagena,No,Sí,Sí,No,1.000 metros,-93207.8095999993,4536091.0548,Alto,Urbana
El Carmolí,Murcia,Cartagena,No,No,No,No,3.000 metros,-94888.7340000011,4538229.5919,Bajo,Aislada
La Azohía,Murcia,Cartagena,No,Sí,Sí,Sí,1.190 metros,-130254.9362,4516428.613,Medio,Urbana
Risco,Las Palmas,Agaete,No,No,No,No,435 metros,-1752068.5975,3255733.2055,Medio,Aislada
Faneroque,Las Palmas,Agaete,No,No,No,No,260 metros,-1751178.0416,3257007.2785,Bajo,Aislada
Sotavento,Las Palmas,Agaete,No,No,No,No,200 metros,-1749341.27,3258811.3689,Bajo,Aislada
Guayedra,Las Palmas,Agaete,No,No,No,No,200 metros,-1748873.7282,3259530.5488,Alto,Aislada
Las Nieves II,Las Palmas,Agaete,No,No,No,No,210 metros,-1748729.0128,3261637.8396,Medio,Semiurbana
Las Nieves I,Las Palmas,Agaete,No,No,No,Sí,220 metros,-1748973.9157,3261738.7959,Alto,Semiurbana
Las Salinas,Las Palmas,Agaete,No,No,No,No,160 metros,-1749051.8393,3262205.7285,Medio,Aislada
Turman,Las Palmas,Agaete,No,No,No,No,95 metros,-1748495.2419,3262546.4733,Bajo,Aislada
Juncal,Las Palmas,Gáldar,No,No,No,No,130 metros,-1748228.0751,3263732.8369,Medio,Aislada
Vargas,Las Palmas,Agüimes,No,No, ,No,1.300 metros,-1713307.1509,3234016.661,Bajo,Aislada
El Cabrón,Las Palmas,Agüimes,No,No, ,No,290 metros,-1712772.8173,3232732.1471,Medio,Aislada
Arinaga,Las Palmas,Agüimes,No,No, ,Sí,700 metros,-1713429.6023,3230793.0121,Alto,Urbana
Balos,Las Palmas,Agüimes,No,No, ,No,1.000 metros,-1714899.0196,3229911.6781,Bajo,Aislada
Playa de las Arenas,Las Palmas,Artenara,No,No,No,No,975 metros,-1755185.5433,3254509.7035,Bajo,Aislada
San Andrés,Las Palmas,Arucas,No,No,No,No,450 metros,-1731418.832,3267380.9256,Medio,Semiurbana
Los Enanos,Las Palmas,Arucas,No,No,No,No,350 metros,-1731262.9847,3267380.9256,Medio,Semiurbana
El Peñón,Las Palmas,Arucas,No,No,No,No,150 metros,-1730895.6304,3267481.9247,Bajo,Semiurbana
Quintanilla,Las Palmas,Arucas,No,No,No,No,160 metros,-1730506.0122,3267444.0499,Medio,Aislada
Los Marrajos,Las Palmas,Arucas,No,No,No,No,110 metros,-1730339.0329,3267481.9247,Bajo,Aislada
La Fuente,Las Palmas,Arucas,No,No,No,No,170 metros,-1729982.8106,3267797.5519,Bajo,Aislada
El Puertillo,Las Palmas,Arucas,Sí,Sí,Sí,Sí,120 metros,-1729114.5185,3268214.1911,Alto,Urbana
Charco las Palomas,Las Palmas,Arucas,No,No,No,No,60 metros,-1728903.0115,3268340.448,Bajo,Aislada
Las Salinas,Las Palmas,Arucas,No,No,No,No,210 metros,-1727667.3652,3267822.8024,Medio,Aislada
Punta Gorda,Las Palmas,Agaete,No,No,No,No,50 metros,-1748751.2767,3262508.6124,Bajo,Aislada
La Guancha,Las Palmas,Gáldar,No,No,No,No,25 metros,-1742695.4964,3269704.097,Bajo,Aislada
Lagarto,Las Palmas,Gáldar,No,No,No,No,65 metros,-1747782.7971,3265487.3312,Bajo,Aislada
Arrastradero,Las Palmas,Gáldar,No,No,No,No,60 metros,-1747682.6096,3266269.9847,Bajo,Aislada
Risco Partido,Las Palmas,Gáldar,No,No,No,No,30 metros,-1747949.7764,3266850.6924,Bajo,Aislada
Martorell,Las Palmas,Gáldar,No,No,No,No,35 metros,-1747348.6511,3267608.1747,Bajo,Semiurbana
Sardina,Las Palmas,Gáldar,Sí,Sí,Sí,Sí,80 metros,-1747270.7275,3268100.561,Alto,Semiurbana
El Muelle,Las Palmas,Gáldar,No,Sí,No,No,80 metros,-1747593.554,3268390.951,Bajo,Aislada
El Roquete,Las Palmas,Gáldar,No,No,No,No,60 metros,-1747716.0055,3268428.8284,Bajo,Aislada
Paso del Salgo,Las Palmas,Gáldar,No,No,No,No,100 metros,-1748150.1515,3268706.5995,Bajo,Aislada
Punta del Faro,Las Palmas,Gáldar,No,No,No,No,85 metros,-1748706.7489,3269438.9322,Bajo,Aislada
Caletón de los Cangrejos,Las Palmas,Gáldar,No,No,No,No,50 metros,-1746235.4562,3270297.5798,Bajo,Aislada
Punta Galdar,Las Palmas,Gáldar,No,No,No,No,85 metros,-1745968.2894,3270411.2284,Alto,Semiurbana
Caleta de Abajo,Las Palmas,Gáldar,No,No,No,No,130 metros,-1745645.4629,3269615.7081,Medio,Aislada
Punta del Clavo,Las Palmas,Gáldar,No,No,No,No,75 metros,-1744810.5667,3269300.0385,Medio,Aislada
Furnia,Las Palmas,Gáldar,No,No,No,No,70 metros,-1744754.907,3269173.7727,Medio,Aislada
Dos Roques,Las Palmas,Gáldar,No,No,No,No,140 metros,-1744420.9485,3268959.1235,Medio,Aislada
Boca Barranco,Las Palmas,Gáldar,No,No,No,No,255 metros,-1743864.3511,3268908.6183,Medio,Aislada
El Agujero,Las Palmas,Gáldar,No,No,No,No,150 metros,-1743318.8856,3269363.1718,Alto,Semiurbana
La Redonda,Las Palmas,Gáldar,No,No,No,No,45 metros,-1743085.1146,3269489.4394,Bajo,Aislada
La Caleta de Arriba,Las Palmas,Gáldar,No,No,No,No,40 metros,-1742183.4268,3269754.6051,Medio,Semiurbana
El Burrero,Las Palmas,Ingenio,No,No,No,Sí,500 metros,-1712817.3451,3237581.1911,Medio,Semiurbana
Arguineguín,Las Palmas,Mogán,No,No,No,No,220 metros,-1745656.5949,3218258.2348,Medio,Urbana
Marañuela,Las Palmas,Mogán,Sí,Sí,Sí,No,279 metros,-1745723.3866,3218635.6206,Alto,Urbana
Costa Alegre,Las Palmas,Mogán,No,No,No,No,55 metros,-1745990.5533,3218950.1168,Alto,Urbana
La Carrera,Las Palmas,Mogán,No,No,No,No,40 metros,-1746124.1367,3219201.7189,Medio,Urbana
Patalavaca,Las Palmas,Mogán,No,No,Sí,No,303 metros,-1746513.755,3220057.2006,Alto,Urbana
Aquamarina,Las Palmas,Mogán,No,No,Sí,No,70 metros,-1746847.7134,3220208.1735,Alto,Urbana
La Verga,Las Palmas,Mogán,Sí,Sí,No,No,180 metros,-1747248.4636,3220359.1481,Alto,Urbana
Balito,Las Palmas,Mogán,No,No,No,No,220 metros,-1747838.4569,3220547.8687,Bajo,Semiurbana
Puerto Rico,Las Palmas,Mogán,Sí,Sí,No,No,284 metros,-1749252.2144,3221843.8202,Alto,Urbana
El Cura,Las Palmas,Mogán,No,No,Sí,No,193 metros,-1751211.4375,3223618.0888,Medio,Urbana
Medio Almud,Las Palmas,Mogán,No,No,No,No,87 metros,-1752157.6531,3223995.6224,Medio,Semiurbana
Tiritaña,Las Palmas,Mogán,No,No,No,No,86 metros,-1752781.0423,3224700.3798,Bajo,Aislada
Taurito,Las Palmas,Mogán,Sí,Sí,Sí,No,160 metros,-1753649.3343,3225405.1735,Alto,Urbana
Los Secos,Las Palmas,Mogán,No,No, ,No,260 metros,-1758703.2392,3231032.2411,Bajo,Aislada
San Lorenzo,Las Palmas,Moya,No,No,No,No,920 metros,-1735159.1669,3267494.5497,Bajo,Aislada
Charco San Lorenzo,Las Palmas,Moya,Sí,Sí,Sí,No,75 metros,-1734402.1944,3267141.0556,Alto,Aislada
Boca Barranco,Las Palmas,Las Palmas de Gran Canaria,No,No,No,No,260 metros,-1713852.6164,3252945.7997,Bajo,Aislada
Las Canteras,Las Palmas,Las Palmas de Gran Canaria,Sí,Sí,Sí,Sí,2.250 metros,-1718249.7362,3266913.8143,Alto,Urbana
El Confital,Las Palmas,Las Palmas de Gran Canaria,No,No, ,No,180 metros,-1718238.6043,3269123.2667,Bajo,Aislada
Alcavaneras,Las Palmas,Las Palmas de Gran Canaria,Sí,Sí,Sí,No,550 metros,-1717559.5554,3265449.462,Alto,Urbana
San Cristóbal,Las Palmas,Las Palmas de Gran Canaria,No,No,No,No,950 metros,-1715934.2908,3258697.8177,Bajo,Urbana
Los Muellitos,Las Palmas,Las Palmas de Gran Canaria,No,No, ,No,70 metros,-1719841.605,3265499.9542,Medio,Semiurbana
La Cicer,Las Palmas,Las Palmas de Gran Canaria,Sí,No, ,No,520 metros,-1719273.8756,3265588.3162,Medio,Urbana
Boca las Castillas,Las Palmas,San Bartolomé de Tirajana,No,No,No,No,1.700 metros,-1719173.688,3223718.7634,Bajo,Semiurbana
Corral de Espino,Las Palmas,San Bartolomé de Tirajana,No,No,No,No,1.450 metros,-1722257.2379,3223127.3106,Bajo,Aislada
El Cardón,Las Palmas,San Bartolomé de Tirajana,No,No,No,No,1.500 metros,-1724661.7389,3222586.2166,Bajo,Aislada
Tarajalillo,Las Palmas,San Bartolomé de Tirajana,No,No,No,No,2.240 metros,-1726053.2325,3221554.4223,Medio,Semiurbana
El Águila,Las Palmas,San Bartolomé de Tirajana,No,No,No,No,430 metros,-1728591.3169,3220774.3368,Alto,Semiurbana
El Besudo,Las Palmas,San Bartolomé de Tirajana,No,No,No,No,170 metros,-1729036.5949,3220371.7294,Alto,Semiurbana
San Agustín,Las Palmas,San Bartolomé de Tirajana,Sí,No,Sí,Sí,670 metros,-1730027.3384,3219868.4868,Alto,Urbana
Las Burras,Las Palmas,San Bartolomé de Tirajana,Sí,No,Sí,No,300 metros,-1731051.4777,3219642.0337,Alto,Semiurbana
El Cochino,Las Palmas,San Bartolomé de Tirajana,No,No,Sí,No,250 metros,-1731396.5681,3219415.5843,Alto,Semiurbana
El Inglés,Las Palmas,San Bartolomé de Tirajana,Sí,Sí,Sí,Sí,2.700 metros,-1732810.3256,3218421.7674,Alto,Urbana
Maspalomas,Las Palmas,San Bartolomé de Tirajana,Sí,Sí,Sí,Sí,2.710 metros,-1734635.9653,3215679.71,Alto,Semiurbana
El Faro,Las Palmas,San Bartolomé de Tirajana,No,No,No,No,320 metros,-1736739.9037,3215717.441,Alto,Urbana
Las Mujeres,Las Palmas,San Bartolomé de Tirajana,No,No,No,No,520 metros,-1737508.0081,3216459.5053,Alto,Urbana
Las Meloneras,Las Palmas,San Bartolomé de Tirajana,No,Sí,Sí,Sí,283 metros,-1737931.0222,3216887.1539,Alto,Urbana
Pasito Blanco,Las Palmas,San Bartolomé de Tirajana,No,No,No,No,203 metros,-1738921.7657,3217365.1298,Medio,Semiurbana
Montaña de Arena,Las Palmas,San Bartolomé de Tirajana,No,No,No,No,250 metros,-1740880.9887,3217566.3878,Alto,Aislada
Las Carpinteras,Las Palmas,San Bartolomé de Tirajana,No,No,No,No,181 metros,-1741404.1903,3217641.8603,Alto,Aislada
Triana,Las Palmas,San Bartolomé de Tirajana,No,No,No,No,574 metros,-1742417.1977,3218107.2834,Alto,Aislada
Los Bigotes,Las Palmas,San Bartolomé de Tirajana,No,No,No,No,75 metros,-1742817.9479,3218321.1317,Medio,Aislada
Llanillo,Las Palmas,San Bartolomé de Tirajana,No,No,No,No,290 metros,-1743285.4897,3218346.2906,Medio,Aislada
Lomo Galeón,Las Palmas,San Bartolomé de Tirajana,No,No,No,No,32 metros,-1743830.9552,3218207.9175,Medio,Aislada
El Molinero,Las Palmas,San Bartolomé de Tirajana,No,No,No,No,197 metros,-1744198.3095,3218145.0211,Bajo,Aislada
Santa Águeda,Las Palmas,San Bartolomé de Tirajana,No,No,No,No,145 metros,-1744498.8722,3217943.7546,Medio,Urbana
Ganeguín,Las Palmas,San Bartolomé de Tirajana,No,No, ,No,73 metros,-1744587.9278,3217767.6488,Medio,Urbana
Ambar,Las Palmas,Mogán,No,No, ,No,220 metros,-1758302.489,3229999.809,Bajo,Aislada
Tasarte,Las Palmas,La Aldea de San Nicolás,No,No, ,No,710 metros,-1759159.6491,3232064.7514,Alto,Aislada
Aneas,Las Palmas,La Aldea de San Nicolás,No,No,No,No,60 metros,-1759426.8159,3232631.4061,Bajo,Aislada
Tasartico,Las Palmas,La Aldea de San Nicolás,No,No, ,No,465 metros,-1760517.7469,3234847.8815,Alto,Aislada
Descojonado,Las Palmas,La Aldea de San Nicolás,No,No,No,No,50 metros,-1762009.4281,3237178.088,Bajo,Aislada
Lioguicha,Las Palmas,La Aldea de San Nicolás,No,No, ,No,240 metros,-1762120.7476,3240277.2501,Bajo,Aislada
Güi- Güi Chico,Las Palmas,La Aldea de San Nicolás,No,No,No,No,350 metros,-1761953.7683,3241801.8935,Medio,Aislada
Güi- Güi Grande,Las Palmas,La Aldea de San Nicolás,No,No,No,No,360 metros,-1762232.0671,3243427.5279,Medio,Aislada
La Aldea,Las Palmas,La Aldea de San Nicolás,No,Sí, ,No,720 metros,-1760885.1012,3249276.378,Alto,Aislada
Puerto La Aldea,Las Palmas,La Aldea de San Nicolás,No,No, ,No,30 metros,-1760796.0456,3249755.4902,Alto,Semiurbana
Pozo Izquierdo,Las Palmas,Santa Lucía de Tirajana,No,No,No,No,1.280 metros,-1716813.7148,3227620.4761,Bajo,Semiurbana
Roque Prieto,Las Palmas,Santa María de Guía de Gran Canaria,No,No,No,No,40 metros,-1739901.3772,3270070.2854,Alto,Aislada
Punta del Angosto,Las Palmas,Santa María de Guía de Gran Canaria,No,No,No,No,175 metros,-1738287.2446,3267936.4302,Bajo,Aislada
San Felipe,Las Palmas,Santa María de Guía de Gran Canaria,No,No,No,No,450 metros,-1736450.473,3267191.5542,Alto,Aislada
Pagador,Las Palmas,Moya,Sí,Sí,No,No,310 metros,-1733990.3122,3267191.5542,Alto,Aislada
El Roque,Las Palmas,Moya,No,No,No,No,410 metros,-1733723.1455,3267141.0556,Medio,Semiurbana
El Pozo,Las Palmas,La Oliva,No,No,No,No,450 metros,-1540773.0721,3340132.5108,Bajo,Aislada
El Viejo,Las Palmas,La Oliva,No,No,No,No,1.000 metros,-1540472.5094,3339383.6096,Bajo,Aislada
La Cocina,Las Palmas,Teguise,No,No,No,No,100 metros,-1506954.2108,3403804.5658,Bajo,Aislada
Las Conchas,Las Palmas,Teguise,No,No,No,No,610 metros,-1504527.4459,3410872.818,Medio,Aislada
El Altillo,Las Palmas,Moya,No,No,No,No,120 metros,-1733366.9231,3267178.9295,Alto,Aislada
Boquini,Las Palmas,Moya,No,No,No,No,480 metros,-1732086.7489,3267507.1746,Bajo,Aislada
Jinámar,Las Palmas,Las Palmas de Gran Canaria,No,No, ,No,975 metros,-1714164.3109,3253147.5836,Bajo,Aislada
El Barranquillo,Las Palmas,Telde,No,No,No,No,140 metros,-1712160.5601,3250549.845,Bajo,Semiurbana
San Borondón,Las Palmas,Telde,No,No,No,No,225 metros,-1711993.5809,3250310.2728,Bajo,Semiurbana
Chica,Las Palmas,Telde,No,No,No,No,80 metros,-1711826.6016,3250196.7927,Bajo,Semiurbana
La Garita,Las Palmas,Telde,Sí,No,No,Sí,260 metros,-1711726.4141,3249793.3156,Alto,Urbana
Pozuelo,Las Palmas,Telde,Sí,No,No,Sí,130 metros,-1711570.5668,3248948.5742,Alto,Semiurbana
El Hombre,Las Palmas,Telde,No,No,No,No,270 metros,-1711448.1154,3248519.9195,Alto,Semiurbana
Melenara,Las Palmas,Telde,Sí,Sí,Sí,Sí,350 metros,-1711548.3029,3247423.1294,Alto,Urbana
Salinetas,Las Palmas,Telde,Sí,Sí,Sí,Sí,350 metros,-1711859.9975,3246792.8304,Alto,Semiurbana
Agua Dulce,Las Palmas,Telde,No,No,No,No,140 metros,-1712227.3518,3245960.8804,Bajo,Aislada
Tufia,Las Palmas,Telde,No,No,No,No,40 metros,-1712060.3726,3244234.1163,Medio,Semiurbana
Ojos de Garza,Las Palmas,Telde,No,No,No,No,450 metros,-1712149.4281,3242620.9874,Medio,Semiurbana
Caleta de Fuste,Las Palmas,Antigua,Sí,No,Sí,No,700 metros,-1542687.7673,3298904.1108,Medio,Semiurbana
El Muellito,Las Palmas,Antigua,No,No, ,No,180 metros,-1544212.8443,3295146.27,Bajo,Semiurbana
Pozo Negro,Las Palmas,Antigua,No,No, ,No,310 metros,-1546806.5885,3289909.8219,Bajo,Semiurbana
Corralejo,Las Palmas,La Oliva,Sí,No,Sí,No,195 metros,-1543711.9066,3342404.8595,Medio,Urbana
La Barra,Las Palmas,La Oliva,No,No, ,No,60 metros,-1560365.3024,3336743.7524,Bajo,Aislada
El Islote,Las Palmas,La Oliva,No,No,No,No,75 metros,-1560409.8302,3337682.8722,Bajo,Aislada
El Río,Las Palmas,La Oliva,No,No,No,No,390 metros,-1560510.0178,3338177.8405,Bajo,Aislada
Los Charcos III,Las Palmas,La Oliva,No,No,No,No,210 metros,-1559196.4478,3338850.5192,Bajo,Aislada
Los Charcos II,Las Palmas,La Oliva,No,No,No,No,290 metros,-1559007.2047,3338926.6737,Bajo,Aislada
Los Charcos I,Las Palmas,La Oliva,No,No,No,No,100 metros,-1559018.3366,3339129.7544,Bajo,Aislada
El Charcón,Las Palmas,La Oliva,No,No,No,No,325 metros,-1558250.2321,3340030.9624,Bajo,Aislada
Beatriz,Las Palmas,La Oliva,No,No,No,No,200 metros,-1556268.7452,3341008.398,Bajo,Aislada
Punta Blanca,Las Palmas,La Oliva,No,No,No,No,90 metros,-1555133.2864,3341541.575,Bajo,Aislada
El Majanicho,Las Palmas,La Oliva,No,No, ,No,150 metros,-1551482.0071,3342455.6427,Bajo,Aislada
La Goleta,Las Palmas,La Oliva,Sí,No,Sí,No,150 metros,-1543622.851,3341808.1716,Alto,Urbana
Punta Prieta,Las Palmas,La Oliva,No,No, ,No,600 metros,-1542409.4686,3341313.068,Bajo,Urbana
Puerto Remedios,Las Palmas,La Oliva,No,No, ,No,700 metros,-1541730.4197,3340970.3147,Bajo,Semiurbana
Medano,Las Palmas,La Oliva,No,No,No,No,700 metros,-1541040.2388,3340932.2316,Bajo,Aislada
El Caserón,Las Palmas,La Oliva,Sí,Sí,Sí,No,300 metros,-1540416.8497,3338431.6775,Alto,Aislada
El Bajo Negro,Las Palmas,La Oliva,No,No, ,No,500 metros,-1540149.6829,3337746.3287,Medio,Aislada
Larga,Las Palmas,La Oliva,No,No, ,No,800 metros,-1539849.1203,3337251.3765,Bajo,Aislada
Los Martos,Las Palmas,La Oliva,No,No, ,No,900 metros,-1539693.273,3336477.2575,Bajo,Aislada
El Dormidero,Las Palmas,La Oliva,No,No, ,No,440 metros,-1539726.6689,3336223.4579,Bajo,Aislada
El Moro,Las Palmas,La Oliva,No,No, ,No,560 metros,-1539771.1967,3335842.7674,Bajo,Aislada
El Rosadero,Las Palmas,La Oliva,No,No, ,No,450 metros,-1539726.6689,3335017.9756,Bajo,Aislada
Alzada,Las Palmas,La Oliva,No,No,Sí,No,840 metros,-1539849.1203,3333888.7282,Bajo,Aislada
Calas del Puertito,Las Palmas,La Oliva,No,No, ,No,140 metros,-1539147.8075,3342861.9152,Medio,Aislada
La Lajita,Las Palmas,Pájara,No,No, ,No,915 metros,-1575538.149,3271901.3765,Bajo,Semiurbana
Matas Blancas,Las Palmas,Pájara,No,No,No,No,1.500 metros,-1578744.1504,3271029.9988,Bajo,Aislada
Sotavento,Las Palmas,Pájara,No,Sí,Sí,Sí,1.100 metros,-1583586.5482,3268946.4972,Bajo,Semiurbana
Butihondo,Las Palmas,Pájara,Sí,Sí,Sí,Sí,1.500 metros,-1592926.2535,3257007.2785,Bajo,Semiurbana
Honda,Las Palmas,San Bartolomé,Sí,No,Sí,No,1.900 metros,-1512653.7687,3369461.7968,Alto,Urbana
La Caleta del Caballo,Las Palmas,Teguise,No,No,No,No,500 metros,-1518353.3266,3390507.7313,Medio,Urbana
San Juan,Las Palmas,Teguise,No,No,No,No,100 metros,-1511173.2195,3391629.0904,Bajo,Aislada
Las Palomas,Las Palmas,Teguise,No,No,No,No,70 metros,-1510794.7332,3391208.5695,Bajo,Aislada
El Perejil,Las Palmas,Teguise,No,No,No,No,100 metros,-1510572.0942,3391042.9134,Bajo,Aislada
Bajo Raso,Las Palmas,Teguise,No,No,Sí,No,80 metros,-1510438.5108,3390953.7149,Medio,Semiurbana
Caleta de Famara,Las Palmas,Teguise,No,No,No,No,190 metros,-1509091.545,3390405.7943,Alto,Urbana
Famara,Las Palmas,Teguise,No,No,No,No,2.800 metros,-1507432.8846,3391195.8266,Medio,Semiurbana
El Valle de la Casa,Las Palmas,Yaiza,No,No,No,No,160 metros,-1530164.3246,3361754.6498,bajo,Aislada
El Parrado,Las Palmas,Yaiza,No,No,No,No,700 metros,-1530609.6026,3360686.6876,bajo,Aislada
La Fuentecita,Las Palmas,Yaiza,No,No,No,No,110 metros,-1531266.3876,3359288.2962,bajo,Aislada
Puerto Muelas,Las Palmas,Yaiza,Sí,Sí,No,No,130 metros,-1534138.4304,3355805.6739,Alto,Aislada
Morro Jable,Las Palmas,Pájara,No,No,Sí,Sí,4.325 metros,-1595475.4698,3254547.5421,Medio,Urbana
Las Coloradas,Las Palmas,Pájara,No,No, ,No,230 metros,-1598770.5268,3255480.928,Bajo,Aislada
Morro de Potala,Las Palmas,Pájara,No,No, ,No,300 metros,-1614132.6165,3258079.611,Bajo,Aislada
El Puertito,Las Palmas,Pájara,No,No, ,No,545 metros,-1615045.4363,3257284.8153,Bajo,Semiurbana
El Cofete,Las Palmas,Pájara,No,No, ,No,13.700 metros,-1599527.4993,3263909.5383,Bajo,Aislada
El Viejo Rey,Las Palmas,Pájara,No,No, ,No,800 metros,-1582206.1865,3278773.34,Bajo,Aislada
La Pared,Las Palmas,Pájara,No,No, ,No,250 metros,-1582172.7907,3279607.3091,Bajo,Aislada
Ugan,Las Palmas,Pájara,No,No,No,No,300 metros,-1581716.3808,3283348.1689,Bajo,Aislada
La Solapa,Las Palmas,Pájara,No,No,No,No,425 metros,-1577007.5663,3294956.508,Bajo,Aislada
Ajuy,Las Palmas,Pájara,No,No, ,No,270 metros,-1575905.5034,3299726.6743,Medio,Aislada
Tarajalejo,Las Palmas,Pájara,No,No, ,No,1.370 metros,-1572610.4464,3272861.22,Medio,Semiurbana
Blanca,Las Palmas,Puerto del Rosario,Sí,Sí,Sí,Sí,875 metros,-1543589.4552,3309221.4458,Medio,Aislada
Puerto Escondido,Las Palmas,Puerto del Rosario,No,No, ,No,200 metros,-1543199.837,3304118.7519,Bajo,Aislada
Carrión,Las Palmas,Puerto del Rosario,No,No, ,No,305 metros,-1542543.052,3302637.6888,Bajo,Aislada
El Puertito,Las Palmas,Puerto del Rosario,No,No, ,No,200 metros,-1565541.6588,3317620.4391,Medio,Aislada
Janubio,Las Palmas,Puerto del Rosario,No,No,No,No,230 metros,-1563894.1303,3321257.8413,Bajo,Aislada
El Aljibe,Las Palmas,La Oliva,No,No,No,No,1.210 metros,-1559463.6146,3334079.0441,Bajo,Aislada
El Castillo,Las Palmas,La Oliva,No,No,No,No,190 metros,-1559430.2187,3334611.943,Bajo,Aislada
Marfolín,Las Palmas,La Oliva,No,Sí,Sí,No,950 metros,-1559920.0245,3336401.1171,Bajo,Semiurbana
Chica,Las Palmas,La Oliva,Sí,Sí,Sí,No,200 metros,-1560309.6427,3336705.6814,Medio,Aislada
Las Playitas,Las Palmas,Tuineje,No,No, ,No,700 metros,-1557014.5858,3277775.1722,Medio,Semiurbana
Gran Tarajal,Las Palmas,Tuineje,Sí,Sí,Sí,No,560 metros,-1560643.6012,3275640.099,Medio,Urbana
Giniginamar,Las Palmas,Tuineje,No,No, ,No,550 metros,-1566732.7773,3274402.1641,Medio,Semiurbana
El Castillo,Las Palmas,Arrecife,No,No,Sí,No,30 metros,-1508145.3293,3370136.0685,Bajo,Urbana
El Reducto,Las Palmas,Arrecife,Sí,Sí,Sí,Sí,470 metros,-1509369.8437,3370352.3517,Alto,Urbana
El Cable,Las Palmas,Arrecife,No,No,No,No,315 metros,-1511084.1639,3369932.5112,Bajo,Semiurbana
La Concha,Las Palmas,Arrecife,No,No,No,No,250 metros,-1511919.0601,3369805.2894,Medio,Urbana
El Embarcadero,Las Palmas,Haría,No,No,No,No,180 metros,-1503225.0078,3401445.0806,Bajo,Aislada
El Risco,Las Palmas,Haría,No,No,No,No,845 metros,-1502412.3755,3402835.2122,Bajo,Aislada
La Cantería,Las Palmas,Haría,No,No,No,No,300 metros,-1498582.9851,3404251.0028,Bajo,Aislada
Caletón Blanco,Las Palmas,Haría,No,No,No,No,250 metros,-1496401.123,3403205.0887,Alto,Aislada
Caleta González,Las Palmas,Haría,No,No,No,No,140 metros,-1495421.5115,3402363.3161,Bajo,Aislada
El Banquito,Las Palmas,Haría,No,No,No,No,75 metros,-1495154.3447,3402350.5624,Bajo,Aislada
Caleta del Mojón,Las Palmas,Haría,No,No,No,No,200 metros,-1494898.3099,3402223.026,Bajo,Aislada
La Caleta,Las Palmas,Haría,No,No,No,No,45 metros,-1494096.8096,3400628.9255,Bajo,Aislada
Caleta de las Escamas,Las Palmas,Haría,No,No,No,No,40 metros,-1494620.0112,3397658.0407,Bajo,Aislada
Caleta del Guincho,Las Palmas,Haría,No,No,No,No,70 metros,-1494764.7265,3397148.0854,Bajo,Aislada
Caleta de José María,Las Palmas,Haría,No,No,No,No,180 metros,-1495966.977,3394955.504,Bajo,Aislada
Los Caletones,Las Palmas,Haría,No,No,No,No,125 metros,-1496367.7272,3394675.0841,Bajo,Aislada
Las Sebas,Las Palmas,Haría,No,No,No,No,75 metros,-1496779.6093,3394127.0078,Medio,Urbana
Caleta del Espino,Las Palmas,Haría,No,No,No,No,55 metros,-1497213.7553,3393986.806,Medio,Urbana
Caleta del Campo,Las Palmas,Haría,No,No,No,No,50 metros,-1497881.6723,3393209.3502,Bajo,Semiurbana
El Charcón,Las Palmas,Haría,No,No,No,No,15 metros,-1498293.5544,3392508.405,Medio,Semiurbana
La Garita,Las Palmas,Haría,No,No,No,No,810 metros,-1498839.0199,3392024.1375,Medio,Semiurbana
De Seifio,Las Palmas,Haría,No,No,No,No,60 metros,-1497224.8873,3387908.5859,Bajo,Aislada
Charco del Palo (Charca natural),Las Palmas,Teguise,No,No,No,No,40 metros,-1497480.9221,3385908.6139,Medio,Semiurbana
La Charca,Las Palmas,Teguise,No,No,No,No,40 metros,-1498360.3461,3383781.5896,Medio,Semiurbana
Tío Joaquín,Las Palmas,Teguise,No,No,No,No,335 metros,-1498861.2838,3382902.8599,Bajo,Aislada
Tía Vicenta,Las Palmas,Teguise,No,No,No,No,405 metros,-1498972.6033,3382266.1359,Bajo,Aislada
Los Charcos,Las Palmas,Teguise,Sí,No,Sí,No,450 metros,-1500842.7707,3375862.4085,Alto,Urbana
Las Cucharas,Las Palmas,Teguise,Sí,Sí,Sí,Sí,640 metros,-1501399.3682,3375556.9408,Alto,Urbana
El Jablillo,Las Palmas,Teguise,Sí,No,Sí,Sí,350 metros,-1501633.1391,3374780.5757,Alto,Urbana
El Bastián,Las Palmas,Teguise,Sí,Sí,Sí,No,375 metros,-1502345.5838,3374691.4875,Alto,Urbana
El Ancla,Las Palmas,Teguise,No,No,No,No,150 metros,-1503759.3414,3373876.9952,Alto,Semiurbana
Ensenada de las Caletas,Las Palmas,Teguise,No,No,No,No,400 metros,-1504583.1056,3373253.4336,Bajo,Semiurbana
Barlovento,Las Palmas,Teguise,No,No,No,No,220 metros,-1505340.0782,3372731.7007,Bajo,Semiurbana
Los Charcos (artificial),Las Palmas,Teguise,Sí,Sí,Sí,No,215 metros,-1500553.34,3376066.0576,Medio,Urbana
La Laja,Las Palmas,Teguise,No,No,No,No,150 metros,-1503425.3829,3404429.5819,Alto,Semiurbana
El Salado,Las Palmas,Teguise,Sí,Sí,No,No,1.800 metros,-1504905.9321,3404429.5819,Medio,Aislada
Francesa,Las Palmas,Teguise,No,No,No,No,700 metros,-1505818.752,3403728.0353,Bajo,Aislada
Lambra,Las Palmas,Teguise,No,No,No,No,600 metros,-1502200.8685,3411191.8728,Bajo,Aislada
Pedro Barba,Las Palmas,Teguise,No,No,No,No,115 metros,-1500686.9234,3408945.8932,Bajo,Semiurbana
Morros Negros,Las Palmas,Teguise,No,No,No,No,45 metros,-1501365.9723,3408295.1419,Bajo,Aislada
Barranco de los Conejos,Las Palmas,Teguise,No,No,No,No,20 metros,-1501577.4794,3407925.1213,Bajo,Aislada
Caleta de Arriba,Las Palmas,Teguise,No,No,No,No,55 metros,-1502000.4934,3406725.8162,Bajo,Aislada
Caleta del Puerto,Las Palmas,Teguise,No,No,No,No,100 metros,-1502846.5216,3405399.0538,Medio,Urbana
Isla de la Alegranza,Las Palmas,Teguise,No,No,No,No,215 metros,-1503859.5289,3424841.9695,Bajo,Aislada
Guacimeta,Las Palmas,Tías,No,No,Sí,No,1.050 metros,-1514546.2,3368278.7242,Medio,Semiurbana
Lima,Las Palmas,Tías,No,No,Sí,No,900 metros,-1515470.1518,3367159.3554,Medio,Semiurbana
Matagorda,Las Palmas,Tías,Sí,Sí,Sí,Sí,840 metros,-1516527.687,3366752.3357,Alto,Urbana
Los Pocillos,Las Palmas,Tías,Sí,Sí,Sí,Sí,1.230 metros,-1518242.0071,3365836.5875,Alto,Urbana
La Peña Grande,Las Palmas,Tías,Sí,No,Sí,No,450 metros,-1518553.7017,3365505.9162,Medio,Urbana
El Barranquillo,Las Palmas,Tías,No,No,No,No,75 metros,-1518898.7921,3365416.8908,Medio,Urbana
La Peña del Dice,Las Palmas,Tías,No,No,No,No,100 metros,-1519399.7298,3365442.3266,Medio,Urbana
El Caletón de Enmedio,Las Palmas,Tías,No,No,No,No,200 metros,-1519744.8203,3365340.5837,Bajo,Urbana
Blanca,Las Palmas,Tías,Sí,Sí,Sí,Sí,1.190 metros,-1520746.6957,3365480.4803,Alto,Urbana
Los Fariones,Las Palmas,Tías,No,No,No,No,60 metros,-1521425.7446,3365391.455,Medio,Urbana
Pila de la Barrilla,Las Palmas,Tías,Sí,Sí,Sí,Sí,90 metros,-1521525.9321,3365340.5837,Medio,Urbana
La Madera,Las Palmas,Tinajo,No,No,No,No,85 metros,-1533381.4579,3383552.3501,Bajo,Aislada
Las Malvas,Las Palmas,Tinajo,No,No,No,No,180 metros,-1532557.6936,3383756.1184,Bajo,Aislada
Teneza,Las Palmas,Tinajo,No,No,No,No,90 metros,-1526847.0038,3385997.7781,Bajo,Semiurbana
La Ría de la Santa,Las Palmas,Tinajo,No,No,No,No,940 metros,-1519945.1953,3390405.7943,Medio,Semiurbana
La Boca de Abajo,Las Palmas,Tinajo,No,No,No,No,200 metros,-1519767.0842,3391068.3988,Bajo,Semiurbana
Quemada,Las Palmas,Yaiza,No,No,No,No,310 metros,-1528950.9421,3363839.968,Bajo,Semiurbana
La Arena,Las Palmas,Yaiza,No,No,No,No,330 metros,-1529429.616,3363522.0628,Bajo,Aislada
El Pozo,Las Palmas,Yaiza,No,No,No,No,345 metros,-1529886.0259,3362771.837,Bajo,Aislada
Caleta del Congrio,Las Palmas,Yaiza,No,No,No,No,280 metros,-1534572.5764,3355373.5877,Alto,Aislada
El Papagayo,Las Palmas,Yaiza,No,No,No,No,120 metros,-1534884.271,3355602.3374,Alto,Aislada
La Cera,Las Palmas,Yaiza,No,No,No,No,157 metros,-1534939.9308,3355869.2172,Alto,Aislada
La Cruz,Las Palmas,Yaiza,No,No,No,No,320 metros,-1535073.5141,3356301.3196,Alto,Aislada
Caletón de San Marcial,Las Palmas,Yaiza,No,No,No,No,35 metros,-1535229.3614,3356580.9228,Alto,Aislada
Caletón del Cobre,Las Palmas,Yaiza,No,No,No,No,52 metros,-1535273.8892,3356695.3077,Alto,Aislada
Regueira,Pontevedra,Moaña,No,No,No,No,100 metros,-974746.8572,5200457.3456,Bajo,Semiurbana
Ribeiriña pequena,Pontevedra,Moaña,No,No,No,No,40 metros,-973967.6208,5201284.683,Bajo,Aislada
Da Mona,Pontevedra,Moaña,No,No,No,No,60 metros,-973911.961100001,5201329.8125,Medio,Semiurbana
Rio da Ribeira,Pontevedra,Moaña,Sí,No,No,No,130 metros,-973644.794300001,5201435.1157,Bajo,Semiurbana
Ensenada do Con,Pontevedra,Moaña,No,No,No,No,110 metros,-972965.7454,5201781.12,Bajo,Urbana
Arnaldo,Pontevedra,Moaña,Sí,No,Sí,No,200 metros,-970950.862599999,5203812.2697,Medio,Urbana
Do Cocho,Pontevedra,Moaña,Sí,No,Sí,No,100 metros,-969893.327399999,5202894.4371,Bajo,Semiurbana
Do Latón,Pontevedra,Moaña,Sí,No,No,No,50 metros,-969080.6952,5202954.6201,Bajo,Semiurbana
Sobreira,Pontevedra,Moaña,Sí,No,No,No,80 metros,-966175.2564,5203992.8374,Medio,Urbana
Do Almacén,Pontevedra,Moaña,No,No,No,No,80 metros,-965963.749400001,5204579.7062,Medio,Urbana
Mujeres,Las Palmas,Yaiza,No,No,No,No,395 metros,-1535429.7365,3357000.3387,Alto,Aislada
Las Coloradas,Las Palmas,Yaiza,No,No,Sí,No,410 metros,-1536286.8966,3357661.2635,Alto,Urbana
Dorada,Las Palmas,Yaiza,Sí,Sí,Sí,No,350 metros,-1538813.849,3358131.5571,Alto,Urbana
Blanca,Las Palmas,Yaiza,Sí,No,Sí,Sí,130 metros,-1539370.4465,3358169.6897,Alto,Urbana
Flamingo,Las Palmas,Yaiza,Sí,Sí,Sí,No,250 metros,-1540884.3916,3357585.0013,Alto,Urbana
La Mulata,Las Palmas,Yaiza,No,No,No,No,80 metros,-1541385.3293,3357940.8955,Alto,Urbana
La Campana,Las Palmas,Yaiza,No,No,No,No,140 metros,-1542242.4893,3358093.4246,Alto,Urbana
Montaña Roja,Las Palmas,Yaiza,No,No,No,No,260 metros,-1542865.8785,3357991.7383,Alto,Urbana
Janubio,Las Palmas,Yaiza,No,No,No,No,820 metros,-1539671.0091,3367566.3876,bajo,Aislada
Montaña Bermeja,Las Palmas,Yaiza,No,No,No,No,455 metros,-1539659.8772,3370377.797,Bajo,Aislada
Do Salgueirón,Pontevedra,Cangas,No,No,No,No,150 metros,-978297.949000001,5199299.1945,Bajo,Urbana
Xan da Garda,Pontevedra,Cangas,No,No,No,No,100 metros,-975270.058800001,5200036.1833,Bajo,Semiurbana
Sobreira,Pontevedra,Vigo,No,No,Sí,No,180 metros,-980613.394400001,5189498.1744,Medio,Semiurbana
Nosa Señora,Pontevedra,Vigo,No,No,No,No,130 metros,-991044.030699998,5193390.3128,Bajo,Aislada
La Calita,Pontevedra,Nigrán,No,No,No,No,130 metros,-981693.193500001,5185187.1264,Bajo,Semiurbana
Seixos Negros,Pontevedra,Nigrán,No,No,No,No,30 metros,-983763.736000001,5183220.0159,Bajo,Semiurbana
Do Cabalo,Pontevedra,Nigrán,No,No,No,No,80 metros,-982260.922899999,5179782.3039,Bajo,Semiurbana
Castaño,Pontevedra,Nigrán,No,No,No,No,99 metros,-982539.2216,5179136.9333,Bajo,Aislada
De la Marina,Pontevedra,Tui,Sí,No,No,No,65 metros,-961878.324099999,5168022.4181,Bajo,Urbana
El Cándano,Cantabria,Arnuero,Sí,No,No,No,30 metros,-394482.879500002,5387514.5641,Bajo,Urbana
Platja dels Pinets,Tarragona,L'Ampolla,No,No,No,No,40 metros,78480.2410000004,4984121.652,Alto,Urbana
Hondartzape,Bizkaia,Mundaka,Sí,No,No,No,27 metros,-300740.736299999,5375154.7047,Bajo,Aislada
Charco de los Clicos,Las Palmas,Yaiza,No,No,No,No,500 metros,-1539448.3701,3372515.3785,Alto,Aislada
El Golfo,Las Palmas,Yaiza,No,No,No,No,600 metros,-1539671.0091,3373202.5319,Bajo,Aislada
Paso,Las Palmas,Yaiza,No,No,No,No,120 metros,-1539593.0855,3375289.6624,Bajo,Aislada
San Miguel,Almería,El Ejido,Sí,Sí,Sí,Sí,2.200 metros,-314321.714200001,4398191.9388,Medio,Urbana
Punta Entinas Sabinar,Almería,El Ejido,No,No,No,No,6.500 metros,-304725.974100001,4395165.3975,Bajo,Aislada
Platja de l'Estació,Barcelona,Badalona,Sí,Sí,Sí,No,355 metros,250402.062600002,5078187.4549,Alto,Urbana
Platja dels Patins de Vela,Barcelona,Badalona,Sí,Sí,No,No,120 metros,250557.909899998,5078380.5155,Alto,Urbana
Platja dels Pescadors,Barcelona,Badalona,No,No,Sí,No,470 metros,250658.097399998,5078543.8774,Alto,Urbana
Platja del Pont d'en Botifarreta,Barcelona,Badalona,Sí,Sí,Sí,No,625 metros,251236.958799999,5079271.6145,Alto,Urbana
Platja del Cristall,Barcelona,Badalona,Sí,Sí,Sí,Sí,300 metros,251593.1811,5079628.0771,Alto,Urbana
Platja de la Barca Maria,Barcelona,Badalona,Sí,No,Sí,No,660 metros,251971.667399999,5079999.4064,Alto,Urbana
Cala de les Llanetes,Castellón/Castelló,Vinaròs,Sí,No,No,No,150 metros,56483.5095999986,4940406.4415,Medio,Urbana
Cala de les Timbes,Castellón/Castelló,Vinaròs,Sí,No,No,No,50 metros,56561.4332999997,4940552.8604,Medio,Urbana
Treumal,Girona,Blanes,Sí,No,No,No,115 metros,313520.2139,5114103.9201,Alto,Semiurbana
D'en Carbassó,Girona,Colera,No,No,No,No,40 metros,352248.264699999,5221192.6332,Bajo,Aislada
Cala Montgó,Girona,L'Escala,Sí,Sí,Sí,No,210 metros,352771.4663,5177231.0942,Alto,Urbana
Cala Illa Mateua,Girona,L'Escala,No,No,No,No,170 metros,352337.320300002,5177921.354,Medio,Semiurbana
Moll Grec,Girona,L'Escala,Sí,Sí,No,No,500 metros,347294.547400001,5181598.582,Medio,Semiurbana
Salmoriera,Asturias,Colunga,Sí,No,No,No,50 metros,-581087.741900001,5384722.1877,Medio,Semiurbana
Huelgues,Asturias,Carreño,Sí,Sí,Sí,No,120 metros,-640142.731800001,5401089.5226,Medio,Semiurbana
Sancidiello,Asturias,Cudillero,No,No,No,No,170 metros,-693531.559599999,5401873.301,Bajo,Aislada
Gradas,Asturias,Cudillero,No,No,No,No,380 metros,-694099.289000001,5402242.1609,Bajo,Aislada
Pumarín,Asturias,Cudillero,No,No,No,No,220 metros,-703216.355300002,5398001.1598,Bajo,Aislada
El Aguaduz,Asturias,Cudillero,No,No,No,No,250 metros,-705186.710299999,5397371.3218,Bajo,Aislada
El Serrón,Asturias,Valdés,No,No,No,No,400 metros,-719580.3204,5398892.2234,Bajo,Aislada
La Losera,Asturias,Navia,No,No,No,No,50 metros,-740998.190499999,5398462.044,Bajo,Aislada
Coedo,Asturias,Navia,No,No,No,No,50 metros,-745707.004900001,5397586.3836,Bajo,Aislada
Monellos,Asturias,El Franco,No,No,No,No,80 metros,-762761.150899999,5397985.7974,Bajo,Aislada
Sartaxéns,Pontevedra,Cangas,No,No,No,No,150 metros,-981882.4366,5205001.0703,Bajo,Semiurbana
Do Atranco,Pontevedra,Cangas,No,No,No,No,50 metros,-985299.945,5206265.2751,Bajo,Aislada
Das Patas,Pontevedra,Cangas,No,No,No,No,50 metros,-983184.874600001,5199013.4387,Bajo,Aislada
Das Moscas,Pontevedra,Cangas,No,No,No,No,60 metros,-982116.2075,5199088.6367,Bajo,Aislada
Do Medio,Pontevedra,Cangas,No,No,No,No,120 metros,-978732.094999999,5198201.3376,Bajo,Semiurbana
Massó,Pontevedra,Cangas,No,No,No,No,90 metros,-978242.2892,5198938.2412,Bajo,Urbana
Fontexelo,Pontevedra,Moaña,Sí,No,Sí,No,100 metros,-965618.659000002,5204730.1913,Medio,Urbana
Queixeira,Pontevedra,Moaña,No,No,No,No,50 metros,-965440.547800001,5204700.0941,Medio,Urbana
Do Mouro,Pontevedra,Moaña,No,No,No,No,80 metros,-965217.908799998,5204669.997,Medio,Urbana
O Couto,Pontevedra,Cambados,No,No,No,No,120 metros,-981960.360199999,5231147.2458,Bajo,Aislada
Pereiro,Pontevedra,Cambados,No,No,No,No,400 metros,-982116.2075,5231464.1557,Bajo,Aislada
O Facho,Pontevedra,Cambados,No,No,No,No,50 metros,-982939.971799999,5233954.5318,Bajo,Semiurbana
Pradeira,Pontevedra,Cambados,No,No,No,No,49 metros,-982895.443999998,5234045.1033,Bajo,Aislada
Con de Xido,Pontevedra,Cambados,No,No,No,No,253 metros,-982594.881299999,5234618.743,Bajo,Aislada
O Correlo,Pontevedra,Cambados,No,No,No,No,54 metros,-982450.166000001,5235086.738,Bajo,Aislada
Araugues,Pontevedra,Cambados,No,No,No,No,100 metros,-981481.6864,5238348.2509,Bajo,Semiurbana
Do Pombal,Pontevedra,Cambados,No,Sí,No,No,50 metros,-981515.0823,5239088.2879,Bajo,Urbana
Peralto,Pontevedra,O Grove,Sí,Sí,No,No,150 metros,-986290.6884,5235373.5852,Bajo,Urbana
Ca'n Cuarassa,Illes Balears,Pollença,No,No,No,No,1.400 metros,343153.462299999,4848127.8372,Medio,Aislada
Es Caló,Illes Balears,Pollença,No,No,No,No,50 metros,346270.408100002,4853090.0225,Bajo,Aislada
Cala Binidali,Illes Balears,Maó,No,No,No,No,15 metros,467308.090399999,4841892.3425,Medio,Semiurbana
Cala Canutells,Illes Balears,Maó,No,No,No,No,50 metros,464001.901500002,4844516.5746,Medio,Semiurbana
Areas de Reboredo,Pontevedra,O Grove,Sí,Sí,Sí,No,200 metros,-990966.107000001,5232882.8349,Alto,Aislada
Pedra Alta,Pontevedra,Poio,Sí,No,Sí,No,70 metros,-965273.568599999,5224509.6729,Bajo,Urbana
Do Caeiro,Pontevedra,Poio,No,No,No,No,65 metros,-972175.377,5223393.8115,Medio,Semiurbana
Serpe-A Seca,Pontevedra,Poio,No,No,Sí,No,50 metros,-967911.840500001,5226771.9582,Bajo,Semiurbana
Ostreira,Pontevedra,Poio,No,No,Sí,No,60 metros,-967332.9791,5226847.377,Bajo,Semiurbana
Os Namorados,Pontevedra,Marín,No,No,No,No,80 metros,-971574.251699999,5217846.6174,Medio,Semiurbana
A Coviña,Pontevedra,Marín,No,No,No,Sí,75 metros,-974245.919500001,5212920.1803,Medio,Semiurbana
A Roiba,Pontevedra,Bueu,No,No,Sí,No,60 metros,-979544.727299999,5211459.3142,Bajo,Semiurbana
Cunchosa,Pontevedra,Bueu,No,No,No,No,50 metros,-982004.888,5208222.1149,Bajo,Aislada
La Calera,Pontevedra,Vilaboa,No,No,No,No,50 metros,-963581.5123,5205136.5128,Bajo,Semiurbana
Do Estralo,Pontevedra,Vilaboa,No,No,No,No,130 metros,-963848.679099999,5207153.3292,Medio,Semiurbana
Pazos,Pontevedra,Vilaboa,No,No,No,No,30 metros,-963626.040100001,5208929.6872,Bajo,Semiurbana
Punta Cabalo,Pontevedra,Vilaboa,No,No,No,No,30 metros,-961444.178100001,5210179.359,Bajo,Aislada
Areeiro,Pontevedra,Vilaboa,Sí,No,Sí,No,230 metros,-959740.9899,5213387.1026,Bajo,Semiurbana
Placeres,Pontevedra,Pontevedra,Sí,No,No,No,50 metros,-966754.117800001,5221916.2518,Bajo,Semiurbana
O Cabo,Pontevedra,Pontevedra,No,No,No,No,75 metros,-966587.138599999,5222112.2413,Bajo,Semiurbana
Comboa,Pontevedra,Soutomaior,Sí,No,No,No,80 metros,-954175.015299998,5212513.5248,Bajo,Semiurbana
Candán,Pontevedra,Soutomaior,No,No,No,No,100 metros,-955087.835200001,5212935.242,Bajo,Semiurbana
A Xunqueira,Pontevedra,Soutomaior,Sí,Sí,No,No,200 metros,-953384.646899998,5212603.8912,Bajo,Semiurbana
Soutoxusto,Pontevedra,Redondela,Sí,No,No,No,100 metros,-958906.093699999,5209682.4818,Bajo,Aislada
Antoñito,Pontevedra,Redondela,No,No,No,No,40 metros,-959139.864599999,5209351.2448,Bajo,Aislada
Vella,Pontevedra,Redondela,No,No,No,No,60 metros,-959295.7119,5204895.7276,Bajo,Aislada
Cabanas,Pontevedra,Redondela,No,No,No,No,100 metros,-964360.7487,5203195.356,Medio,Semiurbana
Mende,Pontevedra,Vigo,No,No,Sí,No,90 metros,-966353.367600001,5200532.5551,Medio,Aislada
Ríos de Fora,Pontevedra,Vigo,Sí,No,No,No,86 metros,-967811.653000001,5199645.1209,Bajo,Urbana
A Lagoa,Pontevedra,Vigo,Sí,No,No,No,40 metros,-969080.6952,5199299.1945,Bajo,Semiurbana
Manquiña,Pontevedra,Vigo,Sí,No,No,No,40 metros,-969047.2993,5199013.4387,Bajo,Semiurbana
O Cocho,Pontevedra,Vigo,Sí,No,Sí,No,130 metros,-976194.010600001,5194607.8729,Medio,Semiurbana
Espedrigada,Pontevedra,Vigo,Sí,Sí,Sí,No,80 metros,-977040.038699999,5193886.337,Medio,Semiurbana
Do Cocho das Dornas,Pontevedra,Vigo,Sí,Sí,Sí,No,50 metros,-977084.566500001,5193736.0239,Medio,Semiurbana
De Argazada,Pontevedra,Vigo,Sí,Sí,Sí,Sí,450 metros,-976973.247000001,5193570.6822,Alto,Semiurbana
Baluarte,Pontevedra,Vigo,Sí,Sí,Sí,No,150 metros,-978375.8726,5190865.5007,Medio,Semiurbana
Cala Almadraba,Alicante/Alacant,Benidorm,No,No,No,No,100 metros,-11855.5258000009,4654384.9862,Bajo,Aislada
Playa del Río,Alicante/Alacant,Pilar de la Horadada,No,Sí,Sí,No,200 metros,-83856.9723999985,4562403.0581,Alto,Urbana
Playa del Hierro,Las Palmas,La Oliva,No,No,No,No,850 metros,-1552684.2576,3342811.1305,Bajo,Aislada
Playa de los mallorquines,Las Palmas,La Oliva,No,No,No,No,210 metros,-1560576.8095,3331186.5369,Bajo,Aislada
Playa del Aguila,Las Palmas,La Oliva,No,No,No,No,600 metros,-1560888.5041,3330793.306,Bajo,Aislada
Playa de Esquinzo,Las Palmas,La Oliva,No,No,No,No,300 metros,-1561389.4418,3329321.9644,Bajo,Aislada
Las Arenas,Bizkaia,Getxo,Sí,Sí,Sí,No,240 metros,-335928.827399999,5361785.9563,Alto,Urbana
Ereaga,Bizkaia,Getxo,Sí,Sí,Sí,Sí,880 metros,-335316.5702,5364571.4394,Alto,Urbana
Arrigunaga,Bizkaia,Getxo,Sí,Sí,Sí,Sí,628 metros,-336084.674699999,5366194.1386,Alto,Urbana
Benítez (segundo tramo),Ceuta,Ceuta,No,No,No,No,300 metros,-594535.136399999,4286677.8435,Alto,Semiurbana
Playa Santa Catalina,Ceuta,Ceuta,No,No,No,No,150 metros,-589058.217500001,4287337.4889,Bajo,Aislada
Juan XIII,Ceuta,Ceuta,No,No,No,No,50 metros,-593143.6428,4283929.7511,Medio,Urbana
Almadraba,Ceuta,Ceuta,No,No,No,No,100 metros,-594590.7962,4283393.9539,Bajo,Urbana
Trápana,Melilla,Melilla,No,No,No,No,60 metros,-326533.462299999,4204002.1654,Bajo,Aislada
Ensenada de los Galápagos,Melilla,Melilla,No,Sí,No,Sí,200 metros,-326689.309599999,4203961.2487,Medio,Urbana
Alcazaba,Melilla,Melilla,Sí,Sí,Sí,No,200 metros,-326845.1569,4204411.34,Medio,Urbana
Playa de San Gabriel,Alicante/Alacant,Alacant/Alicante,No,No,No,No,240 metros,-56561.4332999997,4625907.9678,Medio,Urbana
Cala Rafalino,Illes Balears,Manacor,No,No,No,No,30 metros,374812.725499999,4801629.6342,Medio,Aislada
Es Rajoli,Illes Balears,Son Servera,No,No,No,No,70 metros,379799.8387,4813259.2015,Medio,Urbana
Cala Lliteras,Illes Balears,Capdepera,No,No, ,No,10 metros,385287.889600001,4825350.9511,Bajo,Urbana
Cavalleria,Illes Balears,Es Mercadal,No,Sí,No,No,450 metros,453638.056899998,4874606.9725,Alto,Aislada
Cala Viola de Ponent,Illes Balears,Es Mercadal,No,No,No,No,30 metros,455385.7729,4877021.6421,Medio,Aislada
Cala Mitjana,Illes Balears,Ferreries,No,No,No,No,90 metros,442194.4133,4856355.9693,Alto,Aislada
Cala Trebaluger,Illes Balears,Es Migjorn Gran,No,No,No,No,140 metros,444053.448800001,4855920.4477,Bajo,Aislada
Binigaus,Illes Balears,Es Migjorn Gran,No,No,No,No,1.040 metros,448016.422600001,4854410.7873,Medio,Aislada
Cala Morell,Illes Balears,Ciutadella de Menorca,No,No,No,No,39 metros,432186.791099999,4873676.1727,Alto,Semiurbana
Xurela,A Coruña,Paderne,No,No,No,No,100 metros,-914344.901500002,5363561.2227,Bajo,Aislada
Cabana,A Coruña,Bergondo,No,No,No,No,100 metros,-914689.991999999,5362520.5081,Bajo,Semiurbana
Playa de Adormideras,A Coruña,A Coruña,Sí,No,No,No,15 metros,-934382.409899998,5370604.4136,Alto,Semiurbana
Los Moros,A Coruña,A Coruña,No,No,No,No,25 metros,-934293.3543,5370680.9994,Medio,Aislada
Bolera de Punta Herminia,A Coruña,A Coruña,No,No,No,No,60 metros,-934605.048900001,5370895.4429,Bajo,Aislada
San Roque,A Coruña,A Coruña,Sí,No,Sí,No,20 metros,-937176.529100001,5368797.1727,Alto,Urbana
As Mirandas,A Coruña,Ares,No,No,No,No,120 metros,-919242.959100001,5376518.6944,Bajo,Aislada
Centeas,A Coruña,Ares,No,No,No,No,30 metros,-918085.236400001,5376089.5524,Bajo,Aislada
O Coido,A Coruña,Fene,No,No,No,No,150 metros,-912018.324200001,5377024.4944,Medio,Aislada
A Ribeira,A Coruña,Fisterra,No,No,No,No,65 metros,-1031007.7279,5297507.8412,Medio,Urbana
Algaiarens,Illes Balears,Ciutadella de Menorca,No,Sí,No,No,300 metros,436595.0429,4872614.5858,Medio,Aislada
Degollador,Illes Balears,Ciutadella de Menorca,Sí,Sí,Sí,No,37 metros,426965.9069,4865084.9445,Alto,Semiurbana
Sa Caleta d'en Gorries,Illes Balears,Ciutadella de Menorca,Sí,Sí,No,No,23 metros,426832.3235,4863254.2739,Alto,Semiurbana
Son Saura,Illes Balears,Ciutadella de Menorca,No,Sí,No,No,500 metros,433511.493000001,4855354.2982,Medio,Aislada
Cala Turqueta,Illes Balears,Ciutadella de Menorca,No,Sí,No,No,100 metros,435826.9384,4856080.1367,Medio,Aislada
Cala Macarella,Illes Balears,Ciutadella de Menorca,No,Sí,No,No,105 metros,438264.835299999,4856951.213,Alto,Aislada
Cala Macarelleta,Illes Balears,Ciutadella de Menorca,No,No,No,No,48 metros,438053.328200001,4856660.8458,Alto,Aislada
Punta de Baix,Illes Balears,Eivissa,No,No,No,No,125 metros,157684.058699999,4706871.2136,Medio,Urbana
Playa d'en Bossa,Illes Balears,Eivissa,Sí,No,Sí,No,745 metros,156993.877900001,4706156.0756,Alto,Urbana
Cala Saladeta,Illes Balears,Sant Antoni de Portmany,No,No,No,No,56 metros,144592.886599999,4723032.4573,Medio,Aislada
Cala Grasioneta,Illes Balears,Sant Antoni de Portmany,Sí,Sí,No,No,17 metros,143490.823600002,4720654.6094,Medio,Semiurbana
Es Torrent,Illes Balears,Sant Josep de sa Talaia,Sí,Sí,No,No,60 metros,144581.7546,4703753.5807,Medio,Aislada
Sant Miquel,Barcelona,Barcelona,Sí,Sí,Sí,Sí,420 metros,243800.816799998,5067664.0785,Alto,Urbana
Somorrostro,Barcelona,Barcelona,Sí,Sí,Sí,No,522 metros,244401.942000002,5069014.1095,Alto,Urbana
Platja dels Militars,Barcelona,El Prat de Llobregat,No,No,No,No,800 metros,231255.110199999,5053492.7318,Bajo,Aislada
Protegida sector II,Barcelona,El Prat de Llobregat,No,No,No,No,1.000 metros,236431.466499999,5056055.6718,Bajo,Aislada
Platja Equipada,Barcelona,El Prat de Llobregat,Sí,Sí,Sí,No,1.185 metros,233893.382100001,5054544.492,Bajo,Aislada
Platja Naturista,Barcelona,El Prat de Llobregat,Sí,Sí,Sí,No,400 metros,234928.6534,5055033.3773,Bajo,Aislada
Sant Pol,Barcelona,Sant Pol de Mar,No,Sí,No,No,275 metros,291746.1215,5101188.893,Bajo,Semiurbana
Platja de la Murtra,Barcelona,Viladecans,Sí,Sí,No,No,176 metros,227826.469900001,5052367.0307,Bajo,Aislada
Cal Francès,Barcelona,Viladecans,No,No,No,No,324 metros,229674.373399999,5052929.8648,Bajo,Aislada
Platja del Remolar,Barcelona,Viladecans,No,No,No,No,845 metros,230487.0057,5053226.1065,Bajo,Aislada
Zona banys Fòrum,Barcelona,Barcelona,Sí,Sí,Sí,No,702 metros,247741.526799999,5072664.5899,Medio,Semiurbana
Playa de la Casería,Cádiz,San Fernando,Sí,No,No,No,900 metros,-690425.7458,4367494.2585,Bajo,Urbana
El Conchal,Cádiz,Puerto Real,No,No,No,No,630 metros,-691895.1631,4373948.1578,Medio,Aislada
La Ministra,Cádiz,Puerto Real,Sí,Sí,Sí,No,213 metros,-692407.232700001,4373269.346,Alto,Semiurbana
Calita de la Bocana del Río,Cádiz,Puerto Real,No,No,Sí,No,355 metros,-693832.122200001,4373089.2603,Bajo,Semiurbana
La Media Luneta,Cádiz,Puerto Real,Sí,No,Sí,No,40 metros,-689089.911899999,4373158.5237,Medio,Urbana
Playa Mangueta,Cádiz,Vejer de la Frontera,No,No,No,No,900 metros,-674251.023800001,4329514.2649,Bajo,Aislada
La Calita,Cádiz,El Puerto de Santa María,No,No,No,No,590 metros,-697717.172400001,4381057.4851,Medio,Semiurbana
Lopesa,A Coruña,Narón,No,No,No,No,20 metros,-915636.207600001,5400152.1493,Bajo,Aislada
A Hortiña,A Coruña,Narón,No,No,No,No,130 metros,-917895.993299998,5398415.9546,Bajo,Aislada
Castelo,A Coruña,Narón,No,No,No,No,225 metros,-918430.3268,5398124.06,Bajo,Aislada
O Casal,A Coruña,Narón,No,No,No,No,500 metros,-918909.000700001,5397647.8308,Bajo,Aislada
O Vilar,A Coruña,Ferrol,No,No,No,No,130 metros,-924085.357000001,5394821.6839,Medio,Semiurbana
Pena Roiba,A Coruña,Ferrol,No,No,No,No,130 metros,-924363.655699998,5395635.6486,Bajo,Semiurbana
Canteira Marracoi,A Coruña,Ferrol,No,No,No,No,50 metros,-922415.564599998,5382942.8701,Bajo,Aislada
A Caseta,A Coruña,Ferrol,No,No,No,No,45 metros,-922549.147999998,5382835.5084,Bajo,Aislada
Praia dos Curas,A Coruña,Valdoviño,No,No,No,No,30 metros,-906886.4956,5407161.6988,Bajo,Aislada
Cecilio,A Coruña,Valdoviño,No,Sí,No,No,50 metros,-911984.928300001,5405101.3238,Medio,Aislada
As Maseiras,A Coruña,Cabana de Bergantiños,No,No,No,No,40 metros,-995975.484099999,5346679.302,Bajo,Aislada
O Curro,A Coruña,Cabana de Bergantiños,No,No,No,No,52 metros,-992903.066199999,5347183.4809,Bajo,Aislada
O Lodeiro,A Coruña,Cabana de Bergantiños,No,No,No,No,90 metros,-995964.352200001,5344876.7039,Bajo,Aislada
Niñóns,A Coruña,Ponteceso,No,Sí,No,No,117 metros,-991277.801600002,5356905.7208,Bajo,Aislada
Barda Pequeña,A Coruña,Ponteceso,No,No,No,No,40 metros,-993815.886,5354963.5183,Bajo,Aislada
Niño do Corvo,A Coruña,Ponteceso,No,No,No,No,14 metros,-991711.9476,5356706.8941,Bajo,Aislada
Cala Chamoso,A Coruña,Cabanas,No,No,No,No,50 metros,-910548.9069,5376258.1416,Bajo,Aislada
Insua,A Coruña,Pontedeume,No,No,No,No,25 metros,-915079.610199999,5370818.8554,Alto,Aislada
Andahio,A Coruña,Pontedeume,Sí,No,Sí,No,200 metros,-914511.880800001,5369777.3275,Alto,Semiurbana
Abelleira,A Coruña,Paderne,No,No,No,No,100 metros,-913354.158100002,5363346.9484,Bajo,Aislada
Talón,A Coruña,Fisterra,No,No,No,No,100 metros,-1028759.0742,5301049.5324,Bajo,Aislada
Malladoira,A Coruña,Carnota,No,No,No,No,120 metros,-1014966.5893,5282990.2611,Bajo,Aislada
San Antonio,A Coruña,A Pobra do Caramiñal,No,No,No,No,200 metros,-993849.2819,5250785.5612,Bajo,Semiurbana
Sada - A Nova,A Coruña,Sada,Sí,Sí,Sí,No,315 metros,-918652.965799998,5365750.1645,Alto,Urbana
Arnela A Vella,A Coruña,Sada,No,No,No,No,20 metros,-919176.167399999,5368215.2547,Bajo,Aislada
As Fontiñas,A Coruña,Sada,No,No,No,No,60 metros,-919621.4454,5368689.9746,Bajo,Aislada
Area Pequena,Lugo,Cervo,No,No,No,No,30 metros,-829163.227200001,5418856.1068,Bajo,Aislada
Lieiro,Lugo,Cervo,Sí,No,No,No,280 metros,-830031.519200001,5418948.49,Bajo,Aislada
Paraños,Lugo,Cervo,No,No,No,No,300 metros,-831634.519900002,5419656.792,Bajo,Semiurbana
Corbeiro,Lugo,Xove,No,No,No,No,160 metros,-831890.554699998,5420010.9634,Bajo,Aislada
Reboeira,Lugo,Xove,No,No,No,No,70 metros,-838658.7797,5423553.4247,Bajo,Aislada
Celeiro,Lugo,Viveiro,Sí,No,Sí,No,100 metros,-845371.344999999,5415977.2934,Medio,Urbana
Meñakoz,Bizkaia,Barrika,No,No,No,No,400 metros,-332288.68,5372396.6863,Bajo,Aislada
Barinatxe,Bizkaia,Sopela,Sí,Sí,Sí,No,752 metros,-334259.035,5370834.1728,Alto,Aislada
Argilera,Girona,Llançà,No,No,No,No,60 metros,351446.764400002,5217530.1637,Medio,Urbana
La Gola,Girona,Llançà,No,No,No,No,60 metros,352281.660599999,5216761.6772,Bajo,Urbana
Cala Forcanera,Girona,Blanes,No,No,No,No,50 metros,312017.400699999,5112523.9874,Bajo,Aislada
Cala S'Agulla,Girona,Blanes,No,No,No,No,40 metros,313275.311000001,5113552.4046,Bajo,Aislada
Cala Rajols,Girona,Lloret de Mar,No,No,No,No,40 metros,321268.0504,5116563.7675,Bajo,Aislada
Cala Ull de Vidre,Girona,Tossa de Mar,No,No,No,No,50 metros,323616.8917,5117652.265,Bajo,Aislada
Punta Canyerets,Girona,Santa Cristina d'Aro,Sí,No,No,No,50 metros,332032.645199999,5125081.206,Medio,Aislada
Cala Canyers,Girona,Castell-Platja d'Aro,No,No,No,No,50 metros,342763.844099998,5134651.8483,Medio,Semiurbana
Cala Sant Roc,Girona,Palafrugell,No,No,No,No,10 metros,354185.223900001,5143918.0638,Bajo,Urbana
La Platgeta,Girona,Palafrugell,Sí,No,No,No,25 metros,354385.598900001,5144217.1236,Alto,Urbana
El Cau,Girona,Palafrugell,No,No,No,No,74 metros,356834.627700001,5146086.4596,Bajo,Aislada
Cala Pedrosa,Girona,Palafrugell,No,Sí,No,No,27 metros,356957.0792,5147193.279,Bajo,Aislada
El Codolar,Girona,L'Escala,No,No, ,No,100 metros,349142.4509,5179632.2138,Medio,Urbana
Cala Mar d'en Manassa,Girona,L'Escala,No,No, ,No,50 metros,348608.117400002,5179992.434,Alto,Urbana
Cala del Pedrigolet,Girona,L'Escala,No,No,No,No,13 metros,347762.089200001,5180472.7489,Bajo,Aislada
Can Comes,Girona,Castelló d'Empúries,No,No, ,No,3.750 metros,346827.0055,5194186.9703,Alto,Aislada
La Punta,Girona,Roses,Sí,Sí,Sí,No,400 metros,353951.4529,5199855.691,Alto,Urbana
Bonifaci,Girona,Roses,No,No, ,No,120 metros,356055.3913,5197539.677,Bajo,Semiurbana
Cala del Lledó,Girona,Roses,No,No, ,No,20 metros,358482.156199999,5196487.1303,Bajo,Aislada
Cala Calís,Girona,Roses,No,No, ,No,50 metros,359183.469000001,5198381.7985,Medio,Aislada
El Rincón de La China,Granada,Almuñécar,Sí,No,Sí,No,75 metros,-412438.713399999,4402066.6091,Alto,Urbana
La Veintiuna,Granada,Almuñécar,Sí,No,Sí,No,225 metros,-412694.748199999,4401941.5978,Alto,Urbana
Kapelaundi,Gipuzkoa,Hondarribia,No,No,No,No,205 metros,-200876.0211,5371263.0719,Bajo,Aislada
Errota Sein,Gipuzkoa,Hondarribia,No,No,No,No,48 metros,-202033.743799999,5370941.3957,Bajo,Aislada
Artzuportu,Gipuzkoa,Hondarribia,No,No,No,No,105 metros,-202857.508099999,5370420.6103,Bajo,Aislada
Sisurko,Gipuzkoa,Hondarribia,No,No,No,No,48 metros,-205406.724399999,5369363.8121,Bajo,Aislada
Eretzin Zabala,Gipuzkoa,Hondarribia,No,No,No,No,38 metros,-207221.232099999,5368429.6413,Bajo,Aislada
Azabaratza,Gipuzkoa,Pasaia,No,No,No,No,40 metros,-209659.129000001,5365290.9032,Bajo,Aislada
Murgita,Gipuzkoa,Donostia/San Sebastián,No,No,No,No,350 metros,-216939.423700001,5362704.1552,Bajo,Aislada
Inpernupe,Gipuzkoa,Zumaia,No,No,No,No,120 metros,-250646.965500001,5358068.1778,Bajo,Aislada
Doñana,Huelva,Almonte,No,No,No,No,28.000 metros,-722385.571600001,4432223.2992,Bajo,Aislada
Rompeculos,Huelva,Moguer,No,No,No,No,3.000 metros,-752341.646600001,4453794.4303,Bajo,Aislada
Nuevo Portil,Huelva,Cartaya,Sí,No,Sí,No,1.600 metros,-785548.250700001,4468460.5741,Alto,Semiurbana
Camino Santana,Huelva,Isla Cristina,Sí,Sí,No,No,460 metros,-813700.949900001,4466294.2896,Medio,Semiurbana
A Areosa,Lugo,Ribadeo,No,No,No,No,50 metros,-786383.146899998,5397048.7385,Bajo,Aislada
Cegoñas,Lugo,Ribadeo,No,No,No,No,40 metros,-792294.211800002,5397355.9604,Bajo,Aislada
Portiño de A Devesa,Lugo,Ribadeo,No,No,No,No,45 metros,-793129.107999999,5396649.3651,Bajo,Aislada
Os Fondas,Lugo,Foz,Sí,Sí,Sí,No,52 metros,-807300.0792,5396987.2953,Bajo,Aislada
Tupide,Lugo,Foz,Sí,Sí,Sí,No,75 metros,-807088.572099999,5399153.4134,Medio,Urbana
Sarrido,Lugo,Foz,No,No,No,No,75 metros,-811374.372499999,5402441.9661,Bajo,Aislada
Penoural,Lugo,Burela,Sí,No,Sí,No,109 metros,-818843.910399999,5413330.193,Bajo,Urbana
Portelo,Lugo,Cervo,No,No,No,No,30 metros,-827537.9626,5417947.7212,Bajo,Aislada
Pericón,Lugo,Cervo,No,No,No,No,30 metros,-828116.824000001,5418224.8463,Bajo,Urbana
Limosa,Lugo,Cervo,Sí,No,Sí,No,200 metros,-828706.817299999,5418501.9798,Medio,Semiurbana
Pereira,Lugo,O Vicedo,No,No,No,No,220 metros,-847564.339000002,5421489.3906,Nulo,Aislada
Toxido,Lugo,O Vicedo,No,No,No,No,130 metros,-849968.84,5425232.7184,Bajo,Aislada
Chamadoiro,Lugo,O Vicedo,No,No,No,No,500 metros,-856926.308200002,5424308.2987,Bajo,Aislada
Playa del Río Castor,Málaga,Estepona,No,No,No,No,880 metros,-567284.125100002,4361514.7111,Bajo,Semiurbana
Playa del Río Padrón,Málaga,Estepona,Sí,Sí,Sí,No,1.230 metros,-568219.208799999,4360905.87,Alto,Semiurbana
Río Torrox,Málaga,Torrox,No,No,No,No,230 metros,-440324.2458,4401024.8928,Bajo,Semiurbana
Playa Chica,Málaga,Torrox,Sí,No,Sí,No,50 metros,-440123.870700002,4401163.7824,Medio,Urbana
Benalnatura,Málaga,Benalmádena,Sí,Sí,No,No,65 metros,-506926.6972,4380738.6423,Alto,Semiurbana
Portmán,Murcia,La Unión,No,No,No,No,1.000 metros,-94343.2683999985,4520655.9375,Medio,Aislada
Lastre,Murcia,La Unión,No,Sí,Sí,No,50 metros,-93820.0667999983,4520262.626,Alto,Aislada
Cala del Caballo,Murcia,La Unión,No,No,No,No,100 metros,-96257.9637000002,4520248.5794,Bajo,Aislada
El Parchel,Las Palmas,San Bartolomé de Tirajana,No,No,No,No,357 metros,-1745033.2057,3217792.8066,Medio,Urbana
Pocilla Beda,Las Palmas,San Bartolomé de Tirajana,No,No,No,No,158 metros,-1740424.5788,3217289.6588,Medio,Aislada
Los Frailes,Las Palmas,Mogán,No,No,No,No,60 metros,-1751935.0142,3223655.8417,Medio,Semiurbana
Perchel,Las Palmas,Mogán,No,No,No,No,130 metros,-1756532.5091,3227645.652,Bajo,Aislada
La Arena,Las Palmas,Arrecife,No,No,Sí,No,115 metros,-1506297.4258,3372260.8863,Bajo,Semiurbana
Playa de Punta del Palo,Las Palmas,Haría,No,No,No,No,300 metros,-1494341.7125,3401789.4114,Medio,Aislada
Playa de Punta Prieta,Las Palmas,Haría,No,No,No,No,160 metros,-1494074.5457,3401394.0695,Bajo,Aislada
Punta Prieta,Las Palmas,Haría,No,No,No,No,90 metros,-1494052.2818,3401113.5115,Bajo,Aislada
Punta Escamas,Las Palmas,Haría,No,No,No,No,190 metros,-1494419.6361,3396765.632,Bajo,Aislada
Los Bonacibles,Las Palmas,Haría,No,No,No,No,280 metros,-1494786.9904,3396000.7587,Bajo,Aislada
Punta Usaje,Las Palmas,Haría,No,No,No,No,200 metros,-1494898.3099,3395414.386,Bajo,Aislada
Baja Piquiento,Las Palmas,Haría,No,No,No,No,100 metros,-1495577.3588,3395210.4365,Bajo,Aislada
Playa Marina,Las Palmas,Haría,No,No,No,No,80 metros,-1498805.624,3390354.8261,Bajo,Aislada
Vaya Querida,Las Palmas,Haría,No,No,No,No,30 metros,-1498148.839,3389526.6208,Bajo,Aislada
Charco del Palo (Piscina),Las Palmas,Haría,No,No,No,No,40 metros,-1497169.2275,3386469.0849,Alto,Semiurbana
Playa Baja del Ganado,Las Palmas,Teguise,No,No,No,No,270 metros,-1505217.6267,3409252.1404,Bajo,Aislada
Playa de los Conejos,Las Palmas,Teguise,No,No,No,No,60 metros,-1501610.8752,3407606.1464,Bajo,Aislada
Caleta del Mariscadero,Las Palmas,Tinajo,No,No,No,No,600 metros,-1531711.6655,3384520.2776,Bajo,Aislada
Piedra Mansa,Las Palmas,Tinajo,No,No,No,No,300 metros,-1527826.6153,3386227.0604,Bajo,Aislada
Pico Alto,Las Palmas,Tinajo,No,No,No,No,130 metros,-1527103.0386,3386086.943,Bajo,Aislada
Barranco del Burro,Las Palmas,Tinajo,No,No,No,No,70 metros,-1522561.2034,3388787.6509,Bajo,Aislada
La Santa (Pueblo),Las Palmas,Tinajo,No,No,No,No,130 metros,-1521281.0292,3389564.8445,Medio,Urbana
Los Risquetes,Las Palmas,Tinajo,No,No,No,No,600 metros,-1520601.9803,3389870.6382,Medio,Aislada
Caleta del Fuego,Las Palmas,Yaiza,No,No,No,No,27 metros,-1530609.6026,3359987.4734,Bajo,Aislada
Barranco de las Pilas,Las Palmas,Yaiza,No,No,No,No,250 metros,-1531789.5892,3358817.9615,Bajo,Aislada
La Colorada,Las Palmas,Yaiza,No,No,No,No,50 metros,-1532201.4713,3358296.7993,Bajo,Aislada
El Cohon,Las Palmas,Yaiza,No,No,No,No,35 metros,-1532490.902,3357979.0276,Bajo,Aislada
Caleta Larga,Las Palmas,Yaiza,No,No,No,No,350 metros,-1533125.4231,3357241.8267,Bajo,Aislada
El Pasito,Las Palmas,Yaiza,No,No,No,No,250 metros,-1533392.5898,3356733.4362,Bajo,Aislada
Playa del Cochino,Las Palmas,Yaiza,No,No,No,No,700 metros,-1537834.2375,3379706.8169,Bajo,Aislada
Playa Chica,Las Palmas,Puerto del Rosario,Sí,No,Sí,Sí,117 metros,-1543166.4411,3311412.5294,Alto,Urbana
Puerto Lajas,Las Palmas,Puerto del Rosario,Sí,No,Sí,Sí,700 metros,-1540483.6414,3316822.1176,Medio,Urbana
El Jablito,Las Palmas,La Oliva,No,No,No,No,38 metros,-1539136.6756,3325910.5996,Bajo,Semiurbana
Los Verilitos,Las Palmas,La Oliva,No,No,No,No,115 metros,-1542899.2743,3341478.1005,Alto,Urbana
De Corralejo viejo,Las Palmas,La Oliva,No,No,Sí,No,129 metros,-1543745.3025,3342074.7735,Alto,Urbana
Playa del Tebeto,Las Palmas,La Oliva,No,No,No,No,200 metros,-1562324.5255,3323628.3899,Bajo,Aislada
Playa del Valle,Las Palmas,Betancuria,Sí,No,No,No,200 metros,-1568970.2991,3310310.6102,Bajo,Semiurbana
Espiñeira,Pontevedra,Sanxenxo,Sí,Sí,Sí,Sí,75 metros,-987537.466699999,5226741.7908,Alto,Semiurbana
Playa fluvial río Lérez,Pontevedra,Pontevedra,Sí,Sí,Sí,No,100 metros,-961032.296,5227812.7913,Medio,Semiurbana
Fedorento,Pontevedra,Bueu,No,No,No,No,50 metros,-995363.2269,5214727.7494,Bajo,Aislada
Das Dornas,Pontevedra,Bueu,No,No,Sí,No,100 metros,-994227.768100001,5217650.7163,Bajo,Semiurbana
Cova do Asno,Pontevedra,Redondela,No,No,No,No,20 metros,-959518.350900002,5208222.1149,Bajo,Semiurbana
Callejoncitos,Santa Cruz de Tenerife,Garafía,No,No,No,No,100 metros,-2000600.4927,3352095.2756,Bajo,Aislada
La Veta,Santa Cruz de Tenerife,Tijarafe,No,No,No,No,50 metros,-2001479.9167,3340297.5286,Bajo,Aislada
Playa La Grimona,Santa Cruz de Tenerife,Los Realejos,No,No,No,No,300 metros,-1848872.0267,3298688.9871,Medio,Semiurbana
Los Roques,Santa Cruz de Tenerife,San Juan de la Rambla,No,No,No,No,300 metros,-1852912.9243,3299220.4754,Bajo,Semiurbana
Playa Punta Brava,Santa Cruz de Tenerife,Puerto de la Cruz,Sí,Sí,Sí,No,260 metros,-1843840.3858,3300865.6916,Alto,Urbana
Cho Vito,Santa Cruz de Tenerife,Candelaria,No,No,Sí,No,60 metros,-1821142.3416,3296993.4272,Alto,Urbana
Playa del Alcalde,Santa Cruz de Tenerife,Candelaria,No,No,No,No,30 metros,-1822233.2726,3293919.1896,Alto,Urbana
Playa de Punta Larga,Santa Cruz de Tenerife,Candelaria,No,No,No,No,230 metros,-1821665.5432,3295057.7141,Medio,Urbana
Olegario,Santa Cruz de Tenerife,Candelaria,No,No,No,No,90 metros,-1822055.1614,3294248.0868,Alto,Urbana
El Pozo,Santa Cruz de Tenerife,Candelaria,No,No,Sí,No,50 metros,-1822166.4809,3294146.8868,Alto,Urbana
La Rajita,Santa Cruz de Tenerife,Granadilla de Abona,No,No,No,No,40 metros,-1838541.578,3256792.8222,Bajo,Aislada
El Callao,Santa Cruz de Tenerife,Arona,No,No,No,No,400 metros,-1860159.8231,3254383.5755,Medio,Urbana
El Beril,Santa Cruz de Tenerife,Adeje,Sí,No,No,No,340 metros,-1864367.6999,3260729.2669,Alto,Urbana
Aguadulce,Santa Cruz de Tenerife,Guía de Isora,No,No,No,No,215 metros,-1871380.8278,3271471.9949,Medio,Aislada
Las Ceras,Santa Cruz de Tenerife,Arico,No,No,No,No,200 metros,-1828756.5948,3272406.5488,Bajo,Semiurbana
El Caletón,Santa Cruz de Tenerife,Arico,No,No,No,No,70 metros,-1829457.9075,3268744.4778,Medio,Semiurbana
Las Caletillas,Santa Cruz de Tenerife,Arico,No,No,No,No,30 metros,-1828712.067,3268113.1865,Bajo,Semiurbana
Abades,Santa Cruz de Tenerife,Arico,No,No,No,No,130 metros,-1830749.2136,3266017.5109,Alto,Aislada
Las Maretas,Santa Cruz de Tenerife,Arico,No,No,No,No,250 metros,-1834612.0,3261372.8329,Medio,Semiurbana
El Cabezo,Santa Cruz de Tenerife,Granadilla de Abona,No,No,Sí,No,240 metros,-1840467.4052,3254736.7367,Alto,Urbana
Playa Chica,Santa Cruz de Tenerife,Granadilla de Abona,Sí,No,Sí,No,100 metros,-1840845.8915,3254522.3163,Alto,Urbana
Leocadio Machado,Santa Cruz de Tenerife,Granadilla de Abona,No,No,Sí,No,420 metros,-1841480.4125,3254043.0359,Alto,Semiurbana
Playa de Los Tarajales,Santa Cruz de Tenerife,Arona,No,No,Sí,No,280 metros,-1860248.8787,3254799.8022,Medio,Urbana
Callao Chico,Santa Cruz de Tenerife,Guía de Isora,No,No,No,No,60 metros,-1874319.6623,3276587.575,Alto,Semiurbana
Fonsalia,Santa Cruz de Tenerife,Guía de Isora,No,No,No,No,135 metros,-1872516.2866,3272482.3263,Medio,Urbana
Los Abrigos,Santa Cruz de Tenerife,Granadilla de Abona,No,No,No,No,50 metros,-1847424.8734,3252668.3517,Alto,Urbana
Playa Chica,Santa Cruz de Tenerife,Santa Cruz de Tenerife,No,No,No,No,100 metros,-1800347.8607,3314110.7153,Medio,Semiurbana
Radazul,Santa Cruz de Tenerife,El Rosario,No,Sí,Sí,No,30 metros,-1817390.8747,3299714.0191,Alto,Urbana
Platja Perales,Tarragona,L'Ampolla,No,No,No,No,100 metros,81864.3535000011,4986416.2615,Bajo,Semiurbana
Malvarrosa,Valencia/València,Sagunto/Sagunt,No,Sí,No,No,1.200 metros,-21250.8907999992,4824858.8957,Bajo,Semiurbana
Goleta,Valencia/València,Tavernes de la Valldigna,No,Sí,Sí,Sí,790 metros,-24501.4199000001,4736091.9207,Medio,Urbana
Mareny,Valencia/València,Tavernes de la Valldigna,No,No,No,No,2.900 metros,-23087.6623999998,4732190.9528,Bajo,Semiurbana / Aislada
Els Peixets,Valencia/València,Alboraya,No,No,No,No,690 metros,-36000.7232999988,4793028.1134,Bajo,Aislada
Cabanyal,Valencia/València,Valencia,Sí,Sí,Sí,Sí,1.800 metros,-35800.3482000008,4788758.9582,Alto,Urbana
L'Arbre del Gos,Valencia/València,Valencia,Sí,Sí,Sí,Sí,2.500 metros,-36802.2237000018,4779750.6554,Bajo,Aislada
La Garrofera,Valencia/València,Valencia,Sí,Sí,Sí,Sí,2.100 metros,-35032.2437999994,4772952.9344,Medio,Semiurbana / Aislada
Vistabella,Valencia/València,Valencia,No,No,No,No,950 metros,-32460.7635000013,4801297.5593,Bajo,Aislada
La Llastra,Valencia/València,Sueca,Sí,sí,Sí,No,850 metros,-29800.2276999988,4759845.7299,Alto,Urbana
Playa de la Escollera,Valencia/València,Cullera,No,Sí,No,No,500 metros,-26727.809700001,4744099.3554,Medio,Aislada
Horcas Coloradas,Melilla,Melilla,Sí,Sí,Sí,No,400 metros,-327524.205800001,4205216.0943,Medio,Urbana
El Lance del Bordenares,Almería,Mojácar,No,No,No,No,691 metros,-206486.523499999,4447598.8647,Bajo,Aislada
Barranco de Enmedio,Granada,Almuñécar,No,No,No,No,190 metros,-405659.356400002,4403455.7226,Bajo,Aislada
El Corral,Almería,Carboneras,No,No,No,No,250 metros,-211473.636700001,4433867.1271,Alto,Aislada
Salpatx,Girona,L'Escala,No,No,No,No,170 metros,351524.688000001,5178401.5643,Bajo,Aislada
Cala Marquesa,Girona,Palafrugell,No,No,No,No,17 metros,358014.614300001,5149616.7639,Bajo,Aislada
Cala Comtessa,Illes Balears,Calvià,Sí,Sí,Sí,No,75 metros,288362.009,4798727.9606,Alto,Semiurbana
Santa Cruz de la Palma,Santa Cruz de Tenerife,Santa Cruz de la Palma,Sí,Sí,Sí,No,1.230 metros,-1977279.0594,3335550.9122,Bajo,Urbana
Cala del Bergantín,Almería,Níjar,No,No,No,No,70 metros,-222627.849599998,4418706.2015,Bajo,Aislada
Playa Illa de Buda,Tarragona,Sant Jaume d'Enveja,No,No,No,No,4.000 metros,96781.1653000005,4968338.7646,Bajo,Aislada
La Paloma,Málaga,Casares,Sí,Sí,No,No,800 metros,-580019.0748,4353325.9203,Alto,Urbana
Playa Ancha,Málaga,Casares,Sí,Sí,No,Sí,1.300 metros,-580753.783500001,4352952.5938,Alto,Urbana
Torre de la Miel,Málaga,Nerja,No,No,No,No,530 metros,-423971.412599999,4404289.2776,Bajo,Aislada
El Faro,Málaga,Mijas,Sí,Sí,No,No,1.800 metros,-516054.895399999,4371150.0677,Bajo,Semiurbana
La Caleta de Maro,Málaga,Nerja,No,No,No,No,250 metros,-427945.5185,4404817.2294,Bajo,Aislada
Puntas del Moro,Alicante/Alacant,Villajoyosa/La Vila Joiosa,No,Sí,No,No,210 metros,-26661.0179999992,4650259.1642,Bajo,Semiurbana
El Pinet,Alicante/Alacant,Santa Pola,No,No,No,No,1.750 metros,-68372.4312000014,4604007.1011,Bajo,Aislada
Cala del Cuartel,Alicante/Alacant,Santa Pola,No,No,No,No,60 metros,-56539.1693999991,4609120.2254,Medio,Aislada
Caleta dels Gossets,Alicante/Alacant,Santa Pola,No,No,No,No,60 metros,-56516.9054999985,4609814.446,Medio,Aislada
El Negro,Málaga,Manilva,No,No,No,No,1.400 metros,-583191.680300001,4346414.5667,Medio,Semiurbana
Cala de El Sillón,Málaga,Torrox,No,No,No,No,100 metros,-440591.412599999,4401066.5595,Bajo,Semiurbana
Algarrobo,Málaga,Algarrobo,Sí,Sí,Sí,Sí,940 metros,-451266.9518,4403733.567,Alto,Urbana
Mezquitilla,Málaga,Algarrobo,Sí,No,No,No,730 metros,-450276.208299998,4403552.9673,Alto,Urbana
Castillo,Málaga,Fuengirola,Sí,Sí,Sí,Sí,800 metros,-515186.603399999,4372853.7682,Alto,Semiurbana
Poniente,Murcia,San Javier,No,No,No,No,900 metros,-82510.0066,4537160.2685,Medio / Bajo,Semiurbana
El Pedruchillo,Murcia,San Javier,No,Sí,Sí,No,500 metros,-82721.5135999992,4537962.2507,Alto,Urbana
Esculls de la Llana y Encañizadas,Murcia,San Javier,No,No,No,No,1.200 metros,-83133.3957000002,4548478.1461,Bajo,Aislada
Escollera de Levante,Murcia,San Javier,No,No,No,No,800 metros,-80840.2142000012,4543676.4007,Bajo,Semiurbana
Banco del Tabal,Murcia,San Javier,No,Sí,Sí,No,1.400 metros,-81307.756099999,4533756.048,Medio,Urbana
Los cocedores,Murcia,Águilas,No,No,No,No,150 metros,-181383.978300001,4491562.6827,Medio,Aislada
Calabarrilla,Murcia,Águilas,No,No,No,No,30 metros,-171576.731199998,4497700.055,Bajo,Aislada
Pocico del Animal,Murcia,Águilas,No,No,No,No,65 metros,-164363.2282,4503658.7002,Bajo,Aislada
Cala Encarná,Murcia,Águilas,No,No,No,No,100 metros,-163550.595899999,4504977.0696,Bajo,Aislada
Treumal,Girona,Lloret de Mar,Sí,No,No,No,115 metros,313609.269499999,5114193.3581,Alto,Semiurbana
Cala Morisca,Girona,Tossa de Mar,No,No,No,No,40 metros,322481.4329,5116966.3481,Bajo,Aislada
La Espasa,Asturias,Caravia,Sí,Sí,Sí,No,1.150 metros,-580297.373599999,5384430.7243,Alto,Semiurbana
Porcía,Asturias,Tapia de Casariego,Sí,No,Sí,No,225 metros,-765677.7216,5397878.2612,Medio / Alto,Semiurbana
Oyambre,Cantabria,San Vicente de la Barquera,Sí,Sí,No,No,1.800 metros,-483048.6664,5372549.888,Medio,Aislada
La Arena,Bizkaia,Muskiz,Sí,Sí,Sí,No,960 metros,-347494.922499999,5365122.513,Alto,Semiurbana
Cala Montgó,Girona,Torroella de Montgrí,Sí,Sí,Sí,Sí,210 metros,352715.806600001,5177066.0395,Alto,Urbana
Micaela,Cádiz,Chipiona,No,Sí,No,Sí,320 metros,-715205.464400001,4403455.7226,Medio,Urbana
Entorno costero Grao Vell,Valencia/València,Sagunto/Sagunt,No,No,No,No,3.300 metros,-27028.3724000007,4812565.3824,Bajo,Semiurbana / Aislada
Port-Saplaya Sur,Valencia/València,Alboraya,No,No,Sí,No,950 metros,-35856.0080000013,4794398.6668,Medio,Urbana
Torreta de Santa Elvira,Valencia/València,"Puig de Santa Maria, el",No,No,Sí,No,750 metros,-30033.9985999987,4807132.13,Medio,Semiurbana
Barri de Pescadors,Valencia/València,"Puig de Santa Maria, el",No,No,No,No,480 metros,-30546.0683000013,4804763.2309,Bajo,Semiurbana
Medicalia,Valencia/València,"Puig de Santa Maria, el",No,Sí,No,No,330 metros,-31213.9851999991,4803290.1739,Bajo,Semiurbana
San Bruno,Huelva,Ayamonte,Sí,Sí,Sí,No,1.900 metros,-822406.134100001,4463541.6536,Medio,Aislada
El Parador,Huelva,Moguer,Sí,Sí,Sí,Sí,2.000 metros,-753644.084600002,4454604.029,Medio,Aislada
Els Pinets,Alicante/Alacant,Benissa,No,No,No,No,60 metros,10007.622200001,4673955.4938,Alto,Semiurbana
La Fustera,Alicante/Alacant,Benissa,No,Sí,Sí,Sí,110 metros,9762.71930000186,4673755.8963,Alto,Semiurbana
Playa Les Marines,Castellón/Castelló,Nules,Sí,Sí,Sí,Sí,680 metros,-12657.0260999985,4840051.4432,Medio,Urbana
L'Aluet,Tarragona,Amposta,No,No,No,No,1.900 metros,84190.9309,4959620.611,Medio,Aislada
Migjorn,Tarragona,Sant Jaume d'Enveja,No,Sí,No,No,1.300 metros,95133.6367999986,4965769.4779,Bajo,Aislada
Cala Bea,Tarragona,Vandellòs i l'Hospitalet de l'Infant,No,No,No,No,150 metros,100499.236299999,5008979.2504,Bajo,Aislada
Sol de Riu,Tarragona,Alcanar,No,No,No,No,70 metros,57273.8779999986,4942251.4783,Bajo,Aislada
La Platjola,Tarragona,Alcanar,No,No,No,No,230 metros,57663.496199999,4943686.7468,Bajo,Aislada
Platja de Paletes,Tarragona,Alcanar,No,No,No,No,50 metros,59589.3233999982,4947979.1589,Bajo,Aislada
Platja de L'Estanyet,Tarragona,Alcanar,No,No,No,No,165 metros,58086.5102999993,4944580.2341,Bajo,Aislada
Codolar del Montecarlo,Tarragona,Alcanar,No,No,No,No,50 metros,61659.8660000004,4950558.4395,Bajo,Aislada
Galeones,Cádiz,Rota,Sí,Sí,No,Sí,420 metros,-706722.919300001,4386950.8576,Bajo,Urbana
Preguntoiro,Pontevedra,Vilagarcía de Arousa,Sí,No, ,No,450 metros,-978576.247699998,5249333.948,Medio,Aislada
Mougás,Pontevedra,Oia,No,No,No,No,85 metros,-989084.807599999,5168607.0691,Bajo,Urbana
Sant Pere Pescador,Girona,Sant Pere Pescador,Sí,Sí,Sí,No,6.400 metros,346504.179000001,5185472.4663,Medio,Semiurbana
S'Arenal de Portocolom,Illes Balears,Felanitx,Sí,Sí,No,Sí,150 metros,364070.3946,4781926.3211,Medio,Semiurbana
Cala Penyas Rotges,Illes Balears,Calvià,Sí,No,Sí,No,100 metros,275972.149599999,4792306.8448,Medio,Urbana
Santa Isabel,A Coruña,Corcubión,Sí,Sí,No,No,100 metros,-1023304.4191,5304060.2629,Alto,Urbana
Playa del Puerto,A Coruña,Corcubión,No,No,Sí,No,150 metros,-1023360.0789,5303649.6517,Bajo,Urbana
A Basteira,A Coruña,Cariño,Sí,No,No,No,516 metros,-876262.503699999,5424138.8318,Medio,Urbana
Protegida sector I,Barcelona,El Prat de Llobregat,No,No,No,No,2.700 metros,232357.173099998,5053907.4968,Bajo,Aislada
Platja de la Pineda,Barcelona,Viladecans,Sí,Sí,Sí,No,1.255 metros,228249.483899999,5052470.7082,Bajo,Aislada
Rosamunda,Cantabria,Santander,No,No,No,No,50 metros,-426587.420699999,5385903.4751,Bajo,Semiurbana
La Tablía,Cantabria,Suances,Sí,No,No,No,250 metros,-451311.479600001,5378250.7906,Bajo,Aislada
Ensenada de Fonfría,Cantabria,Ruiloba,Sí,No,No,No,80 metros,-474777.628199998,5371768.5855,Bajo,Semiurbana
La Laja,Las Palmas,Las Palmas de Gran Canaria,No,Sí,No,No,1.200 metros,-1716535.4161,3256654.0582,Bajo,Semiurbana
Cala Portitxol,Alicante/Alacant,Teulada,No,No,No,No,80 metros,15517.936999999,4676907.1409,Bajo,Urbana
Cala Nostra,Alicante/Alacant,El Campello,No,No,No,No,35 metros,-41266.1352000013,4642325.1835,Bajo,Semiurbana
Cala Llop Marí,Alicante/Alacant,El Campello,No,No,No,No,200 metros,-42034.2397000007,4641685.6138,Bajo,Semiurbana
Punta del Riu,Alicante/Alacant,El Campello,No,No,No,No,400 metros,-43470.2611999996,4638559.4021,Bajo,Semiurbana
Vista Mar,Alicante/Alacant,Pilar de la Horadada,No,Sí,No,No,120 metros,-83745.6528999992,4563587.8183,Alto,Urbana
El Cros,Girona,Llançà,No,No,No,No,110 metros,351624.875599999,5218690.5459,Medio,Urbana
Sota d'en Canals,Girona,Llançà,No,No,No,No,100 metros,351580.347800002,5218630.2628,Medio,Urbana
Sant Jordi,Girona,Llançà,No,No,No,No,50 metros,351357.708799999,5217726.0624,Medio,Urbana
El Morer,Girona,Llançà,No,No,No,No,40 metros,352315.056400001,5215978.1866,Bajo,Urbana
Bol Roig,Girona,L'Escala,No,No,No,No,250 metros,351190.729600001,5178596.6566,Bajo,Aislada
Arealonga,Lugo,Foz,Sí,Sí,Sí,No,850 metros,-812810.394000001,5404363.3907,Bajo,Semiurbana
Alabortza,Gipuzkoa,Pasaia,Sí,Sí,No,No,12 metros,-214022.853,5362841.8928,Medio,Aislada
Los Enebrales,Huelva,Punta Umbría,Sí,Sí,No,No,2.300 metros,-778568.518599998,4465665.4516,Bajo,Aislada
El Cable,Granada,Motril,Sí,Sí,Sí,No,511 metros,-393169.309500001,4400386.0237,Medio,Urbana
O Burgo,Pontevedra,Baiona,Sí,No,Sí,No,50 metros,-983685.8123,5178026.398,Alto,Urbana
Bouzas,Pontevedra,Vigo,Sí,Sí,Sí,No,450 metros,-974691.197500002,5194728.1342,Medio,Urbana
Do Porto,Pontevedra,Oia,No,No,No,No,85 metros,-988171.987799998,5161413.8597,Bajo,Urbana
Das Eiras,Pontevedra,O Rosal,No,No,Sí,No,200 metros,-977095.6985,5149736.4581,Medio,Semiurbana
Atalaia,Pontevedra,Tomiño,No,No,No,No,50 metros,-973867.4333,5153702.1774,Medio,Aislada
Carregal,Pontevedra,Tomiño,No,No,No,No,30 metros,-968824.660300002,5158583.0227,Bajo,Aislada
Cala del Vigatà,Girona,Sant Feliu de Guíxols,No,No,No,No,150 metros,336797.119399998,5127185.6279,Bajo,Semiurbana
Can Dell,Girona,Sant Feliu de Guíxols,No,No,No,No,250 metros,334693.181000002,5126663.2105,Bajo,Semiurbana
Cala Urgell,Girona,Sant Feliu de Guíxols,No,No,No,No,150 metros,333646.777800001,5125767.7042,Bajo,Aislada
San Miguel,Huelva,Cartaya,Sí,No,No,Sí,2.000 metros,-789678.2038,4469173.4488,Bajo,Semiurbana
Los Haraganes,Huelva,Ayamonte,Sí,Sí,No,No,1.500 metros,-818843.910399999,4463667.3929,Bajo,Semiurbana
L'Estanyol,Castellón/Castelló,Moncofa,No,No,No,Sí,560 metros,-16742.4514000006,4833053.3335,Bajo,Semiurbana
Beniesma,Castellón/Castelló,Moncofa,Sí,No,No,No,1.300 metros,-16185.8539999984,4834009.3071,Bajo,Aislada
Cala de las Petxinas,Castellón/Castelló,Peníscola/Peñíscola,No,No,No,No,50 metros,38538.8077000007,4909108.2676,Bajo,Aislada
Suacasa,Pontevedra,Vigo,No,No,No,No,54 metros,-966108.464699998,5200592.7231,Bajo,Semiurbana
Ríos de dentro,Pontevedra,Vigo,Sí,No,No,No,50 metros,-967644.673700001,5199584.9589,Bajo,Urbana
Calo del Faro,Pontevedra,Vigo,No,No,No,No,24 metros,-968835.792300001,5199840.6501,Bajo,Aislada
Serral,Pontevedra,Vigo,No,No,No,No,52 metros,-979099.449299999,5190489.8419,Bajo,Semiurbana
Cala María,Tarragona,L'Ampolla,No,No,No,No,60 metros,80695.4989,4985430.69,Bajo,Aislada
A Lamiña,Pontevedra,A Guarda,Sí,Sí,No,No,750 metros,-986435.4038,5142721.9182,Medio,Aislada
Chancelas pequena,Pontevedra,Poio,Sí,No,No,No,140 metros,-970171.626200002,5224389.0329,Alto,Semiurbana
Torre San Saturnino,Pontevedra,Cambados,No,No,No,No,140 metros,-981938.096299998,5237245.8543,Medio,Urbana
El Cuerno,Asturias,Castrillón,Sí,Sí,No,No,100 metros,-664432.644699998,5400597.7739,Bajo,Urbana
Chouréu,Asturias,Valdés,No,No,No,No,170 metros,-717186.951400001,5397402.0446,Bajo,Aislada
Escanu,Asturias,Colunga,Sí,No,No,No,130 metros,-586442.209399998,5390676.1816,Medio,Urbana
Do Portelo,A Coruña,Oleiros,No,No,No,No,35 metros,-928449.081,5368337.7608,Bajo,Aislada
A Covasa,A Coruña,Ribeira,No,No,No,No,10 metros,-1004725.1961,5239148.7017,Bajo,Aislada
Corbeiro,A Coruña,Fisterra,No,No,No,No,20 metros,-1031018.8598,5297021.5333,Bajo,Semiurbana
Arliña,A Coruña,Muxía,No,No,No,No,60 metros,-1026465.8927,5325909.4663,Bajo,Urbana / Aislada
Rego Dos Coiros,A Coruña,Camariñas,No,No,No,No,100 metros,-1019931.4385,5331612.3669,Medio,Aislada
Playa de As Sisargas,A Coruña,Malpica de Bergantiños,No,No,No,No,50 metros,-983730.340100002,5366653.4446,Bajo,Aislada
Sarridal,A Coruña,Ortigueira,No,No,No,No,1.050 metros,-865798.4716,5424323.705,Bajo,Aislada
Ribeira do Carro,A Coruña,Ortigueira,No,No,No,No,1.000 metros,-864852.255899999,5424970.7901,Bajo,Aislada
Boliches-Las Gaviotas,Málaga,Fuengirola,Sí,Sí,Sí,Sí,2.800 metros,-513049.269200001,4377717.0378,Alto,Urbana
Fuengirola,Málaga,Fuengirola,Sí,Sí,Sí,Sí,1.550 metros,-514529.818399999,4374585.4487,Alto,Urbana
Carvajal,Málaga,Fuengirola,Sí,Sí,Sí,Sí,1.200 metros,-511613.247699998,4378895.0849,Alto,Urbana
La Caleta de Hermigua,Santa Cruz de Tenerife,Hermigua,Sí,Sí,Sí,No,300 metros,-1910977.1707,3270790.064,Bajo,Aislada
Arenales del Sol,Alicante/Alacant,Elche/Elx,No,Sí,Sí,Sí,2.300 metros,-57618.9684000015,4615851.8861,Alto,Urbana
La Jaquita,Santa Cruz de Tenerife,Guía de Isora,Sí,Sí,Sí,Sí,205 metros,-1874052.4956,3275071.6454,Medio,Semiurbana
Ses Illetes,Illes Balears,Calvià,Sí,No,Sí,No,100 metros,288473.328400001,4799045.5158,Alto,Urbana
La Ventilla,Almería,Roquetas de Mar,Sí,Sí,Sí,No,1.100 metros,-287727.4879,4410459.6115,Bajo,Semiurbana
Lance Nuevo,Almería,Mojácar,Sí,Sí,Sí,Sí,359 metros,-204638.619899999,4455329.9289,Alto,Urbana
Punta del Cantal,Almería,Mojácar,Sí,Sí,Sí,Sí,601 metros,-204204.473900001,4455637.0554,Alto,Urbana
Vista de los Angeles,Almería,Mojácar,Sí,No,Sí,No,399 metros,-203759.195900001,4457242.6346,Alto,Urbana
Piedra de Villazar,Almería,Mojácar,Sí,No,No,Sí,298 metros,-203703.536200002,4457661.5215,Alto,Urbana
El Palmeral,Almería,Mojácar,Sí,No,No,No,596 metros,-203235.9943,4459211.5473,Bajo,Urbana
Sa Tamardia,Girona,Palamós,No,No,No,No,80 metros,349899.423500001,5139224.0514,Medio,Semiurbana
Ventanicas,Almería,Mojácar,No,No,No,Sí,502 metros,-205395.592500001,4454087.5537,Medio,Urbana
Torre Bahía,Almería,Mojácar,Sí,Sí,Sí,No,386 metros,-205150.689599998,4454631.9473,Medio,Urbana
Platja del Camaril,Tarragona,Alcanar,No,No,No,No,445 metros,57930.6629999988,4944301.9261,Bajo,Aislada
Caletes del Riu Senia,Tarragona,Alcanar,No,No,No,No,50 metros,57407.4613999985,4942778.6954,Bajo,Aislada
Venta del Bancal,Almería,Mojácar,No,No,No,Sí,787 metros,-205562.571699999,4453431.5268,Medio,Urbana
Praia de San Valentín,A Coruña,Fene,,,,No,350 metros,-909395.591800001,5385310.2327,Alto,
Praia do Carril,A Coruña,Fene,,,,No,350 metros,-911860.1862,5383087.4774,Bajo,
Praia de Maniños,A Coruña,Fene,,,,No,800 metros,-913083.872699998,5382196.1114,Alto,
